2026-05-07 10:21:27,000 [INFO] vk_bot: Бот запущен (упрощённая версия: только рассылка основного сообщения)
2026-05-07 10:21:43,103 [INFO] vk_bot: Рассылка: отправка в чат 2000000001
2026-05-07 10:27:29,955 [INFO] vk_bot: Бот запущен (только рассылка основного сообщения с кнопкой)
2026-05-07 10:27:41,529 [INFO] vk_bot: Рассылка: отправка в чат 2000000001
2026-05-07 20:22:35,901 [INFO] vk_bot: Бот запущен (версия с кнопкой «Присоединиться к нам!»)
2026-05-07 20:23:46,161 [INFO] vk_bot: Рассылка в чат 2000000001
2026-05-07 20:24:09,950 [INFO] vk_bot: GZOV запущен, чатов: 1
2026-05-07 20:24:10,562 [INFO] vk_bot: Чат 2000000002 удалён из рассылки: [7] permission to perform this action is denied: the user was kicked out of the conversation
2026-05-07 20:24:32,097 [INFO] vk_bot: GZOV запущен, чатов: 10
2026-05-07 20:24:32,611 [INFO] vk_bot: Чат 2000000002 удалён из рассылки: [7] permission to perform this action is denied: the user was kicked out of the conversation
2026-05-07 20:24:33,525 [ERROR] vk_bot: Ошибка отправки в чат 2000000004: [917] You don't have access to this chat
2026-05-07 20:24:33,928 [ERROR] vk_bot: Ошибка отправки в чат 2000000005: [917] You don't have access to this chat
2026-05-07 20:24:34,368 [ERROR] vk_bot: Ошибка отправки в чат 2000000006: [917] You don't have access to this chat
2026-05-07 20:24:34,782 [ERROR] vk_bot: Ошибка отправки в чат 2000000007: [917] You don't have access to this chat
2026-05-07 20:24:35,198 [ERROR] vk_bot: Ошибка отправки в чат 2000000008: [917] You don't have access to this chat
2026-05-07 20:24:35,668 [ERROR] vk_bot: Ошибка отправки в чат 2000000009: [917] You don't have access to this chat
2026-05-07 20:24:36,086 [ERROR] vk_bot: Ошибка отправки в чат 2000000010: [917] You don't have access to this chat
2026-05-07 20:24:36,503 [ERROR] vk_bot: Ошибка отправки в чат 2000000011: [917] You don't have access to this chat
2026-05-07 20:25:11,875 [INFO] vk_bot: Рассылка в чат 2000000001
2026-05-07 20:28:38,761 [INFO] vk_bot: Бот запущен (только рассылка основного сообщения с кнопкой)
2026-05-07 20:28:52,955 [INFO] vk_bot: Рассылка: отправка в чат 2000000001
2026-05-07 20:29:10,143 [INFO] vk_bot: Рассылка: отправка в чат 2000000001
2026-05-07 20:32:43,226 [INFO] vk_bot: Бот запущен (только рассылка основного сообщения с кнопкой)
2026-05-07 20:33:19,736 [INFO] vk_bot: Рассылка: отправка в чат 2000000001
2026-05-07 20:36:32,155 [INFO] vk_bot: Бот запущен (только рассылка основного сообщения с кнопкой)
2026-05-07 20:36:52,974 [INFO] vk_bot: Рассылка: отправка в чат 2000000001
2026-05-07 20:37:30,528 [INFO] vk_bot: GZOV запущен. Целевых чатов: 9
2026-05-07 20:37:30,529 [INFO] vk_bot: GZOV: отправка в чат 2000000003
2026-05-07 20:37:31,146 [INFO] vk_bot: GZOV: отправка в чат 2000000004
2026-05-07 20:37:31,553 [WARNING] vk_bot: Chat 2000000004: ошибка доступа. Рассылка приостановлена.
2026-05-07 20:37:31,553 [WARNING] vk_bot: GZOV остановлен. Обработано чатов: 1
2026-05-07 20:39:55,158 [INFO] vk_bot: Бот запущен (только рассылка основного сообщения с кнопкой)
2026-05-07 20:40:23,340 [INFO] vk_bot: Рассылка: отправка в чат 2000000001
2026-05-07 20:40:23,340 [INFO] vk_bot: upload_message_photo: начинаем загрузку, message_photo_path=photos/main_photo.jpg
2026-05-07 20:40:23,340 [INFO] vk_bot: attachment уже готов: photos/main_photo.jpg
2026-05-07 20:41:24,662 [INFO] vk_bot: Бот запущен (только рассылка основного сообщения с кнопкой)
2026-05-07 20:41:35,257 [INFO] vk_bot: Рассылка: отправка в чат 2000000001
2026-05-07 20:41:35,257 [INFO] vk_bot: upload_message_photo: начинаем загрузку, message_photo_path=photos/main_photo.jpg
2026-05-07 20:41:35,257 [INFO] vk_bot: attachment уже готов: photos/main_photo.jpg
2026-05-07 20:51:25,781 [INFO] vk_bot: Бот запущен (только рассылка основного сообщения с кнопкой)
2026-05-07 20:51:40,499 [INFO] vk_bot: Рассылка: отправка в чат 2000000001
2026-05-07 20:51:40,499 [INFO] vk_bot: upload_message_photo: начинаем загрузку, message_photo_path=photo574393629_457242358_b6eb5a82321fba1977
2026-05-07 20:51:40,500 [INFO] vk_bot: attachment уже готов: photo574393629_457242358_b6eb5a82321fba1977
2026-05-07 20:57:46,321 [INFO] vk_bot: Бот запущен (только рассылка основного сообщения с кнопкой)
2026-05-07 20:57:54,499 [INFO] vk_bot: upload_message_photo: начинаем загрузку, message_photo_path=photo574393629_457242358_b6eb5a82321fba1977
2026-05-07 20:57:54,499 [INFO] vk_bot: attachment уже готов: photo574393629_457242358_b6eb5a82321fba1977
2026-05-07 20:58:19,974 [INFO] vk_bot: GZOV запущен. Целевых чатов: 9
2026-05-07 20:58:19,975 [INFO] vk_bot: GZOV: отправка в чат 2000000003
2026-05-07 20:58:19,975 [INFO] vk_bot: upload_message_photo: начинаем загрузку, message_photo_path=photo574393629_457242358_b6eb5a82321fba1977
2026-05-07 20:58:19,976 [INFO] vk_bot: attachment уже готов: photo574393629_457242358_b6eb5a82321fba1977
2026-05-07 20:58:20,594 [INFO] vk_bot: GZOV: отправка в чат 2000000004
2026-05-07 20:58:20,594 [INFO] vk_bot: upload_message_photo: начинаем загрузку, message_photo_path=photo574393629_457242358_b6eb5a82321fba1977
2026-05-07 20:58:20,594 [INFO] vk_bot: attachment уже готов: photo574393629_457242358_b6eb5a82321fba1977
2026-05-07 20:58:21,056 [WARNING] vk_bot: Chat 2000000004: ошибка доступа. Рассылка приостановлена.
2026-05-07 20:58:21,056 [WARNING] vk_bot: GZOV остановлен. Обработано чатов: 1
2026-05-07 21:33:39,924 [INFO] vk_bot: GZOV запущен. Целевых чатов: 9
2026-05-07 21:33:39,924 [INFO] vk_bot: GZOV: отправка в чат 2000000003
2026-05-07 21:33:39,925 [INFO] vk_bot: upload_message_photo: начинаем загрузку, message_photo_path=photo574393629_457242358_b6eb5a82321fba1977
2026-05-07 21:33:39,925 [INFO] vk_bot: attachment уже готов: photo574393629_457242358_b6eb5a82321fba1977
2026-05-07 21:33:44,119 [INFO] vk_bot: GZOV: отправка в чат 2000000004
2026-05-07 21:33:44,119 [INFO] vk_bot: upload_message_photo: начинаем загрузку, message_photo_path=photo574393629_457242358_b6eb5a82321fba1977
2026-05-07 21:33:44,119 [INFO] vk_bot: attachment уже готов: photo574393629_457242358_b6eb5a82321fba1977
2026-05-07 21:33:44,623 [INFO] vk_bot: GZOV: отправка в чат 2000000005
2026-05-07 21:33:44,623 [INFO] vk_bot: upload_message_photo: начинаем загрузку, message_photo_path=photo574393629_457242358_b6eb5a82321fba1977
2026-05-07 21:33:44,623 [INFO] vk_bot: attachment уже готов: photo574393629_457242358_b6eb5a82321fba1977
2026-05-07 21:33:45,126 [INFO] vk_bot: GZOV: отправка в чат 2000000006
2026-05-07 21:33:45,126 [INFO] vk_bot: upload_message_photo: начинаем загрузку, message_photo_path=photo574393629_457242358_b6eb5a82321fba1977
2026-05-07 21:33:45,127 [INFO] vk_bot: attachment уже готов: photo574393629_457242358_b6eb5a82321fba1977
2026-05-07 21:33:45,740 [INFO] vk_bot: GZOV: отправка в чат 2000000007
2026-05-07 21:33:45,741 [INFO] vk_bot: upload_message_photo: начинаем загрузку, message_photo_path=photo574393629_457242358_b6eb5a82321fba1977
2026-05-07 21:33:45,741 [INFO] vk_bot: attachment уже готов: photo574393629_457242358_b6eb5a82321fba1977
2026-05-07 21:33:46,306 [INFO] vk_bot: GZOV: отправка в чат 2000000008
2026-05-07 21:33:46,306 [INFO] vk_bot: upload_message_photo: начинаем загрузку, message_photo_path=photo574393629_457242358_b6eb5a82321fba1977
2026-05-07 21:33:46,306 [INFO] vk_bot: attachment уже готов: photo574393629_457242358_b6eb5a82321fba1977
2026-05-07 21:33:46,832 [INFO] vk_bot: GZOV: отправка в чат 2000000009
2026-05-07 21:33:46,832 [INFO] vk_bot: upload_message_photo: начинаем загрузку, message_photo_path=photo574393629_457242358_b6eb5a82321fba1977
2026-05-07 21:33:46,832 [INFO] vk_bot: attachment уже готов: photo574393629_457242358_b6eb5a82321fba1977
2026-05-07 21:33:47,375 [INFO] vk_bot: GZOV: отправка в чат 2000000010
2026-05-07 21:33:47,375 [INFO] vk_bot: upload_message_photo: начинаем загрузку, message_photo_path=photo574393629_457242358_b6eb5a82321fba1977
2026-05-07 21:33:47,375 [INFO] vk_bot: attachment уже готов: photo574393629_457242358_b6eb5a82321fba1977
2026-05-07 21:33:48,352 [INFO] vk_bot: GZOV: отправка в чат 2000000011
2026-05-07 21:33:48,353 [INFO] vk_bot: upload_message_photo: начинаем загрузку, message_photo_path=photo574393629_457242358_b6eb5a82321fba1977
2026-05-07 21:33:48,353 [INFO] vk_bot: attachment уже готов: photo574393629_457242358_b6eb5a82321fba1977
2026-05-07 21:33:48,892 [INFO] vk_bot: GZOV завершён. Обработано чатов: 9
2026-05-07 21:33:52,407 [INFO] vk_bot: GZOV запущен. Целевых чатов: 109
2026-05-07 21:33:52,408 [INFO] vk_bot: GZOV: отправка в чат 2000000003
2026-05-07 21:33:52,408 [INFO] vk_bot: upload_message_photo: начинаем загрузку, message_photo_path=photo574393629_457242358_b6eb5a82321fba1977
2026-05-07 21:33:52,408 [INFO] vk_bot: attachment уже готов: photo574393629_457242358_b6eb5a82321fba1977
2026-05-07 21:33:53,326 [INFO] vk_bot: GZOV: отправка в чат 2000000004
2026-05-07 21:33:53,326 [INFO] vk_bot: upload_message_photo: начинаем загрузку, message_photo_path=photo574393629_457242358_b6eb5a82321fba1977
2026-05-07 21:33:53,327 [INFO] vk_bot: attachment уже готов: photo574393629_457242358_b6eb5a82321fba1977
2026-05-07 21:33:53,740 [INFO] vk_bot: Chat 2000000004: удалён из списка рассылки (участник исключён из беседы)
2026-05-07 21:33:53,750 [INFO] vk_bot: GZOV: отправка в чат 2000000005
2026-05-07 21:33:53,750 [INFO] vk_bot: upload_message_photo: начинаем загрузку, message_photo_path=photo574393629_457242358_b6eb5a82321fba1977
2026-05-07 21:33:53,750 [INFO] vk_bot: attachment уже готов: photo574393629_457242358_b6eb5a82321fba1977
2026-05-07 21:33:54,152 [INFO] vk_bot: Chat 2000000005: удалён из списка рассылки (участник исключён из беседы)
2026-05-07 21:33:54,163 [INFO] vk_bot: GZOV: отправка в чат 2000000006
2026-05-07 21:33:54,163 [INFO] vk_bot: upload_message_photo: начинаем загрузку, message_photo_path=photo574393629_457242358_b6eb5a82321fba1977
2026-05-07 21:33:54,164 [INFO] vk_bot: attachment уже готов: photo574393629_457242358_b6eb5a82321fba1977
2026-05-07 21:33:54,560 [INFO] vk_bot: Chat 2000000006: удалён из списка рассылки (участник исключён из беседы)
2026-05-07 21:33:54,573 [INFO] vk_bot: GZOV: отправка в чат 2000000007
2026-05-07 21:33:54,573 [INFO] vk_bot: upload_message_photo: начинаем загрузку, message_photo_path=photo574393629_457242358_b6eb5a82321fba1977
2026-05-07 21:33:54,574 [INFO] vk_bot: attachment уже готов: photo574393629_457242358_b6eb5a82321fba1977
2026-05-07 21:33:54,972 [INFO] vk_bot: Chat 2000000007: удалён из списка рассылки (участник исключён из беседы)
2026-05-07 21:33:54,982 [INFO] vk_bot: GZOV: отправка в чат 2000000008
2026-05-07 21:33:54,983 [INFO] vk_bot: upload_message_photo: начинаем загрузку, message_photo_path=photo574393629_457242358_b6eb5a82321fba1977
2026-05-07 21:33:54,983 [INFO] vk_bot: attachment уже готов: photo574393629_457242358_b6eb5a82321fba1977
2026-05-07 21:33:55,394 [INFO] vk_bot: Chat 2000000008: удалён из списка рассылки (участник исключён из беседы)
2026-05-07 21:33:55,405 [INFO] vk_bot: GZOV: отправка в чат 2000000009
2026-05-07 21:33:55,405 [INFO] vk_bot: upload_message_photo: начинаем загрузку, message_photo_path=photo574393629_457242358_b6eb5a82321fba1977
2026-05-07 21:33:55,405 [INFO] vk_bot: attachment уже готов: photo574393629_457242358_b6eb5a82321fba1977
2026-05-07 21:33:55,815 [INFO] vk_bot: Chat 2000000009: удалён из списка рассылки (участник исключён из беседы)
2026-05-07 21:33:55,825 [INFO] vk_bot: GZOV: отправка в чат 2000000010
2026-05-07 21:33:55,825 [INFO] vk_bot: upload_message_photo: начинаем загрузку, message_photo_path=photo574393629_457242358_b6eb5a82321fba1977
2026-05-07 21:33:55,825 [INFO] vk_bot: attachment уже готов: photo574393629_457242358_b6eb5a82321fba1977
2026-05-07 21:33:56,235 [INFO] vk_bot: Chat 2000000010: удалён из списка рассылки (участник исключён из беседы)
2026-05-07 21:33:56,245 [INFO] vk_bot: GZOV: отправка в чат 2000000011
2026-05-07 21:33:56,245 [INFO] vk_bot: upload_message_photo: начинаем загрузку, message_photo_path=photo574393629_457242358_b6eb5a82321fba1977
2026-05-07 21:33:56,245 [INFO] vk_bot: attachment уже готов: photo574393629_457242358_b6eb5a82321fba1977
2026-05-07 21:33:56,767 [INFO] vk_bot: GZOV: отправка в чат 2000000012
2026-05-07 21:33:56,767 [INFO] vk_bot: upload_message_photo: начинаем загрузку, message_photo_path=photo574393629_457242358_b6eb5a82321fba1977
2026-05-07 21:33:56,767 [INFO] vk_bot: attachment уже готов: photo574393629_457242358_b6eb5a82321fba1977
2026-05-07 21:33:57,356 [INFO] vk_bot: GZOV: отправка в чат 2000000013
2026-05-07 21:33:57,356 [INFO] vk_bot: upload_message_photo: начинаем загрузку, message_photo_path=photo574393629_457242358_b6eb5a82321fba1977
2026-05-07 21:33:57,356 [INFO] vk_bot: attachment уже готов: photo574393629_457242358_b6eb5a82321fba1977
2026-05-07 21:33:57,770 [WARNING] vk_bot: Chat 2000000013: ошибка доступа. Рассылка приостановлена.
2026-05-07 21:33:57,770 [WARNING] vk_bot: GZOV остановлен. Обработано чатов: 10
2026-05-07 21:34:16,716 [INFO] vk_bot: GZOV запущен. Целевых чатов: 102
2026-05-07 21:34:16,717 [INFO] vk_bot: GZOV: отправка в чат 2000000003
2026-05-07 21:34:16,717 [INFO] vk_bot: upload_message_photo: начинаем загрузку, message_photo_path=photo574393629_457242358_b6eb5a82321fba1977
2026-05-07 21:34:16,717 [INFO] vk_bot: attachment уже готов: photo574393629_457242358_b6eb5a82321fba1977
2026-05-07 21:34:17,306 [INFO] vk_bot: GZOV: отправка в чат 2000000011
2026-05-07 21:34:17,306 [INFO] vk_bot: upload_message_photo: начинаем загрузку, message_photo_path=photo574393629_457242358_b6eb5a82321fba1977
2026-05-07 21:34:17,306 [INFO] vk_bot: attachment уже готов: photo574393629_457242358_b6eb5a82321fba1977
2026-05-07 21:34:17,913 [INFO] vk_bot: GZOV: отправка в чат 2000000012
2026-05-07 21:34:17,913 [INFO] vk_bot: upload_message_photo: начинаем загрузку, message_photo_path=photo574393629_457242358_b6eb5a82321fba1977
2026-05-07 21:34:17,913 [INFO] vk_bot: attachment уже готов: photo574393629_457242358_b6eb5a82321fba1977
2026-05-07 21:34:18,424 [INFO] vk_bot: GZOV: отправка в чат 2000000013
2026-05-07 21:34:18,424 [INFO] vk_bot: upload_message_photo: начинаем загрузку, message_photo_path=photo574393629_457242358_b6eb5a82321fba1977
2026-05-07 21:34:18,424 [INFO] vk_bot: attachment уже готов: photo574393629_457242358_b6eb5a82321fba1977
2026-05-07 21:34:18,871 [WARNING] vk_bot: Chat 2000000013: ошибка доступа. Рассылка приостановлена.
2026-05-07 21:34:18,871 [WARNING] vk_bot: GZOV остановлен. Обработано чатов: 3
2026-05-07 21:34:21,178 [INFO] vk_bot: GZOV запущен. Целевых чатов: 102
2026-05-07 21:34:21,180 [INFO] vk_bot: GZOV: отправка в чат 2000000003
2026-05-07 21:34:21,180 [INFO] vk_bot: upload_message_photo: начинаем загрузку, message_photo_path=photo574393629_457242358_b6eb5a82321fba1977
2026-05-07 21:34:21,180 [INFO] vk_bot: attachment уже готов: photo574393629_457242358_b6eb5a82321fba1977
2026-05-07 21:34:21,879 [INFO] vk_bot: GZOV: отправка в чат 2000000011
2026-05-07 21:34:21,879 [INFO] vk_bot: upload_message_photo: начинаем загрузку, message_photo_path=photo574393629_457242358_b6eb5a82321fba1977
2026-05-07 21:34:21,879 [INFO] vk_bot: attachment уже готов: photo574393629_457242358_b6eb5a82321fba1977
2026-05-07 21:34:22,448 [INFO] vk_bot: GZOV: отправка в чат 2000000012
2026-05-07 21:34:22,448 [INFO] vk_bot: upload_message_photo: начинаем загрузку, message_photo_path=photo574393629_457242358_b6eb5a82321fba1977
2026-05-07 21:34:22,448 [INFO] vk_bot: attachment уже готов: photo574393629_457242358_b6eb5a82321fba1977
2026-05-07 21:34:22,999 [INFO] vk_bot: GZOV: отправка в чат 2000000013
2026-05-07 21:34:22,999 [INFO] vk_bot: upload_message_photo: начинаем загрузку, message_photo_path=photo574393629_457242358_b6eb5a82321fba1977
2026-05-07 21:34:22,999 [INFO] vk_bot: attachment уже готов: photo574393629_457242358_b6eb5a82321fba1977
2026-05-07 21:34:23,409 [WARNING] vk_bot: Chat 2000000013: ошибка доступа. Рассылка приостановлена.
2026-05-07 21:34:23,409 [WARNING] vk_bot: GZOV остановлен. Обработано чатов: 3
2026-05-07 21:34:25,094 [INFO] vk_bot: GZOV запущен. Целевых чатов: 102
2026-05-07 21:34:25,095 [INFO] vk_bot: GZOV: отправка в чат 2000000003
2026-05-07 21:34:25,095 [INFO] vk_bot: upload_message_photo: начинаем загрузку, message_photo_path=photo574393629_457242358_b6eb5a82321fba1977
2026-05-07 21:34:25,095 [INFO] vk_bot: attachment уже готов: photo574393629_457242358_b6eb5a82321fba1977
2026-05-07 21:34:25,811 [INFO] vk_bot: GZOV: отправка в чат 2000000011
2026-05-07 21:34:25,811 [INFO] vk_bot: upload_message_photo: начинаем загрузку, message_photo_path=photo574393629_457242358_b6eb5a82321fba1977
2026-05-07 21:34:25,811 [INFO] vk_bot: attachment уже готов: photo574393629_457242358_b6eb5a82321fba1977
2026-05-07 21:34:26,425 [INFO] vk_bot: GZOV: отправка в чат 2000000012
2026-05-07 21:34:26,425 [INFO] vk_bot: upload_message_photo: начинаем загрузку, message_photo_path=photo574393629_457242358_b6eb5a82321fba1977
2026-05-07 21:34:26,425 [INFO] vk_bot: attachment уже готов: photo574393629_457242358_b6eb5a82321fba1977
2026-05-07 21:34:26,935 [INFO] vk_bot: GZOV: отправка в чат 2000000013
2026-05-07 21:34:26,935 [INFO] vk_bot: upload_message_photo: начинаем загрузку, message_photo_path=photo574393629_457242358_b6eb5a82321fba1977
2026-05-07 21:34:26,935 [INFO] vk_bot: attachment уже готов: photo574393629_457242358_b6eb5a82321fba1977
2026-05-07 21:34:27,363 [WARNING] vk_bot: Chat 2000000013: ошибка доступа. Рассылка приостановлена.
2026-05-07 21:34:27,364 [WARNING] vk_bot: GZOV остановлен. Обработано чатов: 3
2026-05-07 21:34:28,714 [INFO] vk_bot: GZOV запущен. Целевых чатов: 102
2026-05-07 21:34:28,715 [INFO] vk_bot: GZOV: отправка в чат 2000000003
2026-05-07 21:34:28,715 [INFO] vk_bot: upload_message_photo: начинаем загрузку, message_photo_path=photo574393629_457242358_b6eb5a82321fba1977
2026-05-07 21:34:28,716 [INFO] vk_bot: attachment уже готов: photo574393629_457242358_b6eb5a82321fba1977
2026-05-07 21:34:29,378 [INFO] vk_bot: GZOV: отправка в чат 2000000011
2026-05-07 21:34:29,379 [INFO] vk_bot: upload_message_photo: начинаем загрузку, message_photo_path=photo574393629_457242358_b6eb5a82321fba1977
2026-05-07 21:34:29,379 [INFO] vk_bot: attachment уже готов: photo574393629_457242358_b6eb5a82321fba1977
2026-05-07 21:34:29,904 [INFO] vk_bot: GZOV: отправка в чат 2000000012
2026-05-07 21:34:29,905 [INFO] vk_bot: upload_message_photo: начинаем загрузку, message_photo_path=photo574393629_457242358_b6eb5a82321fba1977
2026-05-07 21:34:29,905 [INFO] vk_bot: attachment уже готов: photo574393629_457242358_b6eb5a82321fba1977
2026-05-07 21:34:30,438 [INFO] vk_bot: GZOV: отправка в чат 2000000013
2026-05-07 21:34:30,438 [INFO] vk_bot: upload_message_photo: начинаем загрузку, message_photo_path=photo574393629_457242358_b6eb5a82321fba1977
2026-05-07 21:34:30,438 [INFO] vk_bot: attachment уже готов: photo574393629_457242358_b6eb5a82321fba1977
2026-05-07 21:34:30,840 [WARNING] vk_bot: Chat 2000000013: ошибка доступа. Рассылка приостановлена.
2026-05-07 21:34:30,840 [WARNING] vk_bot: GZOV остановлен. Обработано чатов: 3
2026-05-07 21:34:32,254 [INFO] vk_bot: GZOV запущен. Целевых чатов: 102
2026-05-07 21:34:32,254 [INFO] vk_bot: GZOV: отправка в чат 2000000003
2026-05-07 21:34:32,254 [INFO] vk_bot: upload_message_photo: начинаем загрузку, message_photo_path=photo574393629_457242358_b6eb5a82321fba1977
2026-05-07 21:34:32,255 [INFO] vk_bot: attachment уже готов: photo574393629_457242358_b6eb5a82321fba1977
2026-05-07 21:34:33,009 [INFO] vk_bot: GZOV: отправка в чат 2000000011
2026-05-07 21:34:33,010 [INFO] vk_bot: upload_message_photo: начинаем загрузку, message_photo_path=photo574393629_457242358_b6eb5a82321fba1977
2026-05-07 21:34:33,010 [INFO] vk_bot: attachment уже готов: photo574393629_457242358_b6eb5a82321fba1977
2026-05-07 21:34:33,535 [INFO] vk_bot: GZOV: отправка в чат 2000000012
2026-05-07 21:34:33,535 [INFO] vk_bot: upload_message_photo: начинаем загрузку, message_photo_path=photo574393629_457242358_b6eb5a82321fba1977
2026-05-07 21:34:33,536 [INFO] vk_bot: attachment уже готов: photo574393629_457242358_b6eb5a82321fba1977
2026-05-07 21:34:34,048 [INFO] vk_bot: GZOV: отправка в чат 2000000013
2026-05-07 21:34:34,048 [INFO] vk_bot: upload_message_photo: начинаем загрузку, message_photo_path=photo574393629_457242358_b6eb5a82321fba1977
2026-05-07 21:34:34,048 [INFO] vk_bot: attachment уже готов: photo574393629_457242358_b6eb5a82321fba1977
2026-05-07 21:34:34,471 [WARNING] vk_bot: Chat 2000000013: ошибка доступа. Рассылка приостановлена.
2026-05-07 21:34:34,471 [WARNING] vk_bot: GZOV остановлен. Обработано чатов: 3
2026-05-07 21:34:35,962 [INFO] vk_bot: GZOV запущен. Целевых чатов: 102
2026-05-07 21:34:35,964 [INFO] vk_bot: GZOV: отправка в чат 2000000003
2026-05-07 21:34:35,964 [INFO] vk_bot: upload_message_photo: начинаем загрузку, message_photo_path=photo574393629_457242358_b6eb5a82321fba1977
2026-05-07 21:34:35,965 [INFO] vk_bot: attachment уже готов: photo574393629_457242358_b6eb5a82321fba1977
2026-05-07 21:34:36,603 [INFO] vk_bot: GZOV: отправка в чат 2000000011
2026-05-07 21:34:36,604 [INFO] vk_bot: upload_message_photo: начинаем загрузку, message_photo_path=photo574393629_457242358_b6eb5a82321fba1977
2026-05-07 21:34:36,604 [INFO] vk_bot: attachment уже готов: photo574393629_457242358_b6eb5a82321fba1977
2026-05-07 21:34:37,206 [INFO] vk_bot: GZOV: отправка в чат 2000000012
2026-05-07 21:34:37,206 [INFO] vk_bot: upload_message_photo: начинаем загрузку, message_photo_path=photo574393629_457242358_b6eb5a82321fba1977
2026-05-07 21:34:37,206 [INFO] vk_bot: attachment уже готов: photo574393629_457242358_b6eb5a82321fba1977
2026-05-07 21:34:37,783 [INFO] vk_bot: GZOV: отправка в чат 2000000013
2026-05-07 21:34:37,783 [INFO] vk_bot: upload_message_photo: начинаем загрузку, message_photo_path=photo574393629_457242358_b6eb5a82321fba1977
2026-05-07 21:34:37,783 [INFO] vk_bot: attachment уже готов: photo574393629_457242358_b6eb5a82321fba1977
2026-05-07 21:34:38,187 [WARNING] vk_bot: Chat 2000000013: ошибка доступа. Рассылка приостановлена.
2026-05-07 21:34:38,187 [WARNING] vk_bot: GZOV остановлен. Обработано чатов: 3
2026-05-07 21:34:44,398 [INFO] vk_bot: GZOV запущен. Целевых чатов: 102
2026-05-07 21:34:44,399 [INFO] vk_bot: GZOV: отправка в чат 2000000003
2026-05-07 21:34:44,399 [INFO] vk_bot: upload_message_photo: начинаем загрузку, message_photo_path=photo574393629_457242358_b6eb5a82321fba1977
2026-05-07 21:34:44,399 [INFO] vk_bot: attachment уже готов: photo574393629_457242358_b6eb5a82321fba1977
2026-05-07 21:34:45,000 [INFO] vk_bot: GZOV: отправка в чат 2000000011
2026-05-07 21:34:45,001 [INFO] vk_bot: upload_message_photo: начинаем загрузку, message_photo_path=photo574393629_457242358_b6eb5a82321fba1977
2026-05-07 21:34:45,001 [INFO] vk_bot: attachment уже готов: photo574393629_457242358_b6eb5a82321fba1977
2026-05-07 21:34:45,521 [INFO] vk_bot: GZOV: отправка в чат 2000000012
2026-05-07 21:34:45,521 [INFO] vk_bot: upload_message_photo: начинаем загрузку, message_photo_path=photo574393629_457242358_b6eb5a82321fba1977
2026-05-07 21:34:45,522 [INFO] vk_bot: attachment уже готов: photo574393629_457242358_b6eb5a82321fba1977
2026-05-07 21:34:46,030 [INFO] vk_bot: GZOV: отправка в чат 2000000013
2026-05-07 21:34:46,031 [INFO] vk_bot: upload_message_photo: начинаем загрузку, message_photo_path=photo574393629_457242358_b6eb5a82321fba1977
2026-05-07 21:34:46,031 [INFO] vk_bot: attachment уже готов: photo574393629_457242358_b6eb5a82321fba1977
2026-05-07 21:34:46,446 [WARNING] vk_bot: Chat 2000000013: ошибка доступа. Рассылка приостановлена.
2026-05-07 21:34:46,447 [WARNING] vk_bot: GZOV остановлен. Обработано чатов: 3
2026-05-07 21:37:59,884 [INFO] vk_bot: GZOV запущен. Целевых чатов: 102
2026-05-07 21:37:59,884 [INFO] vk_bot: GZOV: отправка в чат 2000000003
2026-05-07 21:37:59,885 [INFO] vk_bot: upload_message_photo: начинаем загрузку, message_photo_path=photo574393629_457242358_b6eb5a82321fba1977
2026-05-07 21:37:59,886 [INFO] vk_bot: attachment уже готов: photo574393629_457242358_b6eb5a82321fba1977
2026-05-07 21:38:00,469 [INFO] vk_bot: Chat 2000000003: удалён из списка рассылки (участник исключён из беседы)
2026-05-07 21:38:00,480 [INFO] vk_bot: GZOV: отправка в чат 2000000011
2026-05-07 21:38:00,480 [INFO] vk_bot: upload_message_photo: начинаем загрузку, message_photo_path=photo574393629_457242358_b6eb5a82321fba1977
2026-05-07 21:38:00,480 [INFO] vk_bot: attachment уже готов: photo574393629_457242358_b6eb5a82321fba1977
2026-05-07 21:38:01,655 [INFO] vk_bot: GZOV: отправка в чат 2000000012
2026-05-07 21:38:01,655 [INFO] vk_bot: upload_message_photo: начинаем загрузку, message_photo_path=photo574393629_457242358_b6eb5a82321fba1977
2026-05-07 21:38:01,655 [INFO] vk_bot: attachment уже готов: photo574393629_457242358_b6eb5a82321fba1977
2026-05-07 21:38:02,213 [INFO] vk_bot: GZOV: отправка в чат 2000000013
2026-05-07 21:38:02,213 [INFO] vk_bot: upload_message_photo: начинаем загрузку, message_photo_path=photo574393629_457242358_b6eb5a82321fba1977
2026-05-07 21:38:02,213 [INFO] vk_bot: attachment уже готов: photo574393629_457242358_b6eb5a82321fba1977
2026-05-07 21:38:02,645 [WARNING] vk_bot: Chat 2000000013: ошибка доступа. Рассылка приостановлена.
2026-05-07 21:38:02,645 [WARNING] vk_bot: GZOV остановлен. Обработано чатов: 3
2026-05-07 21:38:04,222 [INFO] vk_bot: GZOV запущен. Целевых чатов: 101
2026-05-07 21:38:04,223 [INFO] vk_bot: GZOV: отправка в чат 2000000011
2026-05-07 21:38:04,223 [INFO] vk_bot: upload_message_photo: начинаем загрузку, message_photo_path=photo574393629_457242358_b6eb5a82321fba1977
2026-05-07 21:38:04,223 [INFO] vk_bot: attachment уже готов: photo574393629_457242358_b6eb5a82321fba1977
2026-05-07 21:38:04,945 [INFO] vk_bot: GZOV: отправка в чат 2000000012
2026-05-07 21:38:04,945 [INFO] vk_bot: upload_message_photo: начинаем загрузку, message_photo_path=photo574393629_457242358_b6eb5a82321fba1977
2026-05-07 21:38:04,946 [INFO] vk_bot: attachment уже готов: photo574393629_457242358_b6eb5a82321fba1977
2026-05-07 21:38:05,509 [INFO] vk_bot: GZOV: отправка в чат 2000000013
2026-05-07 21:38:05,510 [INFO] vk_bot: upload_message_photo: начинаем загрузку, message_photo_path=photo574393629_457242358_b6eb5a82321fba1977
2026-05-07 21:38:05,510 [INFO] vk_bot: attachment уже готов: photo574393629_457242358_b6eb5a82321fba1977
2026-05-07 21:38:05,909 [WARNING] vk_bot: Chat 2000000013: ошибка доступа. Рассылка приостановлена.
2026-05-07 21:38:05,909 [WARNING] vk_bot: GZOV остановлен. Обработано чатов: 2
2026-05-07 21:38:13,910 [INFO] vk_bot: GZOV запущен. Целевых чатов: 201
2026-05-07 21:38:13,911 [INFO] vk_bot: GZOV: отправка в чат 2000000011
2026-05-07 21:38:13,911 [INFO] vk_bot: upload_message_photo: начинаем загрузку, message_photo_path=photo574393629_457242358_b6eb5a82321fba1977
2026-05-07 21:38:13,912 [INFO] vk_bot: attachment уже готов: photo574393629_457242358_b6eb5a82321fba1977
2026-05-07 21:38:14,588 [INFO] vk_bot: GZOV: отправка в чат 2000000012
2026-05-07 21:38:14,588 [INFO] vk_bot: upload_message_photo: начинаем загрузку, message_photo_path=photo574393629_457242358_b6eb5a82321fba1977
2026-05-07 21:38:14,588 [INFO] vk_bot: attachment уже готов: photo574393629_457242358_b6eb5a82321fba1977
2026-05-07 21:38:15,331 [INFO] vk_bot: GZOV: отправка в чат 2000000013
2026-05-07 21:38:15,331 [INFO] vk_bot: upload_message_photo: начинаем загрузку, message_photo_path=photo574393629_457242358_b6eb5a82321fba1977
2026-05-07 21:38:15,331 [INFO] vk_bot: attachment уже готов: photo574393629_457242358_b6eb5a82321fba1977
2026-05-07 21:38:15,739 [WARNING] vk_bot: Chat 2000000013: ошибка доступа. Рассылка приостановлена.
2026-05-07 21:38:15,739 [WARNING] vk_bot: GZOV остановлен. Обработано чатов: 2
2026-05-07 21:38:17,252 [INFO] vk_bot: GZOV запущен. Целевых чатов: 201
2026-05-07 21:38:17,254 [INFO] vk_bot: GZOV: отправка в чат 2000000011
2026-05-07 21:38:17,255 [INFO] vk_bot: upload_message_photo: начинаем загрузку, message_photo_path=photo574393629_457242358_b6eb5a82321fba1977
2026-05-07 21:38:17,255 [INFO] vk_bot: attachment уже готов: photo574393629_457242358_b6eb5a82321fba1977
2026-05-07 21:38:17,895 [INFO] vk_bot: GZOV: отправка в чат 2000000012
2026-05-07 21:38:17,896 [INFO] vk_bot: upload_message_photo: начинаем загрузку, message_photo_path=photo574393629_457242358_b6eb5a82321fba1977
2026-05-07 21:38:17,896 [INFO] vk_bot: attachment уже готов: photo574393629_457242358_b6eb5a82321fba1977
2026-05-07 21:38:18,485 [INFO] vk_bot: GZOV: отправка в чат 2000000013
2026-05-07 21:38:18,485 [INFO] vk_bot: upload_message_photo: начинаем загрузку, message_photo_path=photo574393629_457242358_b6eb5a82321fba1977
2026-05-07 21:38:18,485 [INFO] vk_bot: attachment уже готов: photo574393629_457242358_b6eb5a82321fba1977
2026-05-07 21:38:18,902 [WARNING] vk_bot: Chat 2000000013: ошибка доступа. Рассылка приостановлена.
2026-05-07 21:38:18,902 [WARNING] vk_bot: GZOV остановлен. Обработано чатов: 2
2026-05-07 21:38:58,234 [INFO] vk_bot: GZOV запущен. Целевых чатов: 99
2026-05-07 21:38:58,234 [INFO] vk_bot: GZOV: отправка в чат 2000000002
2026-05-07 21:38:58,235 [INFO] vk_bot: upload_message_photo: начинаем загрузку, message_photo_path=photo574393629_457242358_b6eb5a82321fba1977
2026-05-07 21:38:58,235 [INFO] vk_bot: attachment уже готов: photo574393629_457242358_b6eb5a82321fba1977
2026-05-07 21:38:58,793 [INFO] vk_bot: Chat 2000000002: удалён из списка рассылки (участник исключён из беседы)
2026-05-07 21:38:58,803 [INFO] vk_bot: GZOV: отправка в чат 2000000003
2026-05-07 21:38:58,804 [INFO] vk_bot: upload_message_photo: начинаем загрузку, message_photo_path=photo574393629_457242358_b6eb5a82321fba1977
2026-05-07 21:38:58,804 [INFO] vk_bot: attachment уже готов: photo574393629_457242358_b6eb5a82321fba1977
2026-05-07 21:38:59,243 [INFO] vk_bot: Chat 2000000003: удалён из списка рассылки (участник исключён из беседы)
2026-05-07 21:38:59,253 [INFO] vk_bot: GZOV: отправка в чат 2000000004
2026-05-07 21:38:59,253 [INFO] vk_bot: upload_message_photo: начинаем загрузку, message_photo_path=photo574393629_457242358_b6eb5a82321fba1977
2026-05-07 21:38:59,254 [INFO] vk_bot: attachment уже готов: photo574393629_457242358_b6eb5a82321fba1977
2026-05-07 21:38:59,736 [INFO] vk_bot: GZOV: отправка в чат 2000000005
2026-05-07 21:38:59,736 [INFO] vk_bot: upload_message_photo: начинаем загрузку, message_photo_path=photo574393629_457242358_b6eb5a82321fba1977
2026-05-07 21:38:59,736 [INFO] vk_bot: attachment уже готов: photo574393629_457242358_b6eb5a82321fba1977
2026-05-07 21:39:00,236 [INFO] vk_bot: GZOV: отправка в чат 2000000006
2026-05-07 21:39:00,236 [INFO] vk_bot: upload_message_photo: начинаем загрузку, message_photo_path=photo574393629_457242358_b6eb5a82321fba1977
2026-05-07 21:39:00,236 [INFO] vk_bot: attachment уже готов: photo574393629_457242358_b6eb5a82321fba1977
2026-05-07 21:39:00,800 [INFO] vk_bot: GZOV: отправка в чат 2000000007
2026-05-07 21:39:00,800 [INFO] vk_bot: upload_message_photo: начинаем загрузку, message_photo_path=photo574393629_457242358_b6eb5a82321fba1977
2026-05-07 21:39:00,800 [INFO] vk_bot: attachment уже готов: photo574393629_457242358_b6eb5a82321fba1977
2026-05-07 21:39:01,377 [INFO] vk_bot: GZOV: отправка в чат 2000000008
2026-05-07 21:39:01,377 [INFO] vk_bot: upload_message_photo: начинаем загрузку, message_photo_path=photo574393629_457242358_b6eb5a82321fba1977
2026-05-07 21:39:01,377 [INFO] vk_bot: attachment уже готов: photo574393629_457242358_b6eb5a82321fba1977
2026-05-07 21:39:01,953 [INFO] vk_bot: GZOV: отправка в чат 2000000009
2026-05-07 21:39:01,953 [INFO] vk_bot: upload_message_photo: начинаем загрузку, message_photo_path=photo574393629_457242358_b6eb5a82321fba1977
2026-05-07 21:39:01,953 [INFO] vk_bot: attachment уже готов: photo574393629_457242358_b6eb5a82321fba1977
2026-05-07 21:39:02,463 [INFO] vk_bot: GZOV: отправка в чат 2000000010
2026-05-07 21:39:02,463 [INFO] vk_bot: upload_message_photo: начинаем загрузку, message_photo_path=photo574393629_457242358_b6eb5a82321fba1977
2026-05-07 21:39:02,463 [INFO] vk_bot: attachment уже готов: photo574393629_457242358_b6eb5a82321fba1977
2026-05-07 21:39:02,861 [INFO] vk_bot: Chat 2000000010: удалён из списка рассылки (участник исключён из беседы)
2026-05-07 21:39:02,872 [INFO] vk_bot: GZOV: отправка в чат 2000000011
2026-05-07 21:39:02,872 [INFO] vk_bot: upload_message_photo: начинаем загрузку, message_photo_path=photo574393629_457242358_b6eb5a82321fba1977
2026-05-07 21:39:02,872 [INFO] vk_bot: attachment уже готов: photo574393629_457242358_b6eb5a82321fba1977
2026-05-07 21:39:03,452 [INFO] vk_bot: GZOV: отправка в чат 2000000012
2026-05-07 21:39:03,452 [INFO] vk_bot: upload_message_photo: начинаем загрузку, message_photo_path=photo574393629_457242358_b6eb5a82321fba1977
2026-05-07 21:39:03,452 [INFO] vk_bot: attachment уже готов: photo574393629_457242358_b6eb5a82321fba1977
2026-05-07 21:39:03,964 [INFO] vk_bot: GZOV: отправка в чат 2000000013
2026-05-07 21:39:03,964 [INFO] vk_bot: upload_message_photo: начинаем загрузку, message_photo_path=photo574393629_457242358_b6eb5a82321fba1977
2026-05-07 21:39:03,964 [INFO] vk_bot: attachment уже готов: photo574393629_457242358_b6eb5a82321fba1977
2026-05-07 21:39:04,367 [WARNING] vk_bot: Chat 2000000013: ошибка доступа. Рассылка приостановлена.
2026-05-07 21:39:04,367 [WARNING] vk_bot: GZOV остановлен. Обработано чатов: 11
2026-05-07 21:40:41,512 [INFO] vk_bot: Создаю поток рассылки.
2026-05-07 21:40:41,513 [INFO] vk_bot: Рассылка запущена. Целевых чатов: 96
2026-05-07 21:40:41,513 [INFO] vk_bot: Рассылка: отправка в чат 2000000004
2026-05-07 21:40:41,513 [INFO] vk_bot: upload_message_photo: начинаем загрузку, message_photo_path=photo574393629_457242358_b6eb5a82321fba1977
2026-05-07 21:40:41,514 [INFO] vk_bot: attachment уже готов: photo574393629_457242358_b6eb5a82321fba1977
2026-05-07 21:40:41,706 [INFO] vk_bot: Chat 2000000004: удалён из списка рассылки (участник исключён из беседы)
2026-05-07 21:40:41,717 [INFO] vk_bot: Рассылка: отправка в чат 2000000005
2026-05-07 21:40:41,717 [INFO] vk_bot: upload_message_photo: начинаем загрузку, message_photo_path=photo574393629_457242358_b6eb5a82321fba1977
2026-05-07 21:40:41,717 [INFO] vk_bot: attachment уже готов: photo574393629_457242358_b6eb5a82321fba1977
2026-05-07 21:40:41,898 [INFO] vk_bot: Попытка повторно запустить уже активную рассылку.
2026-05-07 21:40:42,173 [INFO] vk_bot: Chat 2000000005: удалён из списка рассылки (участник исключён из беседы)
2026-05-07 21:40:42,184 [INFO] vk_bot: Рассылка: отправка в чат 2000000006
2026-05-07 21:40:42,184 [INFO] vk_bot: upload_message_photo: начинаем загрузку, message_photo_path=photo574393629_457242358_b6eb5a82321fba1977
2026-05-07 21:40:42,184 [INFO] vk_bot: attachment уже готов: photo574393629_457242358_b6eb5a82321fba1977
2026-05-07 21:40:43,042 [INFO] vk_bot: Chat 2000000006: удалён из списка рассылки (участник исключён из беседы)
2026-05-07 21:40:43,052 [INFO] vk_bot: Рассылка: отправка в чат 2000000007
2026-05-07 21:40:43,052 [INFO] vk_bot: upload_message_photo: начинаем загрузку, message_photo_path=photo574393629_457242358_b6eb5a82321fba1977
2026-05-07 21:40:43,052 [INFO] vk_bot: attachment уже готов: photo574393629_457242358_b6eb5a82321fba1977
2026-05-07 21:40:43,489 [INFO] vk_bot: Chat 2000000007: удалён из списка рассылки (участник исключён из беседы)
2026-05-07 21:40:43,499 [INFO] vk_bot: Рассылка: отправка в чат 2000000008
2026-05-07 21:40:43,500 [INFO] vk_bot: upload_message_photo: начинаем загрузку, message_photo_path=photo574393629_457242358_b6eb5a82321fba1977
2026-05-07 21:40:43,500 [INFO] vk_bot: attachment уже готов: photo574393629_457242358_b6eb5a82321fba1977
2026-05-07 21:40:43,906 [INFO] vk_bot: Chat 2000000008: удалён из списка рассылки (участник исключён из беседы)
2026-05-07 21:40:43,916 [INFO] vk_bot: Рассылка: отправка в чат 2000000009
2026-05-07 21:40:43,917 [INFO] vk_bot: upload_message_photo: начинаем загрузку, message_photo_path=photo574393629_457242358_b6eb5a82321fba1977
2026-05-07 21:40:43,917 [INFO] vk_bot: attachment уже готов: photo574393629_457242358_b6eb5a82321fba1977
2026-05-07 21:40:44,344 [INFO] vk_bot: Chat 2000000009: удалён из списка рассылки (участник исключён из беседы)
2026-05-07 21:40:44,354 [INFO] vk_bot: Рассылка: отправка в чат 2000000011
2026-05-07 21:40:44,355 [INFO] vk_bot: upload_message_photo: начинаем загрузку, message_photo_path=photo574393629_457242358_b6eb5a82321fba1977
2026-05-07 21:40:44,355 [INFO] vk_bot: attachment уже готов: photo574393629_457242358_b6eb5a82321fba1977
2026-05-07 21:40:44,891 [INFO] vk_bot: Рассылка: отправка в чат 2000000012
2026-05-07 21:40:44,891 [INFO] vk_bot: upload_message_photo: начинаем загрузку, message_photo_path=photo574393629_457242358_b6eb5a82321fba1977
2026-05-07 21:40:44,891 [INFO] vk_bot: attachment уже готов: photo574393629_457242358_b6eb5a82321fba1977
2026-05-07 21:40:45,519 [INFO] vk_bot: Рассылка: отправка в чат 2000000013
2026-05-07 21:40:45,519 [INFO] vk_bot: upload_message_photo: начинаем загрузку, message_photo_path=photo574393629_457242358_b6eb5a82321fba1977
2026-05-07 21:40:45,520 [INFO] vk_bot: attachment уже готов: photo574393629_457242358_b6eb5a82321fba1977
2026-05-07 21:40:46,199 [WARNING] vk_bot: Chat 2000000013: ошибка доступа. Рассылка приостановлена.
2026-05-07 21:40:46,199 [WARNING] vk_bot: Рассылка остановлена: потерян доступ к чату 2000000013
2026-05-07 21:40:46,199 [WARNING] vk_bot: Рассылка приостановлена. Обработано чатов: 8
2026-05-07 21:42:35,395 [INFO] vk_bot: GZOV запущен. Целевых чатов: 90
2026-05-07 21:42:35,396 [INFO] vk_bot: GZOV: отправка в чат 2000000011
2026-05-07 21:42:35,396 [INFO] vk_bot: upload_message_photo: начинаем загрузку, message_photo_path=photo574393629_457242358_b6eb5a82321fba1977
2026-05-07 21:42:35,396 [INFO] vk_bot: attachment уже готов: photo574393629_457242358_b6eb5a82321fba1977
2026-05-07 21:42:36,626 [INFO] vk_bot: GZOV: отправка в чат 2000000012
2026-05-07 21:42:36,626 [INFO] vk_bot: upload_message_photo: начинаем загрузку, message_photo_path=photo574393629_457242358_b6eb5a82321fba1977
2026-05-07 21:42:36,626 [INFO] vk_bot: attachment уже готов: photo574393629_457242358_b6eb5a82321fba1977
2026-05-07 21:42:37,144 [INFO] vk_bot: GZOV: отправка в чат 2000000013
2026-05-07 21:42:37,144 [INFO] vk_bot: upload_message_photo: начинаем загрузку, message_photo_path=photo574393629_457242358_b6eb5a82321fba1977
2026-05-07 21:42:37,144 [INFO] vk_bot: attachment уже готов: photo574393629_457242358_b6eb5a82321fba1977
2026-05-07 21:42:37,554 [WARNING] vk_bot: Chat 2000000013: ошибка доступа. Рассылка приостановлена.
2026-05-07 21:42:37,555 [WARNING] vk_bot: GZOV остановлен. Обработано чатов: 2
2026-05-07 21:42:39,088 [INFO] vk_bot: GZOV запущен. Целевых чатов: 90
2026-05-07 21:42:39,089 [INFO] vk_bot: GZOV: отправка в чат 2000000011
2026-05-07 21:42:39,089 [INFO] vk_bot: upload_message_photo: начинаем загрузку, message_photo_path=photo574393629_457242358_b6eb5a82321fba1977
2026-05-07 21:42:39,090 [INFO] vk_bot: attachment уже готов: photo574393629_457242358_b6eb5a82321fba1977
2026-05-07 21:42:39,733 [INFO] vk_bot: GZOV: отправка в чат 2000000012
2026-05-07 21:42:39,733 [INFO] vk_bot: upload_message_photo: начинаем загрузку, message_photo_path=photo574393629_457242358_b6eb5a82321fba1977
2026-05-07 21:42:39,733 [INFO] vk_bot: attachment уже готов: photo574393629_457242358_b6eb5a82321fba1977
2026-05-07 21:42:40,281 [INFO] vk_bot: GZOV: отправка в чат 2000000013
2026-05-07 21:42:40,281 [INFO] vk_bot: upload_message_photo: начинаем загрузку, message_photo_path=photo574393629_457242358_b6eb5a82321fba1977
2026-05-07 21:42:40,281 [INFO] vk_bot: attachment уже готов: photo574393629_457242358_b6eb5a82321fba1977
2026-05-07 21:42:40,688 [WARNING] vk_bot: Chat 2000000013: ошибка доступа. Рассылка приостановлена.
2026-05-07 21:42:40,688 [WARNING] vk_bot: GZOV остановлен. Обработано чатов: 2
2026-05-07 21:42:41,825 [INFO] vk_bot: GZOV запущен. Целевых чатов: 90
2026-05-07 21:42:41,825 [INFO] vk_bot: GZOV: отправка в чат 2000000011
2026-05-07 21:42:41,826 [INFO] vk_bot: upload_message_photo: начинаем загрузку, message_photo_path=photo574393629_457242358_b6eb5a82321fba1977
2026-05-07 21:42:41,826 [INFO] vk_bot: attachment уже готов: photo574393629_457242358_b6eb5a82321fba1977
2026-05-07 21:42:42,551 [INFO] vk_bot: GZOV: отправка в чат 2000000012
2026-05-07 21:42:42,551 [INFO] vk_bot: upload_message_photo: начинаем загрузку, message_photo_path=photo574393629_457242358_b6eb5a82321fba1977
2026-05-07 21:42:42,551 [INFO] vk_bot: attachment уже готов: photo574393629_457242358_b6eb5a82321fba1977
2026-05-07 21:42:43,086 [INFO] vk_bot: GZOV: отправка в чат 2000000013
2026-05-07 21:42:43,086 [INFO] vk_bot: upload_message_photo: начинаем загрузку, message_photo_path=photo574393629_457242358_b6eb5a82321fba1977
2026-05-07 21:42:43,086 [INFO] vk_bot: attachment уже готов: photo574393629_457242358_b6eb5a82321fba1977
2026-05-07 21:42:43,486 [WARNING] vk_bot: Chat 2000000013: ошибка доступа. Рассылка приостановлена.
2026-05-07 21:42:43,486 [WARNING] vk_bot: GZOV остановлен. Обработано чатов: 2
2026-05-07 21:42:44,789 [INFO] vk_bot: GZOV запущен. Целевых чатов: 90
2026-05-07 21:42:44,789 [INFO] vk_bot: GZOV: отправка в чат 2000000011
2026-05-07 21:42:44,790 [INFO] vk_bot: upload_message_photo: начинаем загрузку, message_photo_path=photo574393629_457242358_b6eb5a82321fba1977
2026-05-07 21:42:44,790 [INFO] vk_bot: attachment уже готов: photo574393629_457242358_b6eb5a82321fba1977
2026-05-07 21:42:45,447 [INFO] vk_bot: GZOV: отправка в чат 2000000012
2026-05-07 21:42:45,447 [INFO] vk_bot: upload_message_photo: начинаем загрузку, message_photo_path=photo574393629_457242358_b6eb5a82321fba1977
2026-05-07 21:42:45,447 [INFO] vk_bot: attachment уже готов: photo574393629_457242358_b6eb5a82321fba1977
2026-05-07 21:42:46,034 [INFO] vk_bot: GZOV: отправка в чат 2000000013
2026-05-07 21:42:46,034 [INFO] vk_bot: upload_message_photo: начинаем загрузку, message_photo_path=photo574393629_457242358_b6eb5a82321fba1977
2026-05-07 21:42:46,035 [INFO] vk_bot: attachment уже готов: photo574393629_457242358_b6eb5a82321fba1977
2026-05-07 21:42:46,442 [WARNING] vk_bot: Chat 2000000013: ошибка доступа. Рассылка приостановлена.
2026-05-07 21:42:46,442 [WARNING] vk_bot: GZOV остановлен. Обработано чатов: 2
2026-05-07 21:42:47,768 [INFO] vk_bot: GZOV запущен. Целевых чатов: 90
2026-05-07 21:42:47,769 [INFO] vk_bot: GZOV: отправка в чат 2000000011
2026-05-07 21:42:47,769 [INFO] vk_bot: upload_message_photo: начинаем загрузку, message_photo_path=photo574393629_457242358_b6eb5a82321fba1977
2026-05-07 21:42:47,770 [INFO] vk_bot: attachment уже готов: photo574393629_457242358_b6eb5a82321fba1977
2026-05-07 21:42:48,463 [INFO] vk_bot: GZOV: отправка в чат 2000000012
2026-05-07 21:42:48,463 [INFO] vk_bot: upload_message_photo: начинаем загрузку, message_photo_path=photo574393629_457242358_b6eb5a82321fba1977
2026-05-07 21:42:48,463 [INFO] vk_bot: attachment уже готов: photo574393629_457242358_b6eb5a82321fba1977
2026-05-07 21:42:49,010 [INFO] vk_bot: GZOV: отправка в чат 2000000013
2026-05-07 21:42:49,011 [INFO] vk_bot: upload_message_photo: начинаем загрузку, message_photo_path=photo574393629_457242358_b6eb5a82321fba1977
2026-05-07 21:42:49,011 [INFO] vk_bot: attachment уже готов: photo574393629_457242358_b6eb5a82321fba1977
2026-05-07 21:42:49,417 [WARNING] vk_bot: Chat 2000000013: ошибка доступа. Рассылка приостановлена.
2026-05-07 21:42:49,417 [WARNING] vk_bot: GZOV остановлен. Обработано чатов: 2
2026-05-07 21:42:50,588 [INFO] vk_bot: GZOV запущен. Целевых чатов: 90
2026-05-07 21:42:50,588 [INFO] vk_bot: GZOV: отправка в чат 2000000011
2026-05-07 21:42:50,588 [INFO] vk_bot: upload_message_photo: начинаем загрузку, message_photo_path=photo574393629_457242358_b6eb5a82321fba1977
2026-05-07 21:42:50,588 [INFO] vk_bot: attachment уже готов: photo574393629_457242358_b6eb5a82321fba1977
2026-05-07 21:42:51,468 [INFO] vk_bot: GZOV: отправка в чат 2000000012
2026-05-07 21:42:51,468 [INFO] vk_bot: upload_message_photo: начинаем загрузку, message_photo_path=photo574393629_457242358_b6eb5a82321fba1977
2026-05-07 21:42:51,468 [INFO] vk_bot: attachment уже готов: photo574393629_457242358_b6eb5a82321fba1977
2026-05-07 21:42:52,092 [INFO] vk_bot: GZOV: отправка в чат 2000000013
2026-05-07 21:42:52,092 [INFO] vk_bot: upload_message_photo: начинаем загрузку, message_photo_path=photo574393629_457242358_b6eb5a82321fba1977
2026-05-07 21:42:52,092 [INFO] vk_bot: attachment уже готов: photo574393629_457242358_b6eb5a82321fba1977
2026-05-07 21:42:52,493 [WARNING] vk_bot: Chat 2000000013: ошибка доступа. Рассылка приостановлена.
2026-05-07 21:42:52,493 [WARNING] vk_bot: GZOV остановлен. Обработано чатов: 2
2026-05-07 21:42:53,617 [INFO] vk_bot: GZOV запущен. Целевых чатов: 90
2026-05-07 21:42:53,619 [INFO] vk_bot: GZOV: отправка в чат 2000000011
2026-05-07 21:42:53,619 [INFO] vk_bot: upload_message_photo: начинаем загрузку, message_photo_path=photo574393629_457242358_b6eb5a82321fba1977
2026-05-07 21:42:53,620 [INFO] vk_bot: attachment уже готов: photo574393629_457242358_b6eb5a82321fba1977
2026-05-07 21:42:54,392 [INFO] vk_bot: GZOV: отправка в чат 2000000012
2026-05-07 21:42:54,393 [INFO] vk_bot: upload_message_photo: начинаем загрузку, message_photo_path=photo574393629_457242358_b6eb5a82321fba1977
2026-05-07 21:42:54,393 [INFO] vk_bot: attachment уже готов: photo574393629_457242358_b6eb5a82321fba1977
2026-05-07 21:42:54,908 [INFO] vk_bot: GZOV: отправка в чат 2000000013
2026-05-07 21:42:54,908 [INFO] vk_bot: upload_message_photo: начинаем загрузку, message_photo_path=photo574393629_457242358_b6eb5a82321fba1977
2026-05-07 21:42:54,908 [INFO] vk_bot: attachment уже готов: photo574393629_457242358_b6eb5a82321fba1977
2026-05-07 21:42:55,332 [WARNING] vk_bot: Chat 2000000013: ошибка доступа. Рассылка приостановлена.
2026-05-07 21:42:55,332 [WARNING] vk_bot: GZOV остановлен. Обработано чатов: 2
2026-05-07 21:42:56,707 [INFO] vk_bot: GZOV запущен. Целевых чатов: 90
2026-05-07 21:42:56,707 [INFO] vk_bot: GZOV: отправка в чат 2000000011
2026-05-07 21:42:56,707 [INFO] vk_bot: upload_message_photo: начинаем загрузку, message_photo_path=photo574393629_457242358_b6eb5a82321fba1977
2026-05-07 21:42:56,707 [INFO] vk_bot: attachment уже готов: photo574393629_457242358_b6eb5a82321fba1977
2026-05-07 21:42:57,446 [INFO] vk_bot: GZOV: отправка в чат 2000000012
2026-05-07 21:42:57,447 [INFO] vk_bot: upload_message_photo: начинаем загрузку, message_photo_path=photo574393629_457242358_b6eb5a82321fba1977
2026-05-07 21:42:57,447 [INFO] vk_bot: attachment уже готов: photo574393629_457242358_b6eb5a82321fba1977
2026-05-07 21:42:57,972 [INFO] vk_bot: GZOV: отправка в чат 2000000013
2026-05-07 21:42:57,972 [INFO] vk_bot: upload_message_photo: начинаем загрузку, message_photo_path=photo574393629_457242358_b6eb5a82321fba1977
2026-05-07 21:42:57,972 [INFO] vk_bot: attachment уже готов: photo574393629_457242358_b6eb5a82321fba1977
2026-05-07 21:42:58,452 [WARNING] vk_bot: Chat 2000000013: ошибка доступа. Рассылка приостановлена.
2026-05-07 21:42:58,452 [WARNING] vk_bot: GZOV остановлен. Обработано чатов: 2
2026-05-07 21:42:59,507 [INFO] vk_bot: GZOV запущен. Целевых чатов: 90
2026-05-07 21:42:59,508 [INFO] vk_bot: GZOV: отправка в чат 2000000011
2026-05-07 21:42:59,508 [INFO] vk_bot: upload_message_photo: начинаем загрузку, message_photo_path=photo574393629_457242358_b6eb5a82321fba1977
2026-05-07 21:42:59,508 [INFO] vk_bot: attachment уже готов: photo574393629_457242358_b6eb5a82321fba1977
2026-05-07 21:43:00,149 [INFO] vk_bot: GZOV: отправка в чат 2000000012
2026-05-07 21:43:00,149 [INFO] vk_bot: upload_message_photo: начинаем загрузку, message_photo_path=photo574393629_457242358_b6eb5a82321fba1977
2026-05-07 21:43:00,149 [INFO] vk_bot: attachment уже готов: photo574393629_457242358_b6eb5a82321fba1977
2026-05-07 21:43:00,680 [INFO] vk_bot: GZOV: отправка в чат 2000000013
2026-05-07 21:43:00,681 [INFO] vk_bot: upload_message_photo: начинаем загрузку, message_photo_path=photo574393629_457242358_b6eb5a82321fba1977
2026-05-07 21:43:00,681 [INFO] vk_bot: attachment уже готов: photo574393629_457242358_b6eb5a82321fba1977
2026-05-07 21:43:01,100 [WARNING] vk_bot: Chat 2000000013: ошибка доступа. Рассылка приостановлена.
2026-05-07 21:43:01,100 [WARNING] vk_bot: GZOV остановлен. Обработано чатов: 2
2026-05-07 21:43:02,540 [INFO] vk_bot: GZOV запущен. Целевых чатов: 90
2026-05-07 21:43:02,541 [INFO] vk_bot: GZOV: отправка в чат 2000000011
2026-05-07 21:43:02,542 [INFO] vk_bot: upload_message_photo: начинаем загрузку, message_photo_path=photo574393629_457242358_b6eb5a82321fba1977
2026-05-07 21:43:02,542 [INFO] vk_bot: attachment уже готов: photo574393629_457242358_b6eb5a82321fba1977
2026-05-07 21:43:03,248 [INFO] vk_bot: GZOV: отправка в чат 2000000012
2026-05-07 21:43:03,248 [INFO] vk_bot: upload_message_photo: начинаем загрузку, message_photo_path=photo574393629_457242358_b6eb5a82321fba1977
2026-05-07 21:43:03,248 [INFO] vk_bot: attachment уже готов: photo574393629_457242358_b6eb5a82321fba1977
2026-05-07 21:43:03,759 [INFO] vk_bot: GZOV: отправка в чат 2000000013
2026-05-07 21:43:03,759 [INFO] vk_bot: upload_message_photo: начинаем загрузку, message_photo_path=photo574393629_457242358_b6eb5a82321fba1977
2026-05-07 21:43:03,759 [INFO] vk_bot: attachment уже готов: photo574393629_457242358_b6eb5a82321fba1977
2026-05-07 21:43:04,763 [WARNING] vk_bot: Chat 2000000013: ошибка доступа. Рассылка приостановлена.
2026-05-07 21:43:04,763 [WARNING] vk_bot: GZOV остановлен. Обработано чатов: 2
2026-05-07 21:43:20,760 [INFO] vk_bot: GZOV запущен. Целевых чатов: 90
2026-05-07 21:43:20,760 [INFO] vk_bot: GZOV: отправка в чат 2000000011
2026-05-07 21:43:20,760 [INFO] vk_bot: upload_message_photo: начинаем загрузку, message_photo_path=photo574393629_457242358_b6eb5a82321fba1977
2026-05-07 21:43:20,761 [INFO] vk_bot: attachment уже готов: photo574393629_457242358_b6eb5a82321fba1977
2026-05-07 21:43:21,461 [INFO] vk_bot: GZOV: отправка в чат 2000000012
2026-05-07 21:43:21,462 [INFO] vk_bot: upload_message_photo: начинаем загрузку, message_photo_path=photo574393629_457242358_b6eb5a82321fba1977
2026-05-07 21:43:21,462 [INFO] vk_bot: attachment уже готов: photo574393629_457242358_b6eb5a82321fba1977
2026-05-07 21:43:22,030 [INFO] vk_bot: GZOV: отправка в чат 2000000013
2026-05-07 21:43:22,031 [INFO] vk_bot: upload_message_photo: начинаем загрузку, message_photo_path=photo574393629_457242358_b6eb5a82321fba1977
2026-05-07 21:43:22,031 [INFO] vk_bot: attachment уже готов: photo574393629_457242358_b6eb5a82321fba1977
2026-05-07 21:43:22,452 [WARNING] vk_bot: Chat 2000000013: ошибка доступа. Рассылка приостановлена.
2026-05-07 21:43:22,452 [WARNING] vk_bot: GZOV остановлен. Обработано чатов: 2
2026-05-07 21:43:23,993 [INFO] vk_bot: GZOV запущен. Целевых чатов: 90
2026-05-07 21:43:23,994 [INFO] vk_bot: GZOV: отправка в чат 2000000011
2026-05-07 21:43:23,994 [INFO] vk_bot: upload_message_photo: начинаем загрузку, message_photo_path=photo574393629_457242358_b6eb5a82321fba1977
2026-05-07 21:43:23,994 [INFO] vk_bot: attachment уже готов: photo574393629_457242358_b6eb5a82321fba1977
2026-05-07 21:43:24,662 [INFO] vk_bot: GZOV: отправка в чат 2000000012
2026-05-07 21:43:24,662 [INFO] vk_bot: upload_message_photo: начинаем загрузку, message_photo_path=photo574393629_457242358_b6eb5a82321fba1977
2026-05-07 21:43:24,662 [INFO] vk_bot: attachment уже готов: photo574393629_457242358_b6eb5a82321fba1977
2026-05-07 21:43:25,213 [INFO] vk_bot: GZOV: отправка в чат 2000000013
2026-05-07 21:43:25,213 [INFO] vk_bot: upload_message_photo: начинаем загрузку, message_photo_path=photo574393629_457242358_b6eb5a82321fba1977
2026-05-07 21:43:25,213 [INFO] vk_bot: attachment уже готов: photo574393629_457242358_b6eb5a82321fba1977
2026-05-07 21:43:25,698 [WARNING] vk_bot: Chat 2000000013: ошибка доступа. Рассылка приостановлена.
2026-05-07 21:43:25,698 [WARNING] vk_bot: GZOV остановлен. Обработано чатов: 2
2026-05-07 21:43:26,756 [INFO] vk_bot: GZOV запущен. Целевых чатов: 90
2026-05-07 21:43:26,756 [INFO] vk_bot: GZOV: отправка в чат 2000000011
2026-05-07 21:43:26,756 [INFO] vk_bot: upload_message_photo: начинаем загрузку, message_photo_path=photo574393629_457242358_b6eb5a82321fba1977
2026-05-07 21:43:26,757 [INFO] vk_bot: attachment уже готов: photo574393629_457242358_b6eb5a82321fba1977
2026-05-07 21:43:27,465 [INFO] vk_bot: GZOV: отправка в чат 2000000012
2026-05-07 21:43:27,465 [INFO] vk_bot: upload_message_photo: начинаем загрузку, message_photo_path=photo574393629_457242358_b6eb5a82321fba1977
2026-05-07 21:43:27,466 [INFO] vk_bot: attachment уже готов: photo574393629_457242358_b6eb5a82321fba1977
2026-05-07 21:43:27,980 [INFO] vk_bot: GZOV: отправка в чат 2000000013
2026-05-07 21:43:27,980 [INFO] vk_bot: upload_message_photo: начинаем загрузку, message_photo_path=photo574393629_457242358_b6eb5a82321fba1977
2026-05-07 21:43:27,980 [INFO] vk_bot: attachment уже готов: photo574393629_457242358_b6eb5a82321fba1977
2026-05-07 21:43:28,386 [WARNING] vk_bot: Chat 2000000013: ошибка доступа. Рассылка приостановлена.
2026-05-07 21:43:28,386 [WARNING] vk_bot: GZOV остановлен. Обработано чатов: 2
2026-05-07 21:43:29,870 [INFO] vk_bot: GZOV запущен. Целевых чатов: 90
2026-05-07 21:43:29,870 [INFO] vk_bot: GZOV: отправка в чат 2000000011
2026-05-07 21:43:29,871 [INFO] vk_bot: upload_message_photo: начинаем загрузку, message_photo_path=photo574393629_457242358_b6eb5a82321fba1977
2026-05-07 21:43:29,871 [INFO] vk_bot: attachment уже готов: photo574393629_457242358_b6eb5a82321fba1977
2026-05-07 21:43:30,542 [INFO] vk_bot: GZOV: отправка в чат 2000000012
2026-05-07 21:43:30,542 [INFO] vk_bot: upload_message_photo: начинаем загрузку, message_photo_path=photo574393629_457242358_b6eb5a82321fba1977
2026-05-07 21:43:30,542 [INFO] vk_bot: attachment уже готов: photo574393629_457242358_b6eb5a82321fba1977
2026-05-07 21:43:31,058 [INFO] vk_bot: GZOV: отправка в чат 2000000013
2026-05-07 21:43:31,058 [INFO] vk_bot: upload_message_photo: начинаем загрузку, message_photo_path=photo574393629_457242358_b6eb5a82321fba1977
2026-05-07 21:43:31,058 [INFO] vk_bot: attachment уже готов: photo574393629_457242358_b6eb5a82321fba1977
2026-05-07 21:43:31,468 [WARNING] vk_bot: Chat 2000000013: ошибка доступа. Рассылка приостановлена.
2026-05-07 21:43:31,469 [WARNING] vk_bot: GZOV остановлен. Обработано чатов: 2
2026-05-07 21:43:33,103 [INFO] vk_bot: GZOV запущен. Целевых чатов: 90
2026-05-07 21:43:33,104 [INFO] vk_bot: GZOV: отправка в чат 2000000011
2026-05-07 21:43:33,104 [INFO] vk_bot: upload_message_photo: начинаем загрузку, message_photo_path=photo574393629_457242358_b6eb5a82321fba1977
2026-05-07 21:43:33,104 [INFO] vk_bot: attachment уже готов: photo574393629_457242358_b6eb5a82321fba1977
2026-05-07 21:43:33,761 [INFO] vk_bot: GZOV: отправка в чат 2000000012
2026-05-07 21:43:33,761 [INFO] vk_bot: upload_message_photo: начинаем загрузку, message_photo_path=photo574393629_457242358_b6eb5a82321fba1977
2026-05-07 21:43:33,761 [INFO] vk_bot: attachment уже готов: photo574393629_457242358_b6eb5a82321fba1977
2026-05-07 21:43:34,286 [INFO] vk_bot: GZOV: отправка в чат 2000000013
2026-05-07 21:43:34,286 [INFO] vk_bot: upload_message_photo: начинаем загрузку, message_photo_path=photo574393629_457242358_b6eb5a82321fba1977
2026-05-07 21:43:34,286 [INFO] vk_bot: attachment уже готов: photo574393629_457242358_b6eb5a82321fba1977
2026-05-07 21:43:34,689 [WARNING] vk_bot: Chat 2000000013: ошибка доступа. Рассылка приостановлена.
2026-05-07 21:43:34,689 [WARNING] vk_bot: GZOV остановлен. Обработано чатов: 2
2026-05-07 21:43:36,253 [INFO] vk_bot: GZOV запущен. Целевых чатов: 90
2026-05-07 21:43:36,254 [INFO] vk_bot: GZOV: отправка в чат 2000000011
2026-05-07 21:43:36,254 [INFO] vk_bot: upload_message_photo: начинаем загрузку, message_photo_path=photo574393629_457242358_b6eb5a82321fba1977
2026-05-07 21:43:36,254 [INFO] vk_bot: attachment уже готов: photo574393629_457242358_b6eb5a82321fba1977
2026-05-07 21:43:36,917 [INFO] vk_bot: GZOV: отправка в чат 2000000012
2026-05-07 21:43:36,917 [INFO] vk_bot: upload_message_photo: начинаем загрузку, message_photo_path=photo574393629_457242358_b6eb5a82321fba1977
2026-05-07 21:43:36,917 [INFO] vk_bot: attachment уже готов: photo574393629_457242358_b6eb5a82321fba1977
2026-05-07 21:43:37,468 [INFO] vk_bot: GZOV: отправка в чат 2000000013
2026-05-07 21:43:37,469 [INFO] vk_bot: upload_message_photo: начинаем загрузку, message_photo_path=photo574393629_457242358_b6eb5a82321fba1977
2026-05-07 21:43:37,469 [INFO] vk_bot: attachment уже готов: photo574393629_457242358_b6eb5a82321fba1977
2026-05-07 21:43:37,873 [WARNING] vk_bot: Chat 2000000013: ошибка доступа. Рассылка приостановлена.
2026-05-07 21:43:37,873 [WARNING] vk_bot: GZOV остановлен. Обработано чатов: 2
2026-05-07 21:43:39,054 [INFO] vk_bot: GZOV запущен. Целевых чатов: 90
2026-05-07 21:43:39,054 [INFO] vk_bot: GZOV: отправка в чат 2000000011
2026-05-07 21:43:39,054 [INFO] vk_bot: upload_message_photo: начинаем загрузку, message_photo_path=photo574393629_457242358_b6eb5a82321fba1977
2026-05-07 21:43:39,055 [INFO] vk_bot: attachment уже готов: photo574393629_457242358_b6eb5a82321fba1977
2026-05-07 21:43:39,791 [INFO] vk_bot: GZOV: отправка в чат 2000000012
2026-05-07 21:43:39,791 [INFO] vk_bot: upload_message_photo: начинаем загрузку, message_photo_path=photo574393629_457242358_b6eb5a82321fba1977
2026-05-07 21:43:39,791 [INFO] vk_bot: attachment уже готов: photo574393629_457242358_b6eb5a82321fba1977
2026-05-07 21:43:40,296 [INFO] vk_bot: GZOV: отправка в чат 2000000013
2026-05-07 21:43:40,296 [INFO] vk_bot: upload_message_photo: начинаем загрузку, message_photo_path=photo574393629_457242358_b6eb5a82321fba1977
2026-05-07 21:43:40,296 [INFO] vk_bot: attachment уже готов: photo574393629_457242358_b6eb5a82321fba1977
2026-05-07 21:43:40,707 [WARNING] vk_bot: Chat 2000000013: ошибка доступа. Рассылка приостановлена.
2026-05-07 21:43:40,707 [WARNING] vk_bot: GZOV остановлен. Обработано чатов: 2
2026-05-07 21:43:42,130 [INFO] vk_bot: GZOV запущен. Целевых чатов: 90
2026-05-07 21:43:42,131 [INFO] vk_bot: GZOV: отправка в чат 2000000011
2026-05-07 21:43:42,131 [INFO] vk_bot: upload_message_photo: начинаем загрузку, message_photo_path=photo574393629_457242358_b6eb5a82321fba1977
2026-05-07 21:43:42,132 [INFO] vk_bot: attachment уже готов: photo574393629_457242358_b6eb5a82321fba1977
2026-05-07 21:43:42,787 [INFO] vk_bot: GZOV: отправка в чат 2000000012
2026-05-07 21:43:42,788 [INFO] vk_bot: upload_message_photo: начинаем загрузку, message_photo_path=photo574393629_457242358_b6eb5a82321fba1977
2026-05-07 21:43:42,788 [INFO] vk_bot: attachment уже готов: photo574393629_457242358_b6eb5a82321fba1977
2026-05-07 21:43:43,350 [INFO] vk_bot: GZOV: отправка в чат 2000000013
2026-05-07 21:43:43,350 [INFO] vk_bot: upload_message_photo: начинаем загрузку, message_photo_path=photo574393629_457242358_b6eb5a82321fba1977
2026-05-07 21:43:43,351 [INFO] vk_bot: attachment уже готов: photo574393629_457242358_b6eb5a82321fba1977
2026-05-07 21:43:43,753 [WARNING] vk_bot: Chat 2000000013: ошибка доступа. Рассылка приостановлена.
2026-05-07 21:43:43,753 [WARNING] vk_bot: GZOV остановлен. Обработано чатов: 2
2026-05-07 21:43:44,845 [INFO] vk_bot: GZOV запущен. Целевых чатов: 90
2026-05-07 21:43:44,846 [INFO] vk_bot: GZOV: отправка в чат 2000000011
2026-05-07 21:43:44,846 [INFO] vk_bot: upload_message_photo: начинаем загрузку, message_photo_path=photo574393629_457242358_b6eb5a82321fba1977
2026-05-07 21:43:44,847 [INFO] vk_bot: attachment уже готов: photo574393629_457242358_b6eb5a82321fba1977
2026-05-07 21:43:45,516 [INFO] vk_bot: GZOV: отправка в чат 2000000012
2026-05-07 21:43:45,516 [INFO] vk_bot: upload_message_photo: начинаем загрузку, message_photo_path=photo574393629_457242358_b6eb5a82321fba1977
2026-05-07 21:43:45,516 [INFO] vk_bot: attachment уже готов: photo574393629_457242358_b6eb5a82321fba1977
2026-05-07 21:43:46,067 [INFO] vk_bot: GZOV: отправка в чат 2000000013
2026-05-07 21:43:46,067 [INFO] vk_bot: upload_message_photo: начинаем загрузку, message_photo_path=photo574393629_457242358_b6eb5a82321fba1977
2026-05-07 21:43:46,067 [INFO] vk_bot: attachment уже готов: photo574393629_457242358_b6eb5a82321fba1977
2026-05-07 21:43:46,518 [WARNING] vk_bot: Chat 2000000013: ошибка доступа. Рассылка приостановлена.
2026-05-07 21:43:46,518 [WARNING] vk_bot: GZOV остановлен. Обработано чатов: 2
2026-05-07 21:43:46,529 [INFO] vk_bot: Создаю поток рассылки.
2026-05-07 21:43:46,530 [INFO] vk_bot: Рассылка запущена. Целевых чатов: 90
2026-05-07 21:43:46,530 [INFO] vk_bot: Рассылка: отправка в чат 2000000011
2026-05-07 21:43:46,530 [INFO] vk_bot: upload_message_photo: начинаем загрузку, message_photo_path=photo574393629_457242358_b6eb5a82321fba1977
2026-05-07 21:43:46,530 [INFO] vk_bot: attachment уже готов: photo574393629_457242358_b6eb5a82321fba1977
2026-05-07 21:43:47,543 [INFO] vk_bot: Рассылка: отправка в чат 2000000012
2026-05-07 21:43:47,543 [INFO] vk_bot: upload_message_photo: начинаем загрузку, message_photo_path=photo574393629_457242358_b6eb5a82321fba1977
2026-05-07 21:43:47,543 [INFO] vk_bot: attachment уже готов: photo574393629_457242358_b6eb5a82321fba1977
2026-05-07 21:43:47,797 [INFO] vk_bot: GZOV запущен. Целевых чатов: 90
2026-05-07 21:43:47,797 [INFO] vk_bot: GZOV: отправка в чат 2000000011
2026-05-07 21:43:47,797 [INFO] vk_bot: upload_message_photo: начинаем загрузку, message_photo_path=photo574393629_457242358_b6eb5a82321fba1977
2026-05-07 21:43:47,797 [INFO] vk_bot: attachment уже готов: photo574393629_457242358_b6eb5a82321fba1977
2026-05-07 21:43:48,094 [INFO] vk_bot: Рассылка: отправка в чат 2000000013
2026-05-07 21:43:48,094 [INFO] vk_bot: upload_message_photo: начинаем загрузку, message_photo_path=photo574393629_457242358_b6eb5a82321fba1977
2026-05-07 21:43:48,094 [INFO] vk_bot: attachment уже готов: photo574393629_457242358_b6eb5a82321fba1977
2026-05-07 21:43:49,052 [INFO] vk_bot: GZOV: отправка в чат 2000000012
2026-05-07 21:43:49,052 [INFO] vk_bot: upload_message_photo: начинаем загрузку, message_photo_path=photo574393629_457242358_b6eb5a82321fba1977
2026-05-07 21:43:49,053 [INFO] vk_bot: attachment уже готов: photo574393629_457242358_b6eb5a82321fba1977
2026-05-07 21:43:49,459 [WARNING] vk_bot: Chat 2000000013: ошибка доступа. Рассылка приостановлена.
2026-05-07 21:43:49,459 [WARNING] vk_bot: Рассылка остановлена: потерян доступ к чату 2000000013
2026-05-07 21:43:49,459 [WARNING] vk_bot: Рассылка приостановлена. Обработано чатов: 2
2026-05-07 21:43:49,991 [INFO] vk_bot: GZOV: отправка в чат 2000000013
2026-05-07 21:43:49,991 [INFO] vk_bot: upload_message_photo: начинаем загрузку, message_photo_path=photo574393629_457242358_b6eb5a82321fba1977
2026-05-07 21:43:49,991 [INFO] vk_bot: attachment уже готов: photo574393629_457242358_b6eb5a82321fba1977
2026-05-07 21:43:50,397 [WARNING] vk_bot: Chat 2000000013: ошибка доступа. Рассылка приостановлена.
2026-05-07 21:43:50,398 [WARNING] vk_bot: GZOV остановлен. Обработано чатов: 2
2026-05-07 21:43:51,824 [INFO] vk_bot: GZOV запущен. Целевых чатов: 90
2026-05-07 21:43:51,826 [INFO] vk_bot: GZOV: отправка в чат 2000000011
2026-05-07 21:43:51,826 [INFO] vk_bot: upload_message_photo: начинаем загрузку, message_photo_path=photo574393629_457242358_b6eb5a82321fba1977
2026-05-07 21:43:51,826 [INFO] vk_bot: attachment уже готов: photo574393629_457242358_b6eb5a82321fba1977
2026-05-07 21:43:52,500 [INFO] vk_bot: GZOV: отправка в чат 2000000012
2026-05-07 21:43:52,501 [INFO] vk_bot: upload_message_photo: начинаем загрузку, message_photo_path=photo574393629_457242358_b6eb5a82321fba1977
2026-05-07 21:43:52,501 [INFO] vk_bot: attachment уже готов: photo574393629_457242358_b6eb5a82321fba1977
2026-05-07 21:43:53,028 [INFO] vk_bot: GZOV: отправка в чат 2000000013
2026-05-07 21:43:53,028 [INFO] vk_bot: upload_message_photo: начинаем загрузку, message_photo_path=photo574393629_457242358_b6eb5a82321fba1977
2026-05-07 21:43:53,028 [INFO] vk_bot: attachment уже готов: photo574393629_457242358_b6eb5a82321fba1977
2026-05-07 21:43:53,442 [WARNING] vk_bot: Chat 2000000013: ошибка доступа. Рассылка приостановлена.
2026-05-07 21:43:53,443 [WARNING] vk_bot: GZOV остановлен. Обработано чатов: 2
2026-05-07 21:44:21,188 [INFO] vk_bot: GZOV запущен. Целевых чатов: 90
2026-05-07 21:44:21,189 [INFO] vk_bot: GZOV: отправка в чат 2000000011
2026-05-07 21:44:21,189 [INFO] vk_bot: upload_message_photo: начинаем загрузку, message_photo_path=photo574393629_457242358_b6eb5a82321fba1977
2026-05-07 21:44:21,189 [INFO] vk_bot: attachment уже готов: photo574393629_457242358_b6eb5a82321fba1977
2026-05-07 21:44:21,974 [INFO] vk_bot: GZOV: отправка в чат 2000000012
2026-05-07 21:44:21,975 [INFO] vk_bot: upload_message_photo: начинаем загрузку, message_photo_path=photo574393629_457242358_b6eb5a82321fba1977
2026-05-07 21:44:21,975 [INFO] vk_bot: attachment уже готов: photo574393629_457242358_b6eb5a82321fba1977
2026-05-07 21:44:22,512 [INFO] vk_bot: GZOV: отправка в чат 2000000013
2026-05-07 21:44:22,513 [INFO] vk_bot: upload_message_photo: начинаем загрузку, message_photo_path=photo574393629_457242358_b6eb5a82321fba1977
2026-05-07 21:44:22,513 [INFO] vk_bot: attachment уже готов: photo574393629_457242358_b6eb5a82321fba1977
2026-05-07 21:44:22,919 [WARNING] vk_bot: Chat 2000000013: ошибка доступа. Рассылка приостановлена.
2026-05-07 21:44:22,919 [WARNING] vk_bot: GZOV остановлен. Обработано чатов: 2
2026-05-07 21:44:24,880 [INFO] vk_bot: GZOV запущен. Целевых чатов: 90
2026-05-07 21:44:24,881 [INFO] vk_bot: GZOV: отправка в чат 2000000011
2026-05-07 21:44:24,882 [INFO] vk_bot: upload_message_photo: начинаем загрузку, message_photo_path=photo574393629_457242358_b6eb5a82321fba1977
2026-05-07 21:44:24,882 [INFO] vk_bot: attachment уже готов: photo574393629_457242358_b6eb5a82321fba1977
2026-05-07 21:44:25,605 [INFO] vk_bot: GZOV: отправка в чат 2000000012
2026-05-07 21:44:25,606 [INFO] vk_bot: upload_message_photo: начинаем загрузку, message_photo_path=photo574393629_457242358_b6eb5a82321fba1977
2026-05-07 21:44:25,606 [INFO] vk_bot: attachment уже готов: photo574393629_457242358_b6eb5a82321fba1977
2026-05-07 21:44:26,118 [INFO] vk_bot: GZOV: отправка в чат 2000000013
2026-05-07 21:44:26,118 [INFO] vk_bot: upload_message_photo: начинаем загрузку, message_photo_path=photo574393629_457242358_b6eb5a82321fba1977
2026-05-07 21:44:26,119 [INFO] vk_bot: attachment уже готов: photo574393629_457242358_b6eb5a82321fba1977
2026-05-07 21:44:26,880 [WARNING] vk_bot: Chat 2000000013: ошибка доступа. Рассылка приостановлена.
2026-05-07 21:44:26,880 [WARNING] vk_bot: GZOV остановлен. Обработано чатов: 2
2026-05-07 21:44:27,688 [INFO] vk_bot: GZOV запущен. Целевых чатов: 90
2026-05-07 21:44:27,688 [INFO] vk_bot: GZOV: отправка в чат 2000000011
2026-05-07 21:44:27,688 [INFO] vk_bot: upload_message_photo: начинаем загрузку, message_photo_path=photo574393629_457242358_b6eb5a82321fba1977
2026-05-07 21:44:27,688 [INFO] vk_bot: attachment уже готов: photo574393629_457242358_b6eb5a82321fba1977
2026-05-07 21:44:28,681 [INFO] vk_bot: GZOV: отправка в чат 2000000012
2026-05-07 21:44:28,681 [INFO] vk_bot: upload_message_photo: начинаем загрузку, message_photo_path=photo574393629_457242358_b6eb5a82321fba1977
2026-05-07 21:44:28,681 [INFO] vk_bot: attachment уже готов: photo574393629_457242358_b6eb5a82321fba1977
2026-05-07 21:44:29,232 [INFO] vk_bot: GZOV: отправка в чат 2000000013
2026-05-07 21:44:29,232 [INFO] vk_bot: upload_message_photo: начинаем загрузку, message_photo_path=photo574393629_457242358_b6eb5a82321fba1977
2026-05-07 21:44:29,232 [INFO] vk_bot: attachment уже готов: photo574393629_457242358_b6eb5a82321fba1977
2026-05-07 21:44:29,649 [WARNING] vk_bot: Chat 2000000013: ошибка доступа. Рассылка приостановлена.
2026-05-07 21:44:29,650 [WARNING] vk_bot: GZOV остановлен. Обработано чатов: 2
2026-05-07 21:44:31,096 [INFO] vk_bot: GZOV запущен. Целевых чатов: 90
2026-05-07 21:44:31,096 [INFO] vk_bot: GZOV: отправка в чат 2000000011
2026-05-07 21:44:31,097 [INFO] vk_bot: upload_message_photo: начинаем загрузку, message_photo_path=photo574393629_457242358_b6eb5a82321fba1977
2026-05-07 21:44:31,097 [INFO] vk_bot: attachment уже готов: photo574393629_457242358_b6eb5a82321fba1977
2026-05-07 21:44:31,808 [INFO] vk_bot: GZOV: отправка в чат 2000000012
2026-05-07 21:44:31,808 [INFO] vk_bot: upload_message_photo: начинаем загрузку, message_photo_path=photo574393629_457242358_b6eb5a82321fba1977
2026-05-07 21:44:31,809 [INFO] vk_bot: attachment уже готов: photo574393629_457242358_b6eb5a82321fba1977
2026-05-07 21:44:32,409 [INFO] vk_bot: GZOV: отправка в чат 2000000013
2026-05-07 21:44:32,409 [INFO] vk_bot: upload_message_photo: начинаем загрузку, message_photo_path=photo574393629_457242358_b6eb5a82321fba1977
2026-05-07 21:44:32,409 [INFO] vk_bot: attachment уже готов: photo574393629_457242358_b6eb5a82321fba1977
2026-05-07 21:44:32,817 [WARNING] vk_bot: Chat 2000000013: ошибка доступа. Рассылка приостановлена.
2026-05-07 21:44:32,817 [WARNING] vk_bot: GZOV остановлен. Обработано чатов: 2
2026-05-07 21:44:34,217 [INFO] vk_bot: GZOV запущен. Целевых чатов: 90
2026-05-07 21:44:34,217 [INFO] vk_bot: GZOV: отправка в чат 2000000011
2026-05-07 21:44:34,217 [INFO] vk_bot: upload_message_photo: начинаем загрузку, message_photo_path=photo574393629_457242358_b6eb5a82321fba1977
2026-05-07 21:44:34,218 [INFO] vk_bot: attachment уже готов: photo574393629_457242358_b6eb5a82321fba1977
2026-05-07 21:44:35,098 [INFO] vk_bot: GZOV: отправка в чат 2000000012
2026-05-07 21:44:35,098 [INFO] vk_bot: upload_message_photo: начинаем загрузку, message_photo_path=photo574393629_457242358_b6eb5a82321fba1977
2026-05-07 21:44:35,098 [INFO] vk_bot: attachment уже готов: photo574393629_457242358_b6eb5a82321fba1977
2026-05-07 21:44:35,628 [INFO] vk_bot: GZOV: отправка в чат 2000000013
2026-05-07 21:44:35,628 [INFO] vk_bot: upload_message_photo: начинаем загрузку, message_photo_path=photo574393629_457242358_b6eb5a82321fba1977
2026-05-07 21:44:35,628 [INFO] vk_bot: attachment уже готов: photo574393629_457242358_b6eb5a82321fba1977
2026-05-07 21:44:36,034 [WARNING] vk_bot: Chat 2000000013: ошибка доступа. Рассылка приостановлена.
2026-05-07 21:44:36,035 [WARNING] vk_bot: GZOV остановлен. Обработано чатов: 2
2026-05-07 21:44:37,771 [INFO] vk_bot: GZOV запущен. Целевых чатов: 90
2026-05-07 21:44:37,771 [INFO] vk_bot: GZOV: отправка в чат 2000000011
2026-05-07 21:44:37,772 [INFO] vk_bot: upload_message_photo: начинаем загрузку, message_photo_path=photo574393629_457242358_b6eb5a82321fba1977
2026-05-07 21:44:37,772 [INFO] vk_bot: attachment уже готов: photo574393629_457242358_b6eb5a82321fba1977
2026-05-07 21:44:38,480 [INFO] vk_bot: GZOV: отправка в чат 2000000012
2026-05-07 21:44:38,480 [INFO] vk_bot: upload_message_photo: начинаем загрузку, message_photo_path=photo574393629_457242358_b6eb5a82321fba1977
2026-05-07 21:44:38,480 [INFO] vk_bot: attachment уже готов: photo574393629_457242358_b6eb5a82321fba1977
2026-05-07 21:44:38,996 [INFO] vk_bot: GZOV: отправка в чат 2000000013
2026-05-07 21:44:38,996 [INFO] vk_bot: upload_message_photo: начинаем загрузку, message_photo_path=photo574393629_457242358_b6eb5a82321fba1977
2026-05-07 21:44:38,997 [INFO] vk_bot: attachment уже готов: photo574393629_457242358_b6eb5a82321fba1977
2026-05-07 21:44:39,409 [WARNING] vk_bot: Chat 2000000013: ошибка доступа. Рассылка приостановлена.
2026-05-07 21:44:39,409 [WARNING] vk_bot: GZOV остановлен. Обработано чатов: 2
2026-05-07 21:44:40,588 [INFO] vk_bot: GZOV запущен. Целевых чатов: 90
2026-05-07 21:44:40,589 [INFO] vk_bot: GZOV: отправка в чат 2000000011
2026-05-07 21:44:40,589 [INFO] vk_bot: upload_message_photo: начинаем загрузку, message_photo_path=photo574393629_457242358_b6eb5a82321fba1977
2026-05-07 21:44:40,590 [INFO] vk_bot: attachment уже готов: photo574393629_457242358_b6eb5a82321fba1977
2026-05-07 21:44:41,554 [INFO] vk_bot: GZOV: отправка в чат 2000000012
2026-05-07 21:44:41,554 [INFO] vk_bot: upload_message_photo: начинаем загрузку, message_photo_path=photo574393629_457242358_b6eb5a82321fba1977
2026-05-07 21:44:41,554 [INFO] vk_bot: attachment уже готов: photo574393629_457242358_b6eb5a82321fba1977
2026-05-07 21:44:42,133 [INFO] vk_bot: GZOV: отправка в чат 2000000013
2026-05-07 21:44:42,133 [INFO] vk_bot: upload_message_photo: начинаем загрузку, message_photo_path=photo574393629_457242358_b6eb5a82321fba1977
2026-05-07 21:44:42,133 [INFO] vk_bot: attachment уже готов: photo574393629_457242358_b6eb5a82321fba1977
2026-05-07 21:44:42,556 [WARNING] vk_bot: Chat 2000000013: ошибка доступа. Рассылка приостановлена.
2026-05-07 21:44:42,556 [WARNING] vk_bot: GZOV остановлен. Обработано чатов: 2
2026-05-07 21:45:46,541 [INFO] vk_bot: Создаю поток рассылки.
2026-05-07 21:45:46,542 [INFO] vk_bot: Рассылка запущена. Целевых чатов: 90
2026-05-07 21:45:46,542 [INFO] vk_bot: Рассылка: отправка в чат 2000000011
2026-05-07 21:45:46,542 [INFO] vk_bot: upload_message_photo: начинаем загрузку, message_photo_path=photo574393629_457242358_b6eb5a82321fba1977
2026-05-07 21:45:46,542 [INFO] vk_bot: attachment уже готов: photo574393629_457242358_b6eb5a82321fba1977
2026-05-07 21:45:46,751 [INFO] vk_bot: Рассылка: отправка в чат 2000000012
2026-05-07 21:45:46,751 [INFO] vk_bot: upload_message_photo: начинаем загрузку, message_photo_path=photo574393629_457242358_b6eb5a82321fba1977
2026-05-07 21:45:46,751 [INFO] vk_bot: attachment уже готов: photo574393629_457242358_b6eb5a82321fba1977
2026-05-07 21:45:47,268 [INFO] vk_bot: Рассылка: отправка в чат 2000000013
2026-05-07 21:45:47,269 [INFO] vk_bot: upload_message_photo: начинаем загрузку, message_photo_path=photo574393629_457242358_b6eb5a82321fba1977
2026-05-07 21:45:47,269 [INFO] vk_bot: attachment уже готов: photo574393629_457242358_b6eb5a82321fba1977
2026-05-07 21:45:47,675 [WARNING] vk_bot: Chat 2000000013: ошибка доступа. Рассылка приостановлена.
2026-05-07 21:45:47,675 [WARNING] vk_bot: Рассылка остановлена: потерян доступ к чату 2000000013
2026-05-07 21:45:47,675 [WARNING] vk_bot: Рассылка приостановлена. Обработано чатов: 2
2026-05-07 21:47:46,552 [INFO] vk_bot: Создаю поток рассылки.
2026-05-07 21:47:46,552 [INFO] vk_bot: Рассылка запущена. Целевых чатов: 90
2026-05-07 21:47:46,553 [INFO] vk_bot: Рассылка: отправка в чат 2000000011
2026-05-07 21:47:46,553 [INFO] vk_bot: upload_message_photo: начинаем загрузку, message_photo_path=photo574393629_457242358_b6eb5a82321fba1977
2026-05-07 21:47:46,553 [INFO] vk_bot: attachment уже готов: photo574393629_457242358_b6eb5a82321fba1977
2026-05-07 21:47:46,759 [INFO] vk_bot: Рассылка: отправка в чат 2000000012
2026-05-07 21:47:46,759 [INFO] vk_bot: upload_message_photo: начинаем загрузку, message_photo_path=photo574393629_457242358_b6eb5a82321fba1977
2026-05-07 21:47:46,759 [INFO] vk_bot: attachment уже готов: photo574393629_457242358_b6eb5a82321fba1977
2026-05-07 21:47:47,359 [INFO] vk_bot: Рассылка: отправка в чат 2000000013
2026-05-07 21:47:47,359 [INFO] vk_bot: upload_message_photo: начинаем загрузку, message_photo_path=photo574393629_457242358_b6eb5a82321fba1977
2026-05-07 21:47:47,359 [INFO] vk_bot: attachment уже готов: photo574393629_457242358_b6eb5a82321fba1977
2026-05-07 21:47:47,766 [WARNING] vk_bot: Chat 2000000013: ошибка доступа. Рассылка приостановлена.
2026-05-07 21:47:47,766 [WARNING] vk_bot: Рассылка остановлена: потерян доступ к чату 2000000013
2026-05-07 21:47:47,766 [WARNING] vk_bot: Рассылка приостановлена. Обработано чатов: 2
2026-05-07 21:49:46,563 [INFO] vk_bot: Создаю поток рассылки.
2026-05-07 21:49:46,563 [INFO] vk_bot: Рассылка запущена. Целевых чатов: 90
2026-05-07 21:49:46,563 [INFO] vk_bot: Рассылка: отправка в чат 2000000011
2026-05-07 21:49:46,563 [INFO] vk_bot: upload_message_photo: начинаем загрузку, message_photo_path=photo574393629_457242358_b6eb5a82321fba1977
2026-05-07 21:49:46,563 [INFO] vk_bot: attachment уже готов: photo574393629_457242358_b6eb5a82321fba1977
2026-05-07 21:49:46,766 [INFO] vk_bot: Рассылка: отправка в чат 2000000012
2026-05-07 21:49:46,766 [INFO] vk_bot: upload_message_photo: начинаем загрузку, message_photo_path=photo574393629_457242358_b6eb5a82321fba1977
2026-05-07 21:49:46,766 [INFO] vk_bot: attachment уже готов: photo574393629_457242358_b6eb5a82321fba1977
2026-05-07 21:49:47,264 [INFO] vk_bot: Рассылка: отправка в чат 2000000013
2026-05-07 21:49:47,264 [INFO] vk_bot: upload_message_photo: начинаем загрузку, message_photo_path=photo574393629_457242358_b6eb5a82321fba1977
2026-05-07 21:49:47,265 [INFO] vk_bot: attachment уже готов: photo574393629_457242358_b6eb5a82321fba1977
2026-05-07 21:49:47,837 [INFO] vk_bot: Рассылка: отправка в чат 2000000014
2026-05-07 21:49:47,837 [INFO] vk_bot: upload_message_photo: начинаем загрузку, message_photo_path=photo574393629_457242358_b6eb5a82321fba1977
2026-05-07 21:49:47,838 [INFO] vk_bot: attachment уже готов: photo574393629_457242358_b6eb5a82321fba1977
2026-05-07 21:49:48,244 [WARNING] vk_bot: Chat 2000000014: ошибка доступа. Рассылка приостановлена.
2026-05-07 21:49:48,244 [WARNING] vk_bot: Рассылка остановлена: потерян доступ к чату 2000000014
2026-05-07 21:49:48,244 [WARNING] vk_bot: Рассылка приостановлена. Обработано чатов: 3
2026-05-07 21:51:46,574 [INFO] vk_bot: Создаю поток рассылки.
2026-05-07 21:51:46,575 [INFO] vk_bot: Рассылка запущена. Целевых чатов: 90
2026-05-07 21:51:46,575 [INFO] vk_bot: Рассылка: отправка в чат 2000000011
2026-05-07 21:51:46,575 [INFO] vk_bot: upload_message_photo: начинаем загрузку, message_photo_path=photo574393629_457242358_b6eb5a82321fba1977
2026-05-07 21:51:46,575 [INFO] vk_bot: attachment уже готов: photo574393629_457242358_b6eb5a82321fba1977
2026-05-07 21:51:47,352 [INFO] vk_bot: Рассылка: отправка в чат 2000000012
2026-05-07 21:51:47,352 [INFO] vk_bot: upload_message_photo: начинаем загрузку, message_photo_path=photo574393629_457242358_b6eb5a82321fba1977
2026-05-07 21:51:47,352 [INFO] vk_bot: attachment уже готов: photo574393629_457242358_b6eb5a82321fba1977
2026-05-07 21:51:47,889 [INFO] vk_bot: Рассылка: отправка в чат 2000000013
2026-05-07 21:51:47,889 [INFO] vk_bot: upload_message_photo: начинаем загрузку, message_photo_path=photo574393629_457242358_b6eb5a82321fba1977
2026-05-07 21:51:47,889 [INFO] vk_bot: attachment уже готов: photo574393629_457242358_b6eb5a82321fba1977
2026-05-07 21:51:48,366 [INFO] vk_bot: Рассылка: отправка в чат 2000000014
2026-05-07 21:51:48,366 [INFO] vk_bot: upload_message_photo: начинаем загрузку, message_photo_path=photo574393629_457242358_b6eb5a82321fba1977
2026-05-07 21:51:48,366 [INFO] vk_bot: attachment уже готов: photo574393629_457242358_b6eb5a82321fba1977
2026-05-07 21:51:48,808 [WARNING] vk_bot: Chat 2000000014: ошибка доступа. Рассылка приостановлена.
2026-05-07 21:51:48,809 [WARNING] vk_bot: Рассылка остановлена: потерян доступ к чату 2000000014
2026-05-07 21:51:48,809 [WARNING] vk_bot: Рассылка приостановлена. Обработано чатов: 3
2026-05-07 21:53:46,582 [INFO] vk_bot: Создаю поток рассылки.
2026-05-07 21:53:46,583 [INFO] vk_bot: Рассылка запущена. Целевых чатов: 90
2026-05-07 21:53:46,583 [INFO] vk_bot: Рассылка: отправка в чат 2000000011
2026-05-07 21:53:46,583 [INFO] vk_bot: upload_message_photo: начинаем загрузку, message_photo_path=photo574393629_457242358_b6eb5a82321fba1977
2026-05-07 21:53:46,583 [INFO] vk_bot: attachment уже готов: photo574393629_457242358_b6eb5a82321fba1977
2026-05-07 21:53:46,799 [INFO] vk_bot: Рассылка: отправка в чат 2000000012
2026-05-07 21:53:46,800 [INFO] vk_bot: upload_message_photo: начинаем загрузку, message_photo_path=photo574393629_457242358_b6eb5a82321fba1977
2026-05-07 21:53:46,800 [INFO] vk_bot: attachment уже готов: photo574393629_457242358_b6eb5a82321fba1977
2026-05-07 21:53:47,347 [INFO] vk_bot: Рассылка: отправка в чат 2000000013
2026-05-07 21:53:47,347 [INFO] vk_bot: upload_message_photo: начинаем загрузку, message_photo_path=photo574393629_457242358_b6eb5a82321fba1977
2026-05-07 21:53:47,348 [INFO] vk_bot: attachment уже готов: photo574393629_457242358_b6eb5a82321fba1977
2026-05-07 21:53:47,831 [INFO] vk_bot: Рассылка: отправка в чат 2000000014
2026-05-07 21:53:47,831 [INFO] vk_bot: upload_message_photo: начинаем загрузку, message_photo_path=photo574393629_457242358_b6eb5a82321fba1977
2026-05-07 21:53:47,831 [INFO] vk_bot: attachment уже готов: photo574393629_457242358_b6eb5a82321fba1977
2026-05-07 21:53:48,237 [WARNING] vk_bot: Chat 2000000014: ошибка доступа. Рассылка приостановлена.
2026-05-07 21:53:48,237 [WARNING] vk_bot: Рассылка остановлена: потерян доступ к чату 2000000014
2026-05-07 21:53:48,237 [WARNING] vk_bot: Рассылка приостановлена. Обработано чатов: 3
2026-05-07 21:55:46,591 [INFO] vk_bot: Создаю поток рассылки.
2026-05-07 21:55:46,592 [INFO] vk_bot: Рассылка запущена. Целевых чатов: 90
2026-05-07 21:55:46,592 [INFO] vk_bot: Рассылка: отправка в чат 2000000011
2026-05-07 21:55:46,592 [INFO] vk_bot: upload_message_photo: начинаем загрузку, message_photo_path=photo574393629_457242358_b6eb5a82321fba1977
2026-05-07 21:55:46,592 [INFO] vk_bot: attachment уже готов: photo574393629_457242358_b6eb5a82321fba1977
2026-05-07 21:55:46,792 [INFO] vk_bot: Рассылка: отправка в чат 2000000012
2026-05-07 21:55:46,792 [INFO] vk_bot: upload_message_photo: начинаем загрузку, message_photo_path=photo574393629_457242358_b6eb5a82321fba1977
2026-05-07 21:55:46,793 [INFO] vk_bot: attachment уже готов: photo574393629_457242358_b6eb5a82321fba1977
2026-05-07 21:55:47,314 [INFO] vk_bot: Рассылка: отправка в чат 2000000013
2026-05-07 21:55:47,314 [INFO] vk_bot: upload_message_photo: начинаем загрузку, message_photo_path=photo574393629_457242358_b6eb5a82321fba1977
2026-05-07 21:55:47,314 [INFO] vk_bot: attachment уже готов: photo574393629_457242358_b6eb5a82321fba1977
2026-05-07 21:55:47,809 [INFO] vk_bot: Рассылка: отправка в чат 2000000014
2026-05-07 21:55:47,810 [INFO] vk_bot: upload_message_photo: начинаем загрузку, message_photo_path=photo574393629_457242358_b6eb5a82321fba1977
2026-05-07 21:55:47,810 [INFO] vk_bot: attachment уже готов: photo574393629_457242358_b6eb5a82321fba1977
2026-05-07 21:55:48,211 [WARNING] vk_bot: Chat 2000000014: ошибка доступа. Рассылка приостановлена.
2026-05-07 21:55:48,211 [WARNING] vk_bot: Рассылка остановлена: потерян доступ к чату 2000000014
2026-05-07 21:55:48,211 [WARNING] vk_bot: Рассылка приостановлена. Обработано чатов: 3
2026-05-07 21:57:46,599 [INFO] vk_bot: Создаю поток рассылки.
2026-05-07 21:57:46,600 [INFO] vk_bot: Рассылка запущена. Целевых чатов: 90
2026-05-07 21:57:46,600 [INFO] vk_bot: Рассылка: отправка в чат 2000000011
2026-05-07 21:57:46,600 [INFO] vk_bot: upload_message_photo: начинаем загрузку, message_photo_path=photo574393629_457242358_b6eb5a82321fba1977
2026-05-07 21:57:46,600 [INFO] vk_bot: attachment уже готов: photo574393629_457242358_b6eb5a82321fba1977
2026-05-07 21:57:46,833 [INFO] vk_bot: Рассылка: отправка в чат 2000000012
2026-05-07 21:57:46,833 [INFO] vk_bot: upload_message_photo: начинаем загрузку, message_photo_path=photo574393629_457242358_b6eb5a82321fba1977
2026-05-07 21:57:46,833 [INFO] vk_bot: attachment уже готов: photo574393629_457242358_b6eb5a82321fba1977
2026-05-07 21:57:47,350 [INFO] vk_bot: Рассылка: отправка в чат 2000000013
2026-05-07 21:57:47,351 [INFO] vk_bot: upload_message_photo: начинаем загрузку, message_photo_path=photo574393629_457242358_b6eb5a82321fba1977
2026-05-07 21:57:47,351 [INFO] vk_bot: attachment уже готов: photo574393629_457242358_b6eb5a82321fba1977
2026-05-07 21:57:48,226 [INFO] vk_bot: Рассылка: отправка в чат 2000000014
2026-05-07 21:57:48,226 [INFO] vk_bot: upload_message_photo: начинаем загрузку, message_photo_path=photo574393629_457242358_b6eb5a82321fba1977
2026-05-07 21:57:48,226 [INFO] vk_bot: attachment уже готов: photo574393629_457242358_b6eb5a82321fba1977
2026-05-07 21:57:48,632 [WARNING] vk_bot: Chat 2000000014: ошибка доступа. Рассылка приостановлена.
2026-05-07 21:57:48,632 [WARNING] vk_bot: Рассылка остановлена: потерян доступ к чату 2000000014
2026-05-07 21:57:48,633 [WARNING] vk_bot: Рассылка приостановлена. Обработано чатов: 3
2026-05-07 21:59:46,616 [INFO] vk_bot: Создаю поток рассылки.
2026-05-07 21:59:46,616 [INFO] vk_bot: Рассылка запущена. Целевых чатов: 90
2026-05-07 21:59:46,617 [INFO] vk_bot: Рассылка: отправка в чат 2000000011
2026-05-07 21:59:46,617 [INFO] vk_bot: upload_message_photo: начинаем загрузку, message_photo_path=photo574393629_457242358_b6eb5a82321fba1977
2026-05-07 21:59:46,617 [INFO] vk_bot: attachment уже готов: photo574393629_457242358_b6eb5a82321fba1977
2026-05-07 21:59:46,823 [INFO] vk_bot: Рассылка: отправка в чат 2000000012
2026-05-07 21:59:46,823 [INFO] vk_bot: upload_message_photo: начинаем загрузку, message_photo_path=photo574393629_457242358_b6eb5a82321fba1977
2026-05-07 21:59:46,823 [INFO] vk_bot: attachment уже готов: photo574393629_457242358_b6eb5a82321fba1977
2026-05-07 21:59:47,364 [INFO] vk_bot: Рассылка: отправка в чат 2000000013
2026-05-07 21:59:47,364 [INFO] vk_bot: upload_message_photo: начинаем загрузку, message_photo_path=photo574393629_457242358_b6eb5a82321fba1977
2026-05-07 21:59:47,364 [INFO] vk_bot: attachment уже готов: photo574393629_457242358_b6eb5a82321fba1977
2026-05-07 21:59:47,837 [INFO] vk_bot: Рассылка: отправка в чат 2000000014
2026-05-07 21:59:47,837 [INFO] vk_bot: upload_message_photo: начинаем загрузку, message_photo_path=photo574393629_457242358_b6eb5a82321fba1977
2026-05-07 21:59:47,837 [INFO] vk_bot: attachment уже готов: photo574393629_457242358_b6eb5a82321fba1977
2026-05-07 21:59:48,668 [WARNING] vk_bot: Chat 2000000014: ошибка доступа. Рассылка приостановлена.
2026-05-07 21:59:48,668 [WARNING] vk_bot: Рассылка остановлена: потерян доступ к чату 2000000014
2026-05-07 21:59:48,668 [WARNING] vk_bot: Рассылка приостановлена. Обработано чатов: 3
2026-05-07 22:01:46,627 [INFO] vk_bot: Создаю поток рассылки.
2026-05-07 22:01:46,627 [INFO] vk_bot: Рассылка запущена. Целевых чатов: 90
2026-05-07 22:01:46,627 [INFO] vk_bot: Рассылка: отправка в чат 2000000011
2026-05-07 22:01:46,628 [INFO] vk_bot: upload_message_photo: начинаем загрузку, message_photo_path=photo574393629_457242358_b6eb5a82321fba1977
2026-05-07 22:01:46,628 [INFO] vk_bot: attachment уже готов: photo574393629_457242358_b6eb5a82321fba1977
2026-05-07 22:01:46,902 [INFO] vk_bot: Рассылка: отправка в чат 2000000012
2026-05-07 22:01:46,902 [INFO] vk_bot: upload_message_photo: начинаем загрузку, message_photo_path=photo574393629_457242358_b6eb5a82321fba1977
2026-05-07 22:01:46,903 [INFO] vk_bot: attachment уже готов: photo574393629_457242358_b6eb5a82321fba1977
2026-05-07 22:01:47,443 [INFO] vk_bot: Рассылка: отправка в чат 2000000013
2026-05-07 22:01:47,443 [INFO] vk_bot: upload_message_photo: начинаем загрузку, message_photo_path=photo574393629_457242358_b6eb5a82321fba1977
2026-05-07 22:01:47,444 [INFO] vk_bot: attachment уже готов: photo574393629_457242358_b6eb5a82321fba1977
2026-05-07 22:01:47,995 [INFO] vk_bot: Рассылка: отправка в чат 2000000014
2026-05-07 22:01:47,995 [INFO] vk_bot: upload_message_photo: начинаем загрузку, message_photo_path=photo574393629_457242358_b6eb5a82321fba1977
2026-05-07 22:01:47,995 [INFO] vk_bot: attachment уже готов: photo574393629_457242358_b6eb5a82321fba1977
2026-05-07 22:01:48,437 [WARNING] vk_bot: Chat 2000000014: ошибка доступа. Рассылка приостановлена.
2026-05-07 22:01:48,437 [WARNING] vk_bot: Рассылка остановлена: потерян доступ к чату 2000000014
2026-05-07 22:01:48,438 [WARNING] vk_bot: Рассылка приостановлена. Обработано чатов: 3
2026-05-07 22:03:46,637 [INFO] vk_bot: Создаю поток рассылки.
2026-05-07 22:03:46,637 [INFO] vk_bot: Рассылка запущена. Целевых чатов: 90
2026-05-07 22:03:46,638 [INFO] vk_bot: Рассылка: отправка в чат 2000000011
2026-05-07 22:03:46,638 [INFO] vk_bot: upload_message_photo: начинаем загрузку, message_photo_path=photo574393629_457242358_b6eb5a82321fba1977
2026-05-07 22:03:46,638 [INFO] vk_bot: attachment уже готов: photo574393629_457242358_b6eb5a82321fba1977
2026-05-07 22:03:46,872 [INFO] vk_bot: Рассылка: отправка в чат 2000000012
2026-05-07 22:03:46,872 [INFO] vk_bot: upload_message_photo: начинаем загрузку, message_photo_path=photo574393629_457242358_b6eb5a82321fba1977
2026-05-07 22:03:46,872 [INFO] vk_bot: attachment уже готов: photo574393629_457242358_b6eb5a82321fba1977
2026-05-07 22:03:47,396 [INFO] vk_bot: Рассылка: отправка в чат 2000000013
2026-05-07 22:03:47,396 [INFO] vk_bot: upload_message_photo: начинаем загрузку, message_photo_path=photo574393629_457242358_b6eb5a82321fba1977
2026-05-07 22:03:47,396 [INFO] vk_bot: attachment уже готов: photo574393629_457242358_b6eb5a82321fba1977
2026-05-07 22:03:47,882 [INFO] vk_bot: Рассылка: отправка в чат 2000000014
2026-05-07 22:03:47,883 [INFO] vk_bot: upload_message_photo: начинаем загрузку, message_photo_path=photo574393629_457242358_b6eb5a82321fba1977
2026-05-07 22:03:47,883 [INFO] vk_bot: attachment уже готов: photo574393629_457242358_b6eb5a82321fba1977
2026-05-07 22:03:48,293 [WARNING] vk_bot: Chat 2000000014: ошибка доступа. Рассылка приостановлена.
2026-05-07 22:03:48,293 [WARNING] vk_bot: Рассылка остановлена: потерян доступ к чату 2000000014
2026-05-07 22:03:48,294 [WARNING] vk_bot: Рассылка приостановлена. Обработано чатов: 3
2026-05-07 22:05:46,647 [INFO] vk_bot: Создаю поток рассылки.
2026-05-07 22:05:46,648 [INFO] vk_bot: Рассылка запущена. Целевых чатов: 90
2026-05-07 22:05:46,648 [INFO] vk_bot: Рассылка: отправка в чат 2000000011
2026-05-07 22:05:46,648 [INFO] vk_bot: upload_message_photo: начинаем загрузку, message_photo_path=photo574393629_457242358_b6eb5a82321fba1977
2026-05-07 22:05:46,648 [INFO] vk_bot: attachment уже готов: photo574393629_457242358_b6eb5a82321fba1977
2026-05-07 22:05:46,838 [INFO] vk_bot: Рассылка: отправка в чат 2000000012
2026-05-07 22:05:46,838 [INFO] vk_bot: upload_message_photo: начинаем загрузку, message_photo_path=photo574393629_457242358_b6eb5a82321fba1977
2026-05-07 22:05:46,838 [INFO] vk_bot: attachment уже готов: photo574393629_457242358_b6eb5a82321fba1977
2026-05-07 22:05:47,427 [INFO] vk_bot: Рассылка: отправка в чат 2000000013
2026-05-07 22:05:47,427 [INFO] vk_bot: upload_message_photo: начинаем загрузку, message_photo_path=photo574393629_457242358_b6eb5a82321fba1977
2026-05-07 22:05:47,428 [INFO] vk_bot: attachment уже готов: photo574393629_457242358_b6eb5a82321fba1977
2026-05-07 22:05:47,993 [INFO] vk_bot: Рассылка: отправка в чат 2000000014
2026-05-07 22:05:47,993 [INFO] vk_bot: upload_message_photo: начинаем загрузку, message_photo_path=photo574393629_457242358_b6eb5a82321fba1977
2026-05-07 22:05:47,993 [INFO] vk_bot: attachment уже готов: photo574393629_457242358_b6eb5a82321fba1977
2026-05-07 22:05:48,405 [WARNING] vk_bot: Chat 2000000014: ошибка доступа. Рассылка приостановлена.
2026-05-07 22:05:48,405 [WARNING] vk_bot: Рассылка остановлена: потерян доступ к чату 2000000014
2026-05-07 22:05:48,405 [WARNING] vk_bot: Рассылка приостановлена. Обработано чатов: 3
2026-05-07 22:07:46,655 [INFO] vk_bot: Создаю поток рассылки.
2026-05-07 22:07:46,655 [INFO] vk_bot: Рассылка запущена. Целевых чатов: 90
2026-05-07 22:07:46,655 [INFO] vk_bot: Рассылка: отправка в чат 2000000011
2026-05-07 22:07:46,655 [INFO] vk_bot: upload_message_photo: начинаем загрузку, message_photo_path=photo574393629_457242358_b6eb5a82321fba1977
2026-05-07 22:07:46,655 [INFO] vk_bot: attachment уже готов: photo574393629_457242358_b6eb5a82321fba1977
2026-05-07 22:07:46,887 [INFO] vk_bot: Рассылка: отправка в чат 2000000012
2026-05-07 22:07:46,888 [INFO] vk_bot: upload_message_photo: начинаем загрузку, message_photo_path=photo574393629_457242358_b6eb5a82321fba1977
2026-05-07 22:07:46,888 [INFO] vk_bot: attachment уже готов: photo574393629_457242358_b6eb5a82321fba1977
2026-05-07 22:07:47,413 [INFO] vk_bot: Рассылка: отправка в чат 2000000013
2026-05-07 22:07:47,413 [INFO] vk_bot: upload_message_photo: начинаем загрузку, message_photo_path=photo574393629_457242358_b6eb5a82321fba1977
2026-05-07 22:07:47,413 [INFO] vk_bot: attachment уже готов: photo574393629_457242358_b6eb5a82321fba1977
2026-05-07 22:07:47,818 [INFO] vk_bot: Chat 2000000013: удалён из списка рассылки (участник исключён из беседы)
2026-05-07 22:07:47,829 [INFO] vk_bot: Рассылка: отправка в чат 2000000014
2026-05-07 22:07:47,830 [INFO] vk_bot: upload_message_photo: начинаем загрузку, message_photo_path=photo574393629_457242358_b6eb5a82321fba1977
2026-05-07 22:07:47,830 [INFO] vk_bot: attachment уже готов: photo574393629_457242358_b6eb5a82321fba1977
2026-05-07 22:07:48,241 [WARNING] vk_bot: Chat 2000000014: ошибка доступа. Рассылка приостановлена.
2026-05-07 22:07:48,241 [WARNING] vk_bot: Рассылка остановлена: потерян доступ к чату 2000000014
2026-05-07 22:07:48,242 [WARNING] vk_bot: Рассылка приостановлена. Обработано чатов: 3
2026-05-07 22:09:46,665 [INFO] vk_bot: Создаю поток рассылки.
2026-05-07 22:09:46,665 [INFO] vk_bot: Рассылка запущена. Целевых чатов: 89
2026-05-07 22:09:46,665 [INFO] vk_bot: Рассылка: отправка в чат 2000000011
2026-05-07 22:09:46,666 [INFO] vk_bot: upload_message_photo: начинаем загрузку, message_photo_path=photo574393629_457242358_b6eb5a82321fba1977
2026-05-07 22:09:46,666 [INFO] vk_bot: attachment уже готов: photo574393629_457242358_b6eb5a82321fba1977
2026-05-07 22:09:47,485 [INFO] vk_bot: Рассылка: отправка в чат 2000000012
2026-05-07 22:09:47,485 [INFO] vk_bot: upload_message_photo: начинаем загрузку, message_photo_path=photo574393629_457242358_b6eb5a82321fba1977
2026-05-07 22:09:47,485 [INFO] vk_bot: attachment уже готов: photo574393629_457242358_b6eb5a82321fba1977
2026-05-07 22:09:48,006 [INFO] vk_bot: Рассылка: отправка в чат 2000000014
2026-05-07 22:09:48,006 [INFO] vk_bot: upload_message_photo: начинаем загрузку, message_photo_path=photo574393629_457242358_b6eb5a82321fba1977
2026-05-07 22:09:48,006 [INFO] vk_bot: attachment уже готов: photo574393629_457242358_b6eb5a82321fba1977
2026-05-07 22:09:48,401 [WARNING] vk_bot: Chat 2000000014: ошибка доступа. Рассылка приостановлена.
2026-05-07 22:09:48,401 [WARNING] vk_bot: Рассылка остановлена: потерян доступ к чату 2000000014
2026-05-07 22:09:48,401 [WARNING] vk_bot: Рассылка приостановлена. Обработано чатов: 2
2026-05-07 22:11:46,673 [INFO] vk_bot: Создаю поток рассылки.
2026-05-07 22:11:46,673 [INFO] vk_bot: Рассылка запущена. Целевых чатов: 89
2026-05-07 22:11:46,674 [INFO] vk_bot: Рассылка: отправка в чат 2000000011
2026-05-07 22:11:46,674 [INFO] vk_bot: upload_message_photo: начинаем загрузку, message_photo_path=photo574393629_457242358_b6eb5a82321fba1977
2026-05-07 22:11:46,674 [INFO] vk_bot: attachment уже готов: photo574393629_457242358_b6eb5a82321fba1977
2026-05-07 22:11:47,487 [INFO] vk_bot: Рассылка: отправка в чат 2000000012
2026-05-07 22:11:47,488 [INFO] vk_bot: upload_message_photo: начинаем загрузку, message_photo_path=photo574393629_457242358_b6eb5a82321fba1977
2026-05-07 22:11:47,488 [INFO] vk_bot: attachment уже готов: photo574393629_457242358_b6eb5a82321fba1977
2026-05-07 22:11:48,052 [INFO] vk_bot: Рассылка: отправка в чат 2000000014
2026-05-07 22:11:48,053 [INFO] vk_bot: upload_message_photo: начинаем загрузку, message_photo_path=photo574393629_457242358_b6eb5a82321fba1977
2026-05-07 22:11:48,053 [INFO] vk_bot: attachment уже готов: photo574393629_457242358_b6eb5a82321fba1977
2026-05-07 22:11:48,455 [WARNING] vk_bot: Chat 2000000014: ошибка доступа. Рассылка приостановлена.
2026-05-07 22:11:48,455 [WARNING] vk_bot: Рассылка остановлена: потерян доступ к чату 2000000014
2026-05-07 22:11:48,455 [WARNING] vk_bot: Рассылка приостановлена. Обработано чатов: 2
2026-05-07 22:13:46,683 [INFO] vk_bot: Создаю поток рассылки.
2026-05-07 22:13:46,684 [INFO] vk_bot: Рассылка запущена. Целевых чатов: 89
2026-05-07 22:13:46,684 [INFO] vk_bot: Рассылка: отправка в чат 2000000011
2026-05-07 22:13:46,684 [INFO] vk_bot: upload_message_photo: начинаем загрузку, message_photo_path=photo574393629_457242358_b6eb5a82321fba1977
2026-05-07 22:13:46,684 [INFO] vk_bot: attachment уже готов: photo574393629_457242358_b6eb5a82321fba1977
2026-05-07 22:13:46,873 [INFO] vk_bot: Рассылка: отправка в чат 2000000012
2026-05-07 22:13:46,873 [INFO] vk_bot: upload_message_photo: начинаем загрузку, message_photo_path=photo574393629_457242358_b6eb5a82321fba1977
2026-05-07 22:13:46,873 [INFO] vk_bot: attachment уже готов: photo574393629_457242358_b6eb5a82321fba1977
2026-05-07 22:13:47,407 [INFO] vk_bot: Рассылка: отправка в чат 2000000014
2026-05-07 22:13:47,407 [INFO] vk_bot: upload_message_photo: начинаем загрузку, message_photo_path=photo574393629_457242358_b6eb5a82321fba1977
2026-05-07 22:13:47,407 [INFO] vk_bot: attachment уже готов: photo574393629_457242358_b6eb5a82321fba1977
2026-05-07 22:13:47,828 [WARNING] vk_bot: Chat 2000000014: ошибка доступа. Рассылка приостановлена.
2026-05-07 22:13:47,828 [WARNING] vk_bot: Рассылка остановлена: потерян доступ к чату 2000000014
2026-05-07 22:13:47,828 [WARNING] vk_bot: Рассылка приостановлена. Обработано чатов: 2
2026-05-07 22:15:46,693 [INFO] vk_bot: Создаю поток рассылки.
2026-05-07 22:15:46,694 [INFO] vk_bot: Рассылка запущена. Целевых чатов: 89
2026-05-07 22:15:46,694 [INFO] vk_bot: Рассылка: отправка в чат 2000000011
2026-05-07 22:15:46,694 [INFO] vk_bot: upload_message_photo: начинаем загрузку, message_photo_path=photo574393629_457242358_b6eb5a82321fba1977
2026-05-07 22:15:46,694 [INFO] vk_bot: attachment уже готов: photo574393629_457242358_b6eb5a82321fba1977
2026-05-07 22:15:46,872 [INFO] vk_bot: Рассылка: отправка в чат 2000000012
2026-05-07 22:15:46,872 [INFO] vk_bot: upload_message_photo: начинаем загрузку, message_photo_path=photo574393629_457242358_b6eb5a82321fba1977
2026-05-07 22:15:46,872 [INFO] vk_bot: attachment уже готов: photo574393629_457242358_b6eb5a82321fba1977
2026-05-07 22:15:47,455 [INFO] vk_bot: Рассылка: отправка в чат 2000000014
2026-05-07 22:15:47,455 [INFO] vk_bot: upload_message_photo: начинаем загрузку, message_photo_path=photo574393629_457242358_b6eb5a82321fba1977
2026-05-07 22:15:47,455 [INFO] vk_bot: attachment уже готов: photo574393629_457242358_b6eb5a82321fba1977
2026-05-07 22:15:47,860 [WARNING] vk_bot: Chat 2000000014: ошибка доступа. Рассылка приостановлена.
2026-05-07 22:15:47,860 [WARNING] vk_bot: Рассылка остановлена: потерян доступ к чату 2000000014
2026-05-07 22:15:47,861 [WARNING] vk_bot: Рассылка приостановлена. Обработано чатов: 2
2026-05-07 22:17:46,703 [INFO] vk_bot: Создаю поток рассылки.
2026-05-07 22:17:46,703 [INFO] vk_bot: Рассылка запущена. Целевых чатов: 89
2026-05-07 22:17:46,703 [INFO] vk_bot: Рассылка: отправка в чат 2000000011
2026-05-07 22:17:46,704 [INFO] vk_bot: upload_message_photo: начинаем загрузку, message_photo_path=photo574393629_457242358_b6eb5a82321fba1977
2026-05-07 22:17:46,704 [INFO] vk_bot: attachment уже готов: photo574393629_457242358_b6eb5a82321fba1977
2026-05-07 22:17:47,452 [INFO] vk_bot: Рассылка: отправка в чат 2000000012
2026-05-07 22:17:47,452 [INFO] vk_bot: upload_message_photo: начинаем загрузку, message_photo_path=photo574393629_457242358_b6eb5a82321fba1977
2026-05-07 22:17:47,452 [INFO] vk_bot: attachment уже готов: photo574393629_457242358_b6eb5a82321fba1977
2026-05-07 22:17:48,004 [INFO] vk_bot: Рассылка: отправка в чат 2000000014
2026-05-07 22:17:48,004 [INFO] vk_bot: upload_message_photo: начинаем загрузку, message_photo_path=photo574393629_457242358_b6eb5a82321fba1977
2026-05-07 22:17:48,004 [INFO] vk_bot: attachment уже готов: photo574393629_457242358_b6eb5a82321fba1977
2026-05-07 22:17:48,404 [WARNING] vk_bot: Chat 2000000014: ошибка доступа. Рассылка приостановлена.
2026-05-07 22:17:48,404 [WARNING] vk_bot: Рассылка остановлена: потерян доступ к чату 2000000014
2026-05-07 22:17:48,404 [WARNING] vk_bot: Рассылка приостановлена. Обработано чатов: 2
2026-05-07 22:19:46,712 [INFO] vk_bot: Создаю поток рассылки.
2026-05-07 22:19:46,713 [INFO] vk_bot: Рассылка запущена. Целевых чатов: 89
2026-05-07 22:19:46,713 [INFO] vk_bot: Рассылка: отправка в чат 2000000011
2026-05-07 22:19:46,713 [INFO] vk_bot: upload_message_photo: начинаем загрузку, message_photo_path=photo574393629_457242358_b6eb5a82321fba1977
2026-05-07 22:19:46,713 [INFO] vk_bot: attachment уже готов: photo574393629_457242358_b6eb5a82321fba1977
2026-05-07 22:19:47,518 [INFO] vk_bot: Рассылка: отправка в чат 2000000012
2026-05-07 22:19:47,518 [INFO] vk_bot: upload_message_photo: начинаем загрузку, message_photo_path=photo574393629_457242358_b6eb5a82321fba1977
2026-05-07 22:19:47,519 [INFO] vk_bot: attachment уже готов: photo574393629_457242358_b6eb5a82321fba1977
2026-05-07 22:19:48,046 [INFO] vk_bot: Рассылка: отправка в чат 2000000014
2026-05-07 22:19:48,046 [INFO] vk_bot: upload_message_photo: начинаем загрузку, message_photo_path=photo574393629_457242358_b6eb5a82321fba1977
2026-05-07 22:19:48,046 [INFO] vk_bot: attachment уже готов: photo574393629_457242358_b6eb5a82321fba1977
2026-05-07 22:19:48,450 [WARNING] vk_bot: Chat 2000000014: ошибка доступа. Рассылка приостановлена.
2026-05-07 22:19:48,450 [WARNING] vk_bot: Рассылка остановлена: потерян доступ к чату 2000000014
2026-05-07 22:19:48,450 [WARNING] vk_bot: Рассылка приостановлена. Обработано чатов: 2
2026-05-07 22:21:46,722 [INFO] vk_bot: Создаю поток рассылки.
2026-05-07 22:21:46,722 [INFO] vk_bot: Рассылка запущена. Целевых чатов: 89
2026-05-07 22:21:46,722 [INFO] vk_bot: Рассылка: отправка в чат 2000000011
2026-05-07 22:21:46,723 [INFO] vk_bot: upload_message_photo: начинаем загрузку, message_photo_path=photo574393629_457242358_b6eb5a82321fba1977
2026-05-07 22:21:46,723 [INFO] vk_bot: attachment уже готов: photo574393629_457242358_b6eb5a82321fba1977
2026-05-07 22:21:47,601 [INFO] vk_bot: Рассылка: отправка в чат 2000000012
2026-05-07 22:21:47,601 [INFO] vk_bot: upload_message_photo: начинаем загрузку, message_photo_path=photo574393629_457242358_b6eb5a82321fba1977
2026-05-07 22:21:47,602 [INFO] vk_bot: attachment уже готов: photo574393629_457242358_b6eb5a82321fba1977
2026-05-07 22:21:48,193 [INFO] vk_bot: Рассылка: отправка в чат 2000000014
2026-05-07 22:21:48,193 [INFO] vk_bot: upload_message_photo: начинаем загрузку, message_photo_path=photo574393629_457242358_b6eb5a82321fba1977
2026-05-07 22:21:48,193 [INFO] vk_bot: attachment уже готов: photo574393629_457242358_b6eb5a82321fba1977
2026-05-07 22:21:48,612 [WARNING] vk_bot: Chat 2000000014: ошибка доступа. Рассылка приостановлена.
2026-05-07 22:21:48,613 [WARNING] vk_bot: Рассылка остановлена: потерян доступ к чату 2000000014
2026-05-07 22:21:48,613 [WARNING] vk_bot: Рассылка приостановлена. Обработано чатов: 2
2026-05-07 22:23:46,733 [INFO] vk_bot: Создаю поток рассылки.
2026-05-07 22:23:46,733 [INFO] vk_bot: Рассылка запущена. Целевых чатов: 89
2026-05-07 22:23:46,733 [INFO] vk_bot: Рассылка: отправка в чат 2000000011
2026-05-07 22:23:46,734 [INFO] vk_bot: upload_message_photo: начинаем загрузку, message_photo_path=photo574393629_457242358_b6eb5a82321fba1977
2026-05-07 22:23:46,734 [INFO] vk_bot: attachment уже готов: photo574393629_457242358_b6eb5a82321fba1977
2026-05-07 22:23:46,923 [INFO] vk_bot: Рассылка: отправка в чат 2000000012
2026-05-07 22:23:46,923 [INFO] vk_bot: upload_message_photo: начинаем загрузку, message_photo_path=photo574393629_457242358_b6eb5a82321fba1977
2026-05-07 22:23:46,924 [INFO] vk_bot: attachment уже готов: photo574393629_457242358_b6eb5a82321fba1977
2026-05-07 22:23:47,487 [INFO] vk_bot: Рассылка: отправка в чат 2000000014
2026-05-07 22:23:47,487 [INFO] vk_bot: upload_message_photo: начинаем загрузку, message_photo_path=photo574393629_457242358_b6eb5a82321fba1977
2026-05-07 22:23:47,487 [INFO] vk_bot: attachment уже готов: photo574393629_457242358_b6eb5a82321fba1977
2026-05-07 22:23:47,891 [WARNING] vk_bot: Chat 2000000014: ошибка доступа. Рассылка приостановлена.
2026-05-07 22:23:47,891 [WARNING] vk_bot: Рассылка остановлена: потерян доступ к чату 2000000014
2026-05-07 22:23:47,891 [WARNING] vk_bot: Рассылка приостановлена. Обработано чатов: 2
2026-05-07 22:25:46,743 [INFO] vk_bot: Создаю поток рассылки.
2026-05-07 22:25:46,744 [INFO] vk_bot: Рассылка запущена. Целевых чатов: 89
2026-05-07 22:25:46,744 [INFO] vk_bot: Рассылка: отправка в чат 2000000011
2026-05-07 22:25:46,744 [INFO] vk_bot: upload_message_photo: начинаем загрузку, message_photo_path=photo574393629_457242358_b6eb5a82321fba1977
2026-05-07 22:25:46,744 [INFO] vk_bot: attachment уже готов: photo574393629_457242358_b6eb5a82321fba1977
2026-05-07 22:25:46,995 [INFO] vk_bot: Рассылка: отправка в чат 2000000012
2026-05-07 22:25:46,996 [INFO] vk_bot: upload_message_photo: начинаем загрузку, message_photo_path=photo574393629_457242358_b6eb5a82321fba1977
2026-05-07 22:25:46,996 [INFO] vk_bot: attachment уже готов: photo574393629_457242358_b6eb5a82321fba1977
2026-05-07 22:25:47,502 [INFO] vk_bot: Рассылка: отправка в чат 2000000014
2026-05-07 22:25:47,502 [INFO] vk_bot: upload_message_photo: начинаем загрузку, message_photo_path=photo574393629_457242358_b6eb5a82321fba1977
2026-05-07 22:25:47,503 [INFO] vk_bot: attachment уже готов: photo574393629_457242358_b6eb5a82321fba1977
2026-05-07 22:25:47,910 [WARNING] vk_bot: Chat 2000000014: ошибка доступа. Рассылка приостановлена.
2026-05-07 22:25:47,910 [WARNING] vk_bot: Рассылка остановлена: потерян доступ к чату 2000000014
2026-05-07 22:25:47,910 [WARNING] vk_bot: Рассылка приостановлена. Обработано чатов: 2
2026-05-07 22:27:46,755 [INFO] vk_bot: Создаю поток рассылки.
2026-05-07 22:27:46,756 [INFO] vk_bot: Рассылка запущена. Целевых чатов: 89
2026-05-07 22:27:46,756 [INFO] vk_bot: Рассылка: отправка в чат 2000000011
2026-05-07 22:27:46,756 [INFO] vk_bot: upload_message_photo: начинаем загрузку, message_photo_path=photo574393629_457242358_b6eb5a82321fba1977
2026-05-07 22:27:46,757 [INFO] vk_bot: attachment уже готов: photo574393629_457242358_b6eb5a82321fba1977
2026-05-07 22:27:46,963 [INFO] vk_bot: Рассылка: отправка в чат 2000000012
2026-05-07 22:27:46,966 [INFO] vk_bot: upload_message_photo: начинаем загрузку, message_photo_path=photo574393629_457242358_b6eb5a82321fba1977
2026-05-07 22:27:46,966 [INFO] vk_bot: attachment уже готов: photo574393629_457242358_b6eb5a82321fba1977
2026-05-07 22:27:47,489 [INFO] vk_bot: Рассылка: отправка в чат 2000000014
2026-05-07 22:27:47,489 [INFO] vk_bot: upload_message_photo: начинаем загрузку, message_photo_path=photo574393629_457242358_b6eb5a82321fba1977
2026-05-07 22:27:47,489 [INFO] vk_bot: attachment уже готов: photo574393629_457242358_b6eb5a82321fba1977
2026-05-07 22:27:47,960 [WARNING] vk_bot: Chat 2000000014: ошибка доступа. Рассылка приостановлена.
2026-05-07 22:27:47,961 [WARNING] vk_bot: Рассылка остановлена: потерян доступ к чату 2000000014
2026-05-07 22:27:47,961 [WARNING] vk_bot: Рассылка приостановлена. Обработано чатов: 2
2026-05-07 22:29:46,765 [INFO] vk_bot: Создаю поток рассылки.
2026-05-07 22:29:46,766 [INFO] vk_bot: Рассылка запущена. Целевых чатов: 89
2026-05-07 22:29:46,766 [INFO] vk_bot: Рассылка: отправка в чат 2000000011
2026-05-07 22:29:46,766 [INFO] vk_bot: upload_message_photo: начинаем загрузку, message_photo_path=photo574393629_457242358_b6eb5a82321fba1977
2026-05-07 22:29:46,766 [INFO] vk_bot: attachment уже готов: photo574393629_457242358_b6eb5a82321fba1977
2026-05-07 22:29:46,993 [INFO] vk_bot: Рассылка: отправка в чат 2000000012
2026-05-07 22:29:46,993 [INFO] vk_bot: upload_message_photo: начинаем загрузку, message_photo_path=photo574393629_457242358_b6eb5a82321fba1977
2026-05-07 22:29:46,994 [INFO] vk_bot: attachment уже готов: photo574393629_457242358_b6eb5a82321fba1977
2026-05-07 22:29:47,507 [INFO] vk_bot: Рассылка: отправка в чат 2000000014
2026-05-07 22:29:47,507 [INFO] vk_bot: upload_message_photo: начинаем загрузку, message_photo_path=photo574393629_457242358_b6eb5a82321fba1977
2026-05-07 22:29:47,507 [INFO] vk_bot: attachment уже готов: photo574393629_457242358_b6eb5a82321fba1977
2026-05-07 22:29:47,909 [WARNING] vk_bot: Chat 2000000014: ошибка доступа. Рассылка приостановлена.
2026-05-07 22:29:47,910 [WARNING] vk_bot: Рассылка остановлена: потерян доступ к чату 2000000014
2026-05-07 22:29:47,910 [WARNING] vk_bot: Рассылка приостановлена. Обработано чатов: 2
2026-05-07 22:31:46,777 [INFO] vk_bot: Создаю поток рассылки.
2026-05-07 22:31:46,779 [INFO] vk_bot: Рассылка запущена. Целевых чатов: 89
2026-05-07 22:31:46,779 [INFO] vk_bot: Рассылка: отправка в чат 2000000011
2026-05-07 22:31:46,779 [INFO] vk_bot: upload_message_photo: начинаем загрузку, message_photo_path=photo574393629_457242358_b6eb5a82321fba1977
2026-05-07 22:31:46,779 [INFO] vk_bot: attachment уже готов: photo574393629_457242358_b6eb5a82321fba1977
2026-05-07 22:31:46,969 [INFO] vk_bot: Рассылка: отправка в чат 2000000012
2026-05-07 22:31:46,969 [INFO] vk_bot: upload_message_photo: начинаем загрузку, message_photo_path=photo574393629_457242358_b6eb5a82321fba1977
2026-05-07 22:31:46,969 [INFO] vk_bot: attachment уже готов: photo574393629_457242358_b6eb5a82321fba1977
2026-05-07 22:31:47,472 [INFO] vk_bot: Рассылка: отправка в чат 2000000014
2026-05-07 22:31:47,472 [INFO] vk_bot: upload_message_photo: начинаем загрузку, message_photo_path=photo574393629_457242358_b6eb5a82321fba1977
2026-05-07 22:31:47,472 [INFO] vk_bot: attachment уже готов: photo574393629_457242358_b6eb5a82321fba1977
2026-05-07 22:31:47,974 [WARNING] vk_bot: Chat 2000000014: ошибка доступа. Рассылка приостановлена.
2026-05-07 22:31:47,975 [WARNING] vk_bot: Рассылка остановлена: потерян доступ к чату 2000000014
2026-05-07 22:31:47,975 [WARNING] vk_bot: Рассылка приостановлена. Обработано чатов: 2
2026-05-07 22:33:46,790 [INFO] vk_bot: Создаю поток рассылки.
2026-05-07 22:33:46,790 [INFO] vk_bot: Рассылка запущена. Целевых чатов: 89
2026-05-07 22:33:46,790 [INFO] vk_bot: Рассылка: отправка в чат 2000000011
2026-05-07 22:33:46,791 [INFO] vk_bot: upload_message_photo: начинаем загрузку, message_photo_path=photo574393629_457242358_b6eb5a82321fba1977
2026-05-07 22:33:46,791 [INFO] vk_bot: attachment уже готов: photo574393629_457242358_b6eb5a82321fba1977
2026-05-07 22:33:47,004 [INFO] vk_bot: Рассылка: отправка в чат 2000000012
2026-05-07 22:33:47,004 [INFO] vk_bot: upload_message_photo: начинаем загрузку, message_photo_path=photo574393629_457242358_b6eb5a82321fba1977
2026-05-07 22:33:47,004 [INFO] vk_bot: attachment уже готов: photo574393629_457242358_b6eb5a82321fba1977
2026-05-07 22:33:48,993 [INFO] vk_bot: Рассылка: отправка в чат 2000000014
2026-05-07 22:33:48,993 [INFO] vk_bot: upload_message_photo: начинаем загрузку, message_photo_path=photo574393629_457242358_b6eb5a82321fba1977
2026-05-07 22:33:48,993 [INFO] vk_bot: attachment уже готов: photo574393629_457242358_b6eb5a82321fba1977
2026-05-07 22:33:49,444 [WARNING] vk_bot: Chat 2000000014: ошибка доступа. Рассылка приостановлена.
2026-05-07 22:33:49,445 [WARNING] vk_bot: Рассылка остановлена: потерян доступ к чату 2000000014
2026-05-07 22:33:49,445 [WARNING] vk_bot: Рассылка приостановлена. Обработано чатов: 2
2026-05-07 22:35:46,800 [INFO] vk_bot: Создаю поток рассылки.
2026-05-07 22:35:46,801 [INFO] vk_bot: Рассылка запущена. Целевых чатов: 89
2026-05-07 22:35:46,802 [INFO] vk_bot: Рассылка: отправка в чат 2000000011
2026-05-07 22:35:46,802 [INFO] vk_bot: upload_message_photo: начинаем загрузку, message_photo_path=photo574393629_457242358_b6eb5a82321fba1977
2026-05-07 22:35:46,802 [INFO] vk_bot: attachment уже готов: photo574393629_457242358_b6eb5a82321fba1977
2026-05-07 22:35:47,004 [INFO] vk_bot: Рассылка: отправка в чат 2000000012
2026-05-07 22:35:47,005 [INFO] vk_bot: upload_message_photo: начинаем загрузку, message_photo_path=photo574393629_457242358_b6eb5a82321fba1977
2026-05-07 22:35:47,005 [INFO] vk_bot: attachment уже готов: photo574393629_457242358_b6eb5a82321fba1977
2026-05-07 22:35:47,512 [INFO] vk_bot: Рассылка: отправка в чат 2000000014
2026-05-07 22:35:47,512 [INFO] vk_bot: upload_message_photo: начинаем загрузку, message_photo_path=photo574393629_457242358_b6eb5a82321fba1977
2026-05-07 22:35:47,512 [INFO] vk_bot: attachment уже готов: photo574393629_457242358_b6eb5a82321fba1977
2026-05-07 22:35:47,920 [WARNING] vk_bot: Chat 2000000014: ошибка доступа. Рассылка приостановлена.
2026-05-07 22:35:47,920 [WARNING] vk_bot: Рассылка остановлена: потерян доступ к чату 2000000014
2026-05-07 22:35:47,920 [WARNING] vk_bot: Рассылка приостановлена. Обработано чатов: 2
2026-05-07 22:37:46,810 [INFO] vk_bot: Создаю поток рассылки.
2026-05-07 22:37:46,812 [INFO] vk_bot: Рассылка запущена. Целевых чатов: 89
2026-05-07 22:37:46,812 [INFO] vk_bot: Рассылка: отправка в чат 2000000011
2026-05-07 22:37:46,812 [INFO] vk_bot: upload_message_photo: начинаем загрузку, message_photo_path=photo574393629_457242358_b6eb5a82321fba1977
2026-05-07 22:37:46,812 [INFO] vk_bot: attachment уже готов: photo574393629_457242358_b6eb5a82321fba1977
2026-05-07 22:37:46,996 [INFO] vk_bot: Рассылка: отправка в чат 2000000012
2026-05-07 22:37:46,997 [INFO] vk_bot: upload_message_photo: начинаем загрузку, message_photo_path=photo574393629_457242358_b6eb5a82321fba1977
2026-05-07 22:37:46,997 [INFO] vk_bot: attachment уже готов: photo574393629_457242358_b6eb5a82321fba1977
2026-05-07 22:37:47,551 [INFO] vk_bot: Рассылка: отправка в чат 2000000014
2026-05-07 22:37:47,552 [INFO] vk_bot: upload_message_photo: начинаем загрузку, message_photo_path=photo574393629_457242358_b6eb5a82321fba1977
2026-05-07 22:37:47,552 [INFO] vk_bot: attachment уже готов: photo574393629_457242358_b6eb5a82321fba1977
2026-05-07 22:37:48,044 [WARNING] vk_bot: Chat 2000000014: ошибка доступа. Рассылка приостановлена.
2026-05-07 22:37:48,044 [WARNING] vk_bot: Рассылка остановлена: потерян доступ к чату 2000000014
2026-05-07 22:37:48,044 [WARNING] vk_bot: Рассылка приостановлена. Обработано чатов: 2
2026-05-07 22:39:46,821 [INFO] vk_bot: Создаю поток рассылки.
2026-05-07 22:39:46,822 [INFO] vk_bot: Рассылка запущена. Целевых чатов: 89
2026-05-07 22:39:46,823 [INFO] vk_bot: Рассылка: отправка в чат 2000000011
2026-05-07 22:39:46,823 [INFO] vk_bot: upload_message_photo: начинаем загрузку, message_photo_path=photo574393629_457242358_b6eb5a82321fba1977
2026-05-07 22:39:46,823 [INFO] vk_bot: attachment уже готов: photo574393629_457242358_b6eb5a82321fba1977
2026-05-07 22:39:47,027 [INFO] vk_bot: Рассылка: отправка в чат 2000000012
2026-05-07 22:39:47,027 [INFO] vk_bot: upload_message_photo: начинаем загрузку, message_photo_path=photo574393629_457242358_b6eb5a82321fba1977
2026-05-07 22:39:47,028 [INFO] vk_bot: attachment уже готов: photo574393629_457242358_b6eb5a82321fba1977
2026-05-07 22:39:47,597 [INFO] vk_bot: Рассылка: отправка в чат 2000000014
2026-05-07 22:39:47,598 [INFO] vk_bot: upload_message_photo: начинаем загрузку, message_photo_path=photo574393629_457242358_b6eb5a82321fba1977
2026-05-07 22:39:47,598 [INFO] vk_bot: attachment уже готов: photo574393629_457242358_b6eb5a82321fba1977
2026-05-07 22:39:48,003 [WARNING] vk_bot: Chat 2000000014: ошибка доступа. Рассылка приостановлена.
2026-05-07 22:39:48,003 [WARNING] vk_bot: Рассылка остановлена: потерян доступ к чату 2000000014
2026-05-07 22:39:48,004 [WARNING] vk_bot: Рассылка приостановлена. Обработано чатов: 2
2026-05-07 22:41:46,830 [INFO] vk_bot: Создаю поток рассылки.
2026-05-07 22:41:46,830 [INFO] vk_bot: Рассылка запущена. Целевых чатов: 89
2026-05-07 22:41:46,830 [INFO] vk_bot: Рассылка: отправка в чат 2000000011
2026-05-07 22:41:46,831 [INFO] vk_bot: upload_message_photo: начинаем загрузку, message_photo_path=photo574393629_457242358_b6eb5a82321fba1977
2026-05-07 22:41:46,831 [INFO] vk_bot: attachment уже готов: photo574393629_457242358_b6eb5a82321fba1977
2026-05-07 22:41:47,020 [INFO] vk_bot: Рассылка: отправка в чат 2000000012
2026-05-07 22:41:47,021 [INFO] vk_bot: upload_message_photo: начинаем загрузку, message_photo_path=photo574393629_457242358_b6eb5a82321fba1977
2026-05-07 22:41:47,021 [INFO] vk_bot: attachment уже готов: photo574393629_457242358_b6eb5a82321fba1977
2026-05-07 22:41:47,537 [INFO] vk_bot: Рассылка: отправка в чат 2000000014
2026-05-07 22:41:47,538 [INFO] vk_bot: upload_message_photo: начинаем загрузку, message_photo_path=photo574393629_457242358_b6eb5a82321fba1977
2026-05-07 22:41:47,538 [INFO] vk_bot: attachment уже готов: photo574393629_457242358_b6eb5a82321fba1977
2026-05-07 22:41:47,945 [WARNING] vk_bot: Chat 2000000014: ошибка доступа. Рассылка приостановлена.
2026-05-07 22:41:47,945 [WARNING] vk_bot: Рассылка остановлена: потерян доступ к чату 2000000014
2026-05-07 22:41:47,945 [WARNING] vk_bot: Рассылка приостановлена. Обработано чатов: 2
2026-05-07 22:43:46,839 [INFO] vk_bot: Создаю поток рассылки.
2026-05-07 22:43:46,839 [INFO] vk_bot: Рассылка запущена. Целевых чатов: 89
2026-05-07 22:43:46,839 [INFO] vk_bot: Рассылка: отправка в чат 2000000011
2026-05-07 22:43:46,839 [INFO] vk_bot: upload_message_photo: начинаем загрузку, message_photo_path=photo574393629_457242358_b6eb5a82321fba1977
2026-05-07 22:43:46,840 [INFO] vk_bot: attachment уже готов: photo574393629_457242358_b6eb5a82321fba1977
2026-05-07 22:43:47,046 [INFO] vk_bot: Рассылка: отправка в чат 2000000012
2026-05-07 22:43:47,046 [INFO] vk_bot: upload_message_photo: начинаем загрузку, message_photo_path=photo574393629_457242358_b6eb5a82321fba1977
2026-05-07 22:43:47,046 [INFO] vk_bot: attachment уже готов: photo574393629_457242358_b6eb5a82321fba1977
2026-05-07 22:43:47,605 [INFO] vk_bot: Рассылка: отправка в чат 2000000014
2026-05-07 22:43:47,606 [INFO] vk_bot: upload_message_photo: начинаем загрузку, message_photo_path=photo574393629_457242358_b6eb5a82321fba1977
2026-05-07 22:43:47,606 [INFO] vk_bot: attachment уже готов: photo574393629_457242358_b6eb5a82321fba1977
2026-05-07 22:43:48,009 [WARNING] vk_bot: Chat 2000000014: ошибка доступа. Рассылка приостановлена.
2026-05-07 22:43:48,009 [WARNING] vk_bot: Рассылка остановлена: потерян доступ к чату 2000000014
2026-05-07 22:43:48,009 [WARNING] vk_bot: Рассылка приостановлена. Обработано чатов: 2
2026-05-07 22:45:46,848 [INFO] vk_bot: Создаю поток рассылки.
2026-05-07 22:45:46,848 [INFO] vk_bot: Рассылка запущена. Целевых чатов: 89
2026-05-07 22:45:46,848 [INFO] vk_bot: Рассылка: отправка в чат 2000000011
2026-05-07 22:45:46,848 [INFO] vk_bot: upload_message_photo: начинаем загрузку, message_photo_path=photo574393629_457242358_b6eb5a82321fba1977
2026-05-07 22:45:46,849 [INFO] vk_bot: attachment уже готов: photo574393629_457242358_b6eb5a82321fba1977
2026-05-07 22:45:47,050 [INFO] vk_bot: Рассылка: отправка в чат 2000000012
2026-05-07 22:45:47,050 [INFO] vk_bot: upload_message_photo: начинаем загрузку, message_photo_path=photo574393629_457242358_b6eb5a82321fba1977
2026-05-07 22:45:47,050 [INFO] vk_bot: attachment уже готов: photo574393629_457242358_b6eb5a82321fba1977
2026-05-07 22:45:47,578 [INFO] vk_bot: Рассылка: отправка в чат 2000000014
2026-05-07 22:45:47,578 [INFO] vk_bot: upload_message_photo: начинаем загрузку, message_photo_path=photo574393629_457242358_b6eb5a82321fba1977
2026-05-07 22:45:47,579 [INFO] vk_bot: attachment уже готов: photo574393629_457242358_b6eb5a82321fba1977
2026-05-07 22:45:47,993 [WARNING] vk_bot: Chat 2000000014: ошибка доступа. Рассылка приостановлена.
2026-05-07 22:45:47,994 [WARNING] vk_bot: Рассылка остановлена: потерян доступ к чату 2000000014
2026-05-07 22:45:47,995 [WARNING] vk_bot: Рассылка приостановлена. Обработано чатов: 2
2026-05-07 22:47:46,858 [INFO] vk_bot: Создаю поток рассылки.
2026-05-07 22:47:46,859 [INFO] vk_bot: Рассылка запущена. Целевых чатов: 89
2026-05-07 22:47:46,859 [INFO] vk_bot: Рассылка: отправка в чат 2000000011
2026-05-07 22:47:46,859 [INFO] vk_bot: upload_message_photo: начинаем загрузку, message_photo_path=photo574393629_457242358_b6eb5a82321fba1977
2026-05-07 22:47:46,859 [INFO] vk_bot: attachment уже готов: photo574393629_457242358_b6eb5a82321fba1977
2026-05-07 22:47:47,038 [INFO] vk_bot: Рассылка: отправка в чат 2000000012
2026-05-07 22:47:47,038 [INFO] vk_bot: upload_message_photo: начинаем загрузку, message_photo_path=photo574393629_457242358_b6eb5a82321fba1977
2026-05-07 22:47:47,038 [INFO] vk_bot: attachment уже готов: photo574393629_457242358_b6eb5a82321fba1977
2026-05-07 22:47:47,554 [INFO] vk_bot: Рассылка: отправка в чат 2000000014
2026-05-07 22:47:47,555 [INFO] vk_bot: upload_message_photo: начинаем загрузку, message_photo_path=photo574393629_457242358_b6eb5a82321fba1977
2026-05-07 22:47:47,555 [INFO] vk_bot: attachment уже готов: photo574393629_457242358_b6eb5a82321fba1977
2026-05-07 22:47:47,964 [WARNING] vk_bot: Chat 2000000014: ошибка доступа. Рассылка приостановлена.
2026-05-07 22:47:47,965 [WARNING] vk_bot: Рассылка остановлена: потерян доступ к чату 2000000014
2026-05-07 22:47:47,965 [WARNING] vk_bot: Рассылка приостановлена. Обработано чатов: 2
2026-05-07 22:49:46,867 [INFO] vk_bot: Создаю поток рассылки.
2026-05-07 22:49:46,869 [INFO] vk_bot: Рассылка запущена. Целевых чатов: 89
2026-05-07 22:49:46,869 [INFO] vk_bot: Рассылка: отправка в чат 2000000011
2026-05-07 22:49:46,869 [INFO] vk_bot: upload_message_photo: начинаем загрузку, message_photo_path=photo574393629_457242358_b6eb5a82321fba1977
2026-05-07 22:49:46,869 [INFO] vk_bot: attachment уже готов: photo574393629_457242358_b6eb5a82321fba1977
2026-05-07 22:49:47,643 [INFO] vk_bot: Рассылка: отправка в чат 2000000012
2026-05-07 22:49:47,644 [INFO] vk_bot: upload_message_photo: начинаем загрузку, message_photo_path=photo574393629_457242358_b6eb5a82321fba1977
2026-05-07 22:49:47,644 [INFO] vk_bot: attachment уже готов: photo574393629_457242358_b6eb5a82321fba1977
2026-05-07 22:49:48,253 [INFO] vk_bot: Рассылка: отправка в чат 2000000014
2026-05-07 22:49:48,253 [INFO] vk_bot: upload_message_photo: начинаем загрузку, message_photo_path=photo574393629_457242358_b6eb5a82321fba1977
2026-05-07 22:49:48,253 [INFO] vk_bot: attachment уже готов: photo574393629_457242358_b6eb5a82321fba1977
2026-05-07 22:49:48,676 [WARNING] vk_bot: Chat 2000000014: ошибка доступа. Рассылка приостановлена.
2026-05-07 22:49:48,677 [WARNING] vk_bot: Рассылка остановлена: потерян доступ к чату 2000000014
2026-05-07 22:49:48,677 [WARNING] vk_bot: Рассылка приостановлена. Обработано чатов: 2
2026-05-07 22:51:46,878 [INFO] vk_bot: Создаю поток рассылки.
2026-05-07 22:51:46,880 [INFO] vk_bot: Рассылка запущена. Целевых чатов: 89
2026-05-07 22:51:46,880 [INFO] vk_bot: Рассылка: отправка в чат 2000000011
2026-05-07 22:51:46,880 [INFO] vk_bot: upload_message_photo: начинаем загрузку, message_photo_path=photo574393629_457242358_b6eb5a82321fba1977
2026-05-07 22:51:46,880 [INFO] vk_bot: attachment уже готов: photo574393629_457242358_b6eb5a82321fba1977
2026-05-07 22:51:47,095 [INFO] vk_bot: Рассылка: отправка в чат 2000000012
2026-05-07 22:51:47,096 [INFO] vk_bot: upload_message_photo: начинаем загрузку, message_photo_path=photo574393629_457242358_b6eb5a82321fba1977
2026-05-07 22:51:47,096 [INFO] vk_bot: attachment уже готов: photo574393629_457242358_b6eb5a82321fba1977
2026-05-07 22:51:47,588 [INFO] vk_bot: Рассылка: отправка в чат 2000000014
2026-05-07 22:51:47,589 [INFO] vk_bot: upload_message_photo: начинаем загрузку, message_photo_path=photo574393629_457242358_b6eb5a82321fba1977
2026-05-07 22:51:47,589 [INFO] vk_bot: attachment уже готов: photo574393629_457242358_b6eb5a82321fba1977
2026-05-07 22:51:48,057 [WARNING] vk_bot: Chat 2000000014: ошибка доступа. Рассылка приостановлена.
2026-05-07 22:51:48,057 [WARNING] vk_bot: Рассылка остановлена: потерян доступ к чату 2000000014
2026-05-07 22:51:48,057 [WARNING] vk_bot: Рассылка приостановлена. Обработано чатов: 2
2026-05-07 22:53:46,890 [INFO] vk_bot: Создаю поток рассылки.
2026-05-07 22:53:46,890 [INFO] vk_bot: Рассылка запущена. Целевых чатов: 89
2026-05-07 22:53:46,890 [INFO] vk_bot: Рассылка: отправка в чат 2000000011
2026-05-07 22:53:46,891 [INFO] vk_bot: upload_message_photo: начинаем загрузку, message_photo_path=photo574393629_457242358_b6eb5a82321fba1977
2026-05-07 22:53:46,891 [INFO] vk_bot: attachment уже готов: photo574393629_457242358_b6eb5a82321fba1977
2026-05-07 22:53:47,083 [INFO] vk_bot: Рассылка: отправка в чат 2000000012
2026-05-07 22:53:47,083 [INFO] vk_bot: upload_message_photo: начинаем загрузку, message_photo_path=photo574393629_457242358_b6eb5a82321fba1977
2026-05-07 22:53:47,083 [INFO] vk_bot: attachment уже готов: photo574393629_457242358_b6eb5a82321fba1977
2026-05-07 22:53:47,648 [INFO] vk_bot: Рассылка: отправка в чат 2000000014
2026-05-07 22:53:47,648 [INFO] vk_bot: upload_message_photo: начинаем загрузку, message_photo_path=photo574393629_457242358_b6eb5a82321fba1977
2026-05-07 22:53:47,648 [INFO] vk_bot: attachment уже готов: photo574393629_457242358_b6eb5a82321fba1977
2026-05-07 22:53:48,079 [WARNING] vk_bot: Chat 2000000014: ошибка доступа. Рассылка приостановлена.
2026-05-07 22:53:48,080 [WARNING] vk_bot: Рассылка остановлена: потерян доступ к чату 2000000014
2026-05-07 22:53:48,080 [WARNING] vk_bot: Рассылка приостановлена. Обработано чатов: 2
2026-05-07 22:55:46,903 [INFO] vk_bot: Создаю поток рассылки.
2026-05-07 22:55:46,903 [INFO] vk_bot: Рассылка запущена. Целевых чатов: 89
2026-05-07 22:55:46,904 [INFO] vk_bot: Рассылка: отправка в чат 2000000011
2026-05-07 22:55:46,904 [INFO] vk_bot: upload_message_photo: начинаем загрузку, message_photo_path=photo574393629_457242358_b6eb5a82321fba1977
2026-05-07 22:55:46,904 [INFO] vk_bot: attachment уже готов: photo574393629_457242358_b6eb5a82321fba1977
2026-05-07 22:55:47,155 [INFO] vk_bot: Рассылка: отправка в чат 2000000012
2026-05-07 22:55:47,155 [INFO] vk_bot: upload_message_photo: начинаем загрузку, message_photo_path=photo574393629_457242358_b6eb5a82321fba1977
2026-05-07 22:55:47,155 [INFO] vk_bot: attachment уже готов: photo574393629_457242358_b6eb5a82321fba1977
2026-05-07 22:55:47,718 [INFO] vk_bot: Рассылка: отправка в чат 2000000014
2026-05-07 22:55:47,719 [INFO] vk_bot: upload_message_photo: начинаем загрузку, message_photo_path=photo574393629_457242358_b6eb5a82321fba1977
2026-05-07 22:55:47,719 [INFO] vk_bot: attachment уже готов: photo574393629_457242358_b6eb5a82321fba1977
2026-05-07 22:55:48,123 [WARNING] vk_bot: Chat 2000000014: ошибка доступа. Рассылка приостановлена.
2026-05-07 22:55:48,123 [WARNING] vk_bot: Рассылка остановлена: потерян доступ к чату 2000000014
2026-05-07 22:55:48,124 [WARNING] vk_bot: Рассылка приостановлена. Обработано чатов: 2
2026-05-07 22:57:46,916 [INFO] vk_bot: Создаю поток рассылки.
2026-05-07 22:57:46,917 [INFO] vk_bot: Рассылка запущена. Целевых чатов: 89
2026-05-07 22:57:46,917 [INFO] vk_bot: Рассылка: отправка в чат 2000000011
2026-05-07 22:57:46,917 [INFO] vk_bot: upload_message_photo: начинаем загрузку, message_photo_path=photo574393629_457242358_b6eb5a82321fba1977
2026-05-07 22:57:46,917 [INFO] vk_bot: attachment уже готов: photo574393629_457242358_b6eb5a82321fba1977
2026-05-07 22:57:47,267 [INFO] vk_bot: Рассылка: отправка в чат 2000000012
2026-05-07 22:57:47,267 [INFO] vk_bot: upload_message_photo: начинаем загрузку, message_photo_path=photo574393629_457242358_b6eb5a82321fba1977
2026-05-07 22:57:47,267 [INFO] vk_bot: attachment уже готов: photo574393629_457242358_b6eb5a82321fba1977
2026-05-07 22:57:47,802 [INFO] vk_bot: Рассылка: отправка в чат 2000000014
2026-05-07 22:57:47,802 [INFO] vk_bot: upload_message_photo: начинаем загрузку, message_photo_path=photo574393629_457242358_b6eb5a82321fba1977
2026-05-07 22:57:47,802 [INFO] vk_bot: attachment уже готов: photo574393629_457242358_b6eb5a82321fba1977
2026-05-07 22:57:48,198 [WARNING] vk_bot: Chat 2000000014: ошибка доступа. Рассылка приостановлена.
2026-05-07 22:57:48,199 [WARNING] vk_bot: Рассылка остановлена: потерян доступ к чату 2000000014
2026-05-07 22:57:48,199 [WARNING] vk_bot: Рассылка приостановлена. Обработано чатов: 2
2026-05-07 22:59:46,926 [INFO] vk_bot: Создаю поток рассылки.
2026-05-07 22:59:46,926 [INFO] vk_bot: Рассылка запущена. Целевых чатов: 89
2026-05-07 22:59:46,926 [INFO] vk_bot: Рассылка: отправка в чат 2000000011
2026-05-07 22:59:46,926 [INFO] vk_bot: upload_message_photo: начинаем загрузку, message_photo_path=photo574393629_457242358_b6eb5a82321fba1977
2026-05-07 22:59:46,927 [INFO] vk_bot: attachment уже готов: photo574393629_457242358_b6eb5a82321fba1977
2026-05-07 22:59:47,119 [INFO] vk_bot: Рассылка: отправка в чат 2000000012
2026-05-07 22:59:47,120 [INFO] vk_bot: upload_message_photo: начинаем загрузку, message_photo_path=photo574393629_457242358_b6eb5a82321fba1977
2026-05-07 22:59:47,120 [INFO] vk_bot: attachment уже готов: photo574393629_457242358_b6eb5a82321fba1977
2026-05-07 22:59:47,660 [INFO] vk_bot: Рассылка: отправка в чат 2000000014
2026-05-07 22:59:47,660 [INFO] vk_bot: upload_message_photo: начинаем загрузку, message_photo_path=photo574393629_457242358_b6eb5a82321fba1977
2026-05-07 22:59:47,661 [INFO] vk_bot: attachment уже готов: photo574393629_457242358_b6eb5a82321fba1977
2026-05-07 22:59:48,060 [WARNING] vk_bot: Chat 2000000014: ошибка доступа. Рассылка приостановлена.
2026-05-07 22:59:48,060 [WARNING] vk_bot: Рассылка остановлена: потерян доступ к чату 2000000014
2026-05-07 22:59:48,061 [WARNING] vk_bot: Рассылка приостановлена. Обработано чатов: 2
2026-05-07 23:01:46,937 [INFO] vk_bot: Создаю поток рассылки.
2026-05-07 23:01:46,937 [INFO] vk_bot: Рассылка запущена. Целевых чатов: 89
2026-05-07 23:01:46,938 [INFO] vk_bot: Рассылка: отправка в чат 2000000011
2026-05-07 23:01:46,938 [INFO] vk_bot: upload_message_photo: начинаем загрузку, message_photo_path=photo574393629_457242358_b6eb5a82321fba1977
2026-05-07 23:01:46,938 [INFO] vk_bot: attachment уже готов: photo574393629_457242358_b6eb5a82321fba1977
2026-05-07 23:01:47,792 [INFO] vk_bot: Рассылка: отправка в чат 2000000012
2026-05-07 23:01:47,792 [INFO] vk_bot: upload_message_photo: начинаем загрузку, message_photo_path=photo574393629_457242358_b6eb5a82321fba1977
2026-05-07 23:01:47,793 [INFO] vk_bot: attachment уже готов: photo574393629_457242358_b6eb5a82321fba1977
2026-05-07 23:01:48,314 [INFO] vk_bot: Рассылка: отправка в чат 2000000014
2026-05-07 23:01:48,314 [INFO] vk_bot: upload_message_photo: начинаем загрузку, message_photo_path=photo574393629_457242358_b6eb5a82321fba1977
2026-05-07 23:01:48,314 [INFO] vk_bot: attachment уже готов: photo574393629_457242358_b6eb5a82321fba1977
2026-05-07 23:01:48,714 [WARNING] vk_bot: Chat 2000000014: ошибка доступа. Рассылка приостановлена.
2026-05-07 23:01:48,714 [WARNING] vk_bot: Рассылка остановлена: потерян доступ к чату 2000000014
2026-05-07 23:01:48,714 [WARNING] vk_bot: Рассылка приостановлена. Обработано чатов: 2
2026-05-07 23:03:46,947 [INFO] vk_bot: Создаю поток рассылки.
2026-05-07 23:03:46,948 [INFO] vk_bot: Рассылка запущена. Целевых чатов: 89
2026-05-07 23:03:46,948 [INFO] vk_bot: Рассылка: отправка в чат 2000000011
2026-05-07 23:03:46,948 [INFO] vk_bot: upload_message_photo: начинаем загрузку, message_photo_path=photo574393629_457242358_b6eb5a82321fba1977
2026-05-07 23:03:46,948 [INFO] vk_bot: attachment уже готов: photo574393629_457242358_b6eb5a82321fba1977
2026-05-07 23:03:47,208 [INFO] vk_bot: Рассылка: отправка в чат 2000000012
2026-05-07 23:03:47,208 [INFO] vk_bot: upload_message_photo: начинаем загрузку, message_photo_path=photo574393629_457242358_b6eb5a82321fba1977
2026-05-07 23:03:47,208 [INFO] vk_bot: attachment уже готов: photo574393629_457242358_b6eb5a82321fba1977
2026-05-07 23:03:47,748 [INFO] vk_bot: Рассылка: отправка в чат 2000000014
2026-05-07 23:03:47,748 [INFO] vk_bot: upload_message_photo: начинаем загрузку, message_photo_path=photo574393629_457242358_b6eb5a82321fba1977
2026-05-07 23:03:47,748 [INFO] vk_bot: attachment уже готов: photo574393629_457242358_b6eb5a82321fba1977
2026-05-07 23:03:48,149 [WARNING] vk_bot: Chat 2000000014: ошибка доступа. Рассылка приостановлена.
2026-05-07 23:03:48,150 [WARNING] vk_bot: Рассылка остановлена: потерян доступ к чату 2000000014
2026-05-07 23:03:48,150 [WARNING] vk_bot: Рассылка приостановлена. Обработано чатов: 2
2026-05-07 23:05:46,957 [INFO] vk_bot: Создаю поток рассылки.
2026-05-07 23:05:46,957 [INFO] vk_bot: Рассылка запущена. Целевых чатов: 89
2026-05-07 23:05:46,957 [INFO] vk_bot: Рассылка: отправка в чат 2000000011
2026-05-07 23:05:46,957 [INFO] vk_bot: upload_message_photo: начинаем загрузку, message_photo_path=photo574393629_457242358_b6eb5a82321fba1977
2026-05-07 23:05:46,957 [INFO] vk_bot: attachment уже готов: photo574393629_457242358_b6eb5a82321fba1977
2026-05-07 23:05:47,133 [INFO] vk_bot: Рассылка: отправка в чат 2000000012
2026-05-07 23:05:47,133 [INFO] vk_bot: upload_message_photo: начинаем загрузку, message_photo_path=photo574393629_457242358_b6eb5a82321fba1977
2026-05-07 23:05:47,133 [INFO] vk_bot: attachment уже готов: photo574393629_457242358_b6eb5a82321fba1977
2026-05-07 23:05:47,680 [INFO] vk_bot: Рассылка: отправка в чат 2000000014
2026-05-07 23:05:47,681 [INFO] vk_bot: upload_message_photo: начинаем загрузку, message_photo_path=photo574393629_457242358_b6eb5a82321fba1977
2026-05-07 23:05:47,681 [INFO] vk_bot: attachment уже готов: photo574393629_457242358_b6eb5a82321fba1977
2026-05-07 23:05:48,085 [WARNING] vk_bot: Chat 2000000014: ошибка доступа. Рассылка приостановлена.
2026-05-07 23:05:48,085 [WARNING] vk_bot: Рассылка остановлена: потерян доступ к чату 2000000014
2026-05-07 23:05:48,085 [WARNING] vk_bot: Рассылка приостановлена. Обработано чатов: 2
2026-05-07 23:07:46,969 [INFO] vk_bot: Создаю поток рассылки.
2026-05-07 23:07:46,971 [INFO] vk_bot: Рассылка запущена. Целевых чатов: 89
2026-05-07 23:07:46,971 [INFO] vk_bot: Рассылка: отправка в чат 2000000011
2026-05-07 23:07:46,971 [INFO] vk_bot: upload_message_photo: начинаем загрузку, message_photo_path=photo574393629_457242358_b6eb5a82321fba1977
2026-05-07 23:07:46,971 [INFO] vk_bot: attachment уже готов: photo574393629_457242358_b6eb5a82321fba1977
2026-05-07 23:07:47,239 [INFO] vk_bot: Рассылка: отправка в чат 2000000012
2026-05-07 23:07:47,240 [INFO] vk_bot: upload_message_photo: начинаем загрузку, message_photo_path=photo574393629_457242358_b6eb5a82321fba1977
2026-05-07 23:07:47,240 [INFO] vk_bot: attachment уже готов: photo574393629_457242358_b6eb5a82321fba1977
2026-05-07 23:07:47,783 [INFO] vk_bot: Рассылка: отправка в чат 2000000014
2026-05-07 23:07:47,784 [INFO] vk_bot: upload_message_photo: начинаем загрузку, message_photo_path=photo574393629_457242358_b6eb5a82321fba1977
2026-05-07 23:07:47,784 [INFO] vk_bot: attachment уже готов: photo574393629_457242358_b6eb5a82321fba1977
2026-05-07 23:07:48,226 [WARNING] vk_bot: Chat 2000000014: ошибка доступа. Рассылка приостановлена.
2026-05-07 23:07:48,227 [WARNING] vk_bot: Рассылка остановлена: потерян доступ к чату 2000000014
2026-05-07 23:07:48,227 [WARNING] vk_bot: Рассылка приостановлена. Обработано чатов: 2
2026-05-07 23:09:46,979 [INFO] vk_bot: Создаю поток рассылки.
2026-05-07 23:09:46,980 [INFO] vk_bot: Рассылка запущена. Целевых чатов: 89
2026-05-07 23:09:46,980 [INFO] vk_bot: Рассылка: отправка в чат 2000000011
2026-05-07 23:09:46,980 [INFO] vk_bot: upload_message_photo: начинаем загрузку, message_photo_path=photo574393629_457242358_b6eb5a82321fba1977
2026-05-07 23:09:46,980 [INFO] vk_bot: attachment уже готов: photo574393629_457242358_b6eb5a82321fba1977
2026-05-07 23:09:47,207 [INFO] vk_bot: Рассылка: отправка в чат 2000000012
2026-05-07 23:09:47,208 [INFO] vk_bot: upload_message_photo: начинаем загрузку, message_photo_path=photo574393629_457242358_b6eb5a82321fba1977
2026-05-07 23:09:47,208 [INFO] vk_bot: attachment уже готов: photo574393629_457242358_b6eb5a82321fba1977
2026-05-07 23:09:47,759 [INFO] vk_bot: Рассылка: отправка в чат 2000000014
2026-05-07 23:09:47,759 [INFO] vk_bot: upload_message_photo: начинаем загрузку, message_photo_path=photo574393629_457242358_b6eb5a82321fba1977
2026-05-07 23:09:47,759 [INFO] vk_bot: attachment уже готов: photo574393629_457242358_b6eb5a82321fba1977
2026-05-07 23:09:48,159 [WARNING] vk_bot: Chat 2000000014: ошибка доступа. Рассылка приостановлена.
2026-05-07 23:09:48,159 [WARNING] vk_bot: Рассылка остановлена: потерян доступ к чату 2000000014
2026-05-07 23:09:48,160 [WARNING] vk_bot: Рассылка приостановлена. Обработано чатов: 2
2026-05-07 23:11:46,992 [INFO] vk_bot: Создаю поток рассылки.
2026-05-07 23:11:46,993 [INFO] vk_bot: Рассылка запущена. Целевых чатов: 89
2026-05-07 23:11:46,993 [INFO] vk_bot: Рассылка: отправка в чат 2000000011
2026-05-07 23:11:46,993 [INFO] vk_bot: upload_message_photo: начинаем загрузку, message_photo_path=photo574393629_457242358_b6eb5a82321fba1977
2026-05-07 23:11:46,993 [INFO] vk_bot: attachment уже готов: photo574393629_457242358_b6eb5a82321fba1977
2026-05-07 23:11:47,215 [INFO] vk_bot: Рассылка: отправка в чат 2000000012
2026-05-07 23:11:47,215 [INFO] vk_bot: upload_message_photo: начинаем загрузку, message_photo_path=photo574393629_457242358_b6eb5a82321fba1977
2026-05-07 23:11:47,215 [INFO] vk_bot: attachment уже готов: photo574393629_457242358_b6eb5a82321fba1977
2026-05-07 23:11:47,768 [INFO] vk_bot: Рассылка: отправка в чат 2000000014
2026-05-07 23:11:47,768 [INFO] vk_bot: upload_message_photo: начинаем загрузку, message_photo_path=photo574393629_457242358_b6eb5a82321fba1977
2026-05-07 23:11:47,768 [INFO] vk_bot: attachment уже готов: photo574393629_457242358_b6eb5a82321fba1977
2026-05-07 23:11:48,248 [INFO] vk_bot: Рассылка: отправка в чат 2000000015
2026-05-07 23:11:48,248 [INFO] vk_bot: upload_message_photo: начинаем загрузку, message_photo_path=photo574393629_457242358_b6eb5a82321fba1977
2026-05-07 23:11:48,249 [INFO] vk_bot: attachment уже готов: photo574393629_457242358_b6eb5a82321fba1977
2026-05-07 23:11:48,696 [WARNING] vk_bot: Chat 2000000015: ошибка доступа. Рассылка приостановлена.
2026-05-07 23:11:48,696 [WARNING] vk_bot: Рассылка остановлена: потерян доступ к чату 2000000015
2026-05-07 23:11:48,696 [WARNING] vk_bot: Рассылка приостановлена. Обработано чатов: 3
2026-05-07 23:13:47,001 [INFO] vk_bot: Создаю поток рассылки.
2026-05-07 23:13:47,002 [INFO] vk_bot: Рассылка запущена. Целевых чатов: 89
2026-05-07 23:13:47,002 [INFO] vk_bot: Рассылка: отправка в чат 2000000011
2026-05-07 23:13:47,002 [INFO] vk_bot: upload_message_photo: начинаем загрузку, message_photo_path=photo574393629_457242358_b6eb5a82321fba1977
2026-05-07 23:13:47,002 [INFO] vk_bot: attachment уже готов: photo574393629_457242358_b6eb5a82321fba1977
2026-05-07 23:13:47,224 [INFO] vk_bot: Рассылка: отправка в чат 2000000012
2026-05-07 23:13:47,225 [INFO] vk_bot: upload_message_photo: начинаем загрузку, message_photo_path=photo574393629_457242358_b6eb5a82321fba1977
2026-05-07 23:13:47,225 [INFO] vk_bot: attachment уже готов: photo574393629_457242358_b6eb5a82321fba1977
2026-05-07 23:13:47,783 [INFO] vk_bot: Рассылка: отправка в чат 2000000014
2026-05-07 23:13:47,783 [INFO] vk_bot: upload_message_photo: начинаем загрузку, message_photo_path=photo574393629_457242358_b6eb5a82321fba1977
2026-05-07 23:13:47,783 [INFO] vk_bot: attachment уже готов: photo574393629_457242358_b6eb5a82321fba1977
2026-05-07 23:13:48,255 [INFO] vk_bot: Рассылка: отправка в чат 2000000015
2026-05-07 23:13:48,255 [INFO] vk_bot: upload_message_photo: начинаем загрузку, message_photo_path=photo574393629_457242358_b6eb5a82321fba1977
2026-05-07 23:13:48,255 [INFO] vk_bot: attachment уже готов: photo574393629_457242358_b6eb5a82321fba1977
2026-05-07 23:13:48,824 [WARNING] vk_bot: Chat 2000000015: ошибка доступа. Рассылка приостановлена.
2026-05-07 23:13:48,824 [WARNING] vk_bot: Рассылка остановлена: потерян доступ к чату 2000000015
2026-05-07 23:13:48,824 [WARNING] vk_bot: Рассылка приостановлена. Обработано чатов: 3
2026-05-07 23:15:47,011 [INFO] vk_bot: Создаю поток рассылки.
2026-05-07 23:15:47,012 [INFO] vk_bot: Рассылка запущена. Целевых чатов: 89
2026-05-07 23:15:47,012 [INFO] vk_bot: Рассылка: отправка в чат 2000000011
2026-05-07 23:15:47,012 [INFO] vk_bot: upload_message_photo: начинаем загрузку, message_photo_path=photo574393629_457242358_b6eb5a82321fba1977
2026-05-07 23:15:47,012 [INFO] vk_bot: attachment уже готов: photo574393629_457242358_b6eb5a82321fba1977
2026-05-07 23:15:47,229 [INFO] vk_bot: Рассылка: отправка в чат 2000000012
2026-05-07 23:15:47,230 [INFO] vk_bot: upload_message_photo: начинаем загрузку, message_photo_path=photo574393629_457242358_b6eb5a82321fba1977
2026-05-07 23:15:47,230 [INFO] vk_bot: attachment уже готов: photo574393629_457242358_b6eb5a82321fba1977
2026-05-07 23:15:47,793 [INFO] vk_bot: Рассылка: отправка в чат 2000000014
2026-05-07 23:15:47,793 [INFO] vk_bot: upload_message_photo: начинаем загрузку, message_photo_path=photo574393629_457242358_b6eb5a82321fba1977
2026-05-07 23:15:47,794 [INFO] vk_bot: attachment уже готов: photo574393629_457242358_b6eb5a82321fba1977
2026-05-07 23:15:48,273 [INFO] vk_bot: Рассылка: отправка в чат 2000000015
2026-05-07 23:15:48,273 [INFO] vk_bot: upload_message_photo: начинаем загрузку, message_photo_path=photo574393629_457242358_b6eb5a82321fba1977
2026-05-07 23:15:48,273 [INFO] vk_bot: attachment уже готов: photo574393629_457242358_b6eb5a82321fba1977
2026-05-07 23:15:48,683 [WARNING] vk_bot: Chat 2000000015: ошибка доступа. Рассылка приостановлена.
2026-05-07 23:15:48,683 [WARNING] vk_bot: Рассылка остановлена: потерян доступ к чату 2000000015
2026-05-07 23:15:48,683 [WARNING] vk_bot: Рассылка приостановлена. Обработано чатов: 3
2026-05-07 23:17:47,020 [INFO] vk_bot: Создаю поток рассылки.
2026-05-07 23:17:47,021 [INFO] vk_bot: Рассылка запущена. Целевых чатов: 89
2026-05-07 23:17:47,021 [INFO] vk_bot: Рассылка: отправка в чат 2000000011
2026-05-07 23:17:47,021 [INFO] vk_bot: upload_message_photo: начинаем загрузку, message_photo_path=photo574393629_457242358_b6eb5a82321fba1977
2026-05-07 23:17:47,021 [INFO] vk_bot: attachment уже готов: photo574393629_457242358_b6eb5a82321fba1977
2026-05-07 23:17:47,254 [INFO] vk_bot: Рассылка: отправка в чат 2000000012
2026-05-07 23:17:47,254 [INFO] vk_bot: upload_message_photo: начинаем загрузку, message_photo_path=photo574393629_457242358_b6eb5a82321fba1977
2026-05-07 23:17:47,254 [INFO] vk_bot: attachment уже готов: photo574393629_457242358_b6eb5a82321fba1977
2026-05-07 23:17:47,858 [INFO] vk_bot: Рассылка: отправка в чат 2000000014
2026-05-07 23:17:47,858 [INFO] vk_bot: upload_message_photo: начинаем загрузку, message_photo_path=photo574393629_457242358_b6eb5a82321fba1977
2026-05-07 23:17:47,858 [INFO] vk_bot: attachment уже готов: photo574393629_457242358_b6eb5a82321fba1977
2026-05-07 23:17:48,264 [INFO] vk_bot: Chat 2000000014: удалён из списка рассылки (участник исключён из беседы)
2026-05-07 23:17:48,275 [INFO] vk_bot: Рассылка: отправка в чат 2000000015
2026-05-07 23:17:48,275 [INFO] vk_bot: upload_message_photo: начинаем загрузку, message_photo_path=photo574393629_457242358_b6eb5a82321fba1977
2026-05-07 23:17:48,276 [INFO] vk_bot: attachment уже готов: photo574393629_457242358_b6eb5a82321fba1977
2026-05-07 23:17:48,694 [WARNING] vk_bot: Chat 2000000015: ошибка доступа. Рассылка приостановлена.
2026-05-07 23:17:48,695 [WARNING] vk_bot: Рассылка остановлена: потерян доступ к чату 2000000015
2026-05-07 23:17:48,695 [WARNING] vk_bot: Рассылка приостановлена. Обработано чатов: 3
2026-05-07 23:19:47,030 [INFO] vk_bot: Создаю поток рассылки.
2026-05-07 23:19:47,031 [INFO] vk_bot: Рассылка запущена. Целевых чатов: 88
2026-05-07 23:19:47,031 [INFO] vk_bot: Рассылка: отправка в чат 2000000011
2026-05-07 23:19:47,031 [INFO] vk_bot: upload_message_photo: начинаем загрузку, message_photo_path=photo574393629_457242358_b6eb5a82321fba1977
2026-05-07 23:19:47,031 [INFO] vk_bot: attachment уже готов: photo574393629_457242358_b6eb5a82321fba1977
2026-05-07 23:19:47,816 [INFO] vk_bot: Рассылка: отправка в чат 2000000012
2026-05-07 23:19:47,816 [INFO] vk_bot: upload_message_photo: начинаем загрузку, message_photo_path=photo574393629_457242358_b6eb5a82321fba1977
2026-05-07 23:19:47,816 [INFO] vk_bot: attachment уже готов: photo574393629_457242358_b6eb5a82321fba1977
2026-05-07 23:19:48,376 [INFO] vk_bot: Рассылка: отправка в чат 2000000015
2026-05-07 23:19:48,376 [INFO] vk_bot: upload_message_photo: начинаем загрузку, message_photo_path=photo574393629_457242358_b6eb5a82321fba1977
2026-05-07 23:19:48,377 [INFO] vk_bot: attachment уже готов: photo574393629_457242358_b6eb5a82321fba1977
2026-05-07 23:19:48,792 [WARNING] vk_bot: Chat 2000000015: ошибка доступа. Рассылка приостановлена.
2026-05-07 23:19:48,792 [WARNING] vk_bot: Рассылка остановлена: потерян доступ к чату 2000000015
2026-05-07 23:19:48,792 [WARNING] vk_bot: Рассылка приостановлена. Обработано чатов: 2
2026-05-07 23:21:47,041 [INFO] vk_bot: Создаю поток рассылки.
2026-05-07 23:21:47,042 [INFO] vk_bot: Рассылка запущена. Целевых чатов: 88
2026-05-07 23:21:47,042 [INFO] vk_bot: Рассылка: отправка в чат 2000000011
2026-05-07 23:21:47,042 [INFO] vk_bot: upload_message_photo: начинаем загрузку, message_photo_path=photo574393629_457242358_b6eb5a82321fba1977
2026-05-07 23:21:47,042 [INFO] vk_bot: attachment уже готов: photo574393629_457242358_b6eb5a82321fba1977
2026-05-07 23:21:47,290 [INFO] vk_bot: Рассылка: отправка в чат 2000000012
2026-05-07 23:21:47,290 [INFO] vk_bot: upload_message_photo: начинаем загрузку, message_photo_path=photo574393629_457242358_b6eb5a82321fba1977
2026-05-07 23:21:47,290 [INFO] vk_bot: attachment уже готов: photo574393629_457242358_b6eb5a82321fba1977
2026-05-07 23:21:47,824 [INFO] vk_bot: Рассылка: отправка в чат 2000000015
2026-05-07 23:21:47,824 [INFO] vk_bot: upload_message_photo: начинаем загрузку, message_photo_path=photo574393629_457242358_b6eb5a82321fba1977
2026-05-07 23:21:47,824 [INFO] vk_bot: attachment уже готов: photo574393629_457242358_b6eb5a82321fba1977
2026-05-07 23:21:48,227 [WARNING] vk_bot: Chat 2000000015: ошибка доступа. Рассылка приостановлена.
2026-05-07 23:21:48,227 [WARNING] vk_bot: Рассылка остановлена: потерян доступ к чату 2000000015
2026-05-07 23:21:48,227 [WARNING] vk_bot: Рассылка приостановлена. Обработано чатов: 2
2026-05-07 23:23:47,053 [INFO] vk_bot: Создаю поток рассылки.
2026-05-07 23:23:47,054 [INFO] vk_bot: Рассылка запущена. Целевых чатов: 88
2026-05-07 23:23:47,054 [INFO] vk_bot: Рассылка: отправка в чат 2000000011
2026-05-07 23:23:47,054 [INFO] vk_bot: upload_message_photo: начинаем загрузку, message_photo_path=photo574393629_457242358_b6eb5a82321fba1977
2026-05-07 23:23:47,054 [INFO] vk_bot: attachment уже готов: photo574393629_457242358_b6eb5a82321fba1977
2026-05-07 23:23:47,277 [INFO] vk_bot: Рассылка: отправка в чат 2000000012
2026-05-07 23:23:47,278 [INFO] vk_bot: upload_message_photo: начинаем загрузку, message_photo_path=photo574393629_457242358_b6eb5a82321fba1977
2026-05-07 23:23:47,278 [INFO] vk_bot: attachment уже готов: photo574393629_457242358_b6eb5a82321fba1977
2026-05-07 23:23:47,819 [INFO] vk_bot: Рассылка: отправка в чат 2000000015
2026-05-07 23:23:47,819 [INFO] vk_bot: upload_message_photo: начинаем загрузку, message_photo_path=photo574393629_457242358_b6eb5a82321fba1977
2026-05-07 23:23:47,819 [INFO] vk_bot: attachment уже готов: photo574393629_457242358_b6eb5a82321fba1977
2026-05-07 23:23:48,221 [WARNING] vk_bot: Chat 2000000015: ошибка доступа. Рассылка приостановлена.
2026-05-07 23:23:48,221 [WARNING] vk_bot: Рассылка остановлена: потерян доступ к чату 2000000015
2026-05-07 23:23:48,221 [WARNING] vk_bot: Рассылка приостановлена. Обработано чатов: 2
2026-05-07 23:25:47,062 [INFO] vk_bot: Создаю поток рассылки.
2026-05-07 23:25:47,063 [INFO] vk_bot: Рассылка запущена. Целевых чатов: 88
2026-05-07 23:25:47,063 [INFO] vk_bot: Рассылка: отправка в чат 2000000011
2026-05-07 23:25:47,063 [INFO] vk_bot: upload_message_photo: начинаем загрузку, message_photo_path=photo574393629_457242358_b6eb5a82321fba1977
2026-05-07 23:25:47,063 [INFO] vk_bot: attachment уже готов: photo574393629_457242358_b6eb5a82321fba1977
2026-05-07 23:25:47,282 [INFO] vk_bot: Рассылка: отправка в чат 2000000012
2026-05-07 23:25:47,283 [INFO] vk_bot: upload_message_photo: начинаем загрузку, message_photo_path=photo574393629_457242358_b6eb5a82321fba1977
2026-05-07 23:25:47,283 [INFO] vk_bot: attachment уже готов: photo574393629_457242358_b6eb5a82321fba1977
2026-05-07 23:25:47,871 [INFO] vk_bot: Рассылка: отправка в чат 2000000015
2026-05-07 23:25:47,871 [INFO] vk_bot: upload_message_photo: начинаем загрузку, message_photo_path=photo574393629_457242358_b6eb5a82321fba1977
2026-05-07 23:25:47,872 [INFO] vk_bot: attachment уже готов: photo574393629_457242358_b6eb5a82321fba1977
2026-05-07 23:25:48,269 [WARNING] vk_bot: Chat 2000000015: ошибка доступа. Рассылка приостановлена.
2026-05-07 23:25:48,270 [WARNING] vk_bot: Рассылка остановлена: потерян доступ к чату 2000000015
2026-05-07 23:25:48,270 [WARNING] vk_bot: Рассылка приостановлена. Обработано чатов: 2
2026-05-07 23:27:47,073 [INFO] vk_bot: Создаю поток рассылки.
2026-05-07 23:27:47,073 [INFO] vk_bot: Рассылка запущена. Целевых чатов: 88
2026-05-07 23:27:47,073 [INFO] vk_bot: Рассылка: отправка в чат 2000000011
2026-05-07 23:27:47,074 [INFO] vk_bot: upload_message_photo: начинаем загрузку, message_photo_path=photo574393629_457242358_b6eb5a82321fba1977
2026-05-07 23:27:47,074 [INFO] vk_bot: attachment уже готов: photo574393629_457242358_b6eb5a82321fba1977
2026-05-07 23:27:47,309 [INFO] vk_bot: Рассылка: отправка в чат 2000000012
2026-05-07 23:27:47,310 [INFO] vk_bot: upload_message_photo: начинаем загрузку, message_photo_path=photo574393629_457242358_b6eb5a82321fba1977
2026-05-07 23:27:47,310 [INFO] vk_bot: attachment уже готов: photo574393629_457242358_b6eb5a82321fba1977
2026-05-07 23:27:47,828 [INFO] vk_bot: Рассылка: отправка в чат 2000000015
2026-05-07 23:27:47,828 [INFO] vk_bot: upload_message_photo: начинаем загрузку, message_photo_path=photo574393629_457242358_b6eb5a82321fba1977
2026-05-07 23:27:47,828 [INFO] vk_bot: attachment уже готов: photo574393629_457242358_b6eb5a82321fba1977
2026-05-07 23:27:48,236 [WARNING] vk_bot: Chat 2000000015: ошибка доступа. Рассылка приостановлена.
2026-05-07 23:27:48,236 [WARNING] vk_bot: Рассылка остановлена: потерян доступ к чату 2000000015
2026-05-07 23:27:48,236 [WARNING] vk_bot: Рассылка приостановлена. Обработано чатов: 2
2026-05-07 23:29:47,091 [INFO] vk_bot: Создаю поток рассылки.
2026-05-07 23:29:47,092 [INFO] vk_bot: Рассылка запущена. Целевых чатов: 88
2026-05-07 23:29:47,093 [INFO] vk_bot: Рассылка: отправка в чат 2000000011
2026-05-07 23:29:47,093 [INFO] vk_bot: upload_message_photo: начинаем загрузку, message_photo_path=photo574393629_457242358_b6eb5a82321fba1977
2026-05-07 23:29:47,093 [INFO] vk_bot: attachment уже готов: photo574393629_457242358_b6eb5a82321fba1977
2026-05-07 23:29:47,872 [INFO] vk_bot: Рассылка: отправка в чат 2000000012
2026-05-07 23:29:47,872 [INFO] vk_bot: upload_message_photo: начинаем загрузку, message_photo_path=photo574393629_457242358_b6eb5a82321fba1977
2026-05-07 23:29:47,872 [INFO] vk_bot: attachment уже готов: photo574393629_457242358_b6eb5a82321fba1977
2026-05-07 23:29:48,374 [INFO] vk_bot: Рассылка: отправка в чат 2000000015
2026-05-07 23:29:48,375 [INFO] vk_bot: upload_message_photo: начинаем загрузку, message_photo_path=photo574393629_457242358_b6eb5a82321fba1977
2026-05-07 23:29:48,375 [INFO] vk_bot: attachment уже готов: photo574393629_457242358_b6eb5a82321fba1977
2026-05-07 23:29:48,777 [WARNING] vk_bot: Chat 2000000015: ошибка доступа. Рассылка приостановлена.
2026-05-07 23:29:48,778 [WARNING] vk_bot: Рассылка остановлена: потерян доступ к чату 2000000015
2026-05-07 23:29:48,778 [WARNING] vk_bot: Рассылка приостановлена. Обработано чатов: 2
2026-05-07 23:31:47,103 [INFO] vk_bot: Создаю поток рассылки.
2026-05-07 23:31:47,104 [INFO] vk_bot: Рассылка запущена. Целевых чатов: 88
2026-05-07 23:31:47,105 [INFO] vk_bot: Рассылка: отправка в чат 2000000011
2026-05-07 23:31:47,105 [INFO] vk_bot: upload_message_photo: начинаем загрузку, message_photo_path=photo574393629_457242358_b6eb5a82321fba1977
2026-05-07 23:31:47,105 [INFO] vk_bot: attachment уже готов: photo574393629_457242358_b6eb5a82321fba1977
2026-05-07 23:31:47,346 [INFO] vk_bot: Рассылка: отправка в чат 2000000012
2026-05-07 23:31:47,346 [INFO] vk_bot: upload_message_photo: начинаем загрузку, message_photo_path=photo574393629_457242358_b6eb5a82321fba1977
2026-05-07 23:31:47,347 [INFO] vk_bot: attachment уже готов: photo574393629_457242358_b6eb5a82321fba1977
2026-05-07 23:31:47,859 [INFO] vk_bot: Рассылка: отправка в чат 2000000015
2026-05-07 23:31:47,859 [INFO] vk_bot: upload_message_photo: начинаем загрузку, message_photo_path=photo574393629_457242358_b6eb5a82321fba1977
2026-05-07 23:31:47,860 [INFO] vk_bot: attachment уже готов: photo574393629_457242358_b6eb5a82321fba1977
2026-05-07 23:31:48,259 [WARNING] vk_bot: Chat 2000000015: ошибка доступа. Рассылка приостановлена.
2026-05-07 23:31:48,260 [WARNING] vk_bot: Рассылка остановлена: потерян доступ к чату 2000000015
2026-05-07 23:31:48,260 [WARNING] vk_bot: Рассылка приостановлена. Обработано чатов: 2
2026-05-07 23:33:47,117 [INFO] vk_bot: Создаю поток рассылки.
2026-05-07 23:33:47,117 [INFO] vk_bot: Рассылка запущена. Целевых чатов: 88
2026-05-07 23:33:47,117 [INFO] vk_bot: Рассылка: отправка в чат 2000000011
2026-05-07 23:33:47,118 [INFO] vk_bot: upload_message_photo: начинаем загрузку, message_photo_path=photo574393629_457242358_b6eb5a82321fba1977
2026-05-07 23:33:47,118 [INFO] vk_bot: attachment уже готов: photo574393629_457242358_b6eb5a82321fba1977
2026-05-07 23:33:47,873 [INFO] vk_bot: Рассылка: отправка в чат 2000000012
2026-05-07 23:33:47,874 [INFO] vk_bot: upload_message_photo: начинаем загрузку, message_photo_path=photo574393629_457242358_b6eb5a82321fba1977
2026-05-07 23:33:47,874 [INFO] vk_bot: attachment уже готов: photo574393629_457242358_b6eb5a82321fba1977
2026-05-07 23:33:48,457 [INFO] vk_bot: Рассылка: отправка в чат 2000000015
2026-05-07 23:33:48,457 [INFO] vk_bot: upload_message_photo: начинаем загрузку, message_photo_path=photo574393629_457242358_b6eb5a82321fba1977
2026-05-07 23:33:48,457 [INFO] vk_bot: attachment уже готов: photo574393629_457242358_b6eb5a82321fba1977
2026-05-07 23:33:48,861 [WARNING] vk_bot: Chat 2000000015: ошибка доступа. Рассылка приостановлена.
2026-05-07 23:33:48,861 [WARNING] vk_bot: Рассылка остановлена: потерян доступ к чату 2000000015
2026-05-07 23:33:48,862 [WARNING] vk_bot: Рассылка приостановлена. Обработано чатов: 2
2026-05-07 23:35:47,131 [INFO] vk_bot: Создаю поток рассылки.
2026-05-07 23:35:47,132 [INFO] vk_bot: Рассылка запущена. Целевых чатов: 88
2026-05-07 23:35:47,132 [INFO] vk_bot: Рассылка: отправка в чат 2000000011
2026-05-07 23:35:47,132 [INFO] vk_bot: upload_message_photo: начинаем загрузку, message_photo_path=photo574393629_457242358_b6eb5a82321fba1977
2026-05-07 23:35:47,132 [INFO] vk_bot: attachment уже готов: photo574393629_457242358_b6eb5a82321fba1977
2026-05-07 23:35:48,390 [INFO] vk_bot: Рассылка: отправка в чат 2000000012
2026-05-07 23:35:48,391 [INFO] vk_bot: upload_message_photo: начинаем загрузку, message_photo_path=photo574393629_457242358_b6eb5a82321fba1977
2026-05-07 23:35:48,391 [INFO] vk_bot: attachment уже готов: photo574393629_457242358_b6eb5a82321fba1977
2026-05-07 23:35:48,963 [INFO] vk_bot: Рассылка: отправка в чат 2000000015
2026-05-07 23:35:48,964 [INFO] vk_bot: upload_message_photo: начинаем загрузку, message_photo_path=photo574393629_457242358_b6eb5a82321fba1977
2026-05-07 23:35:48,964 [INFO] vk_bot: attachment уже готов: photo574393629_457242358_b6eb5a82321fba1977
2026-05-07 23:35:49,364 [WARNING] vk_bot: Chat 2000000015: ошибка доступа. Рассылка приостановлена.
2026-05-07 23:35:49,364 [WARNING] vk_bot: Рассылка остановлена: потерян доступ к чату 2000000015
2026-05-07 23:35:49,365 [WARNING] vk_bot: Рассылка приостановлена. Обработано чатов: 2
2026-05-07 23:37:47,146 [INFO] vk_bot: Создаю поток рассылки.
2026-05-07 23:37:47,147 [INFO] vk_bot: Рассылка запущена. Целевых чатов: 88
2026-05-07 23:37:47,147 [INFO] vk_bot: Рассылка: отправка в чат 2000000011
2026-05-07 23:37:47,148 [INFO] vk_bot: upload_message_photo: начинаем загрузку, message_photo_path=photo574393629_457242358_b6eb5a82321fba1977
2026-05-07 23:37:47,148 [INFO] vk_bot: attachment уже готов: photo574393629_457242358_b6eb5a82321fba1977
2026-05-07 23:37:47,370 [INFO] vk_bot: Рассылка: отправка в чат 2000000012
2026-05-07 23:37:47,370 [INFO] vk_bot: upload_message_photo: начинаем загрузку, message_photo_path=photo574393629_457242358_b6eb5a82321fba1977
2026-05-07 23:37:47,371 [INFO] vk_bot: attachment уже готов: photo574393629_457242358_b6eb5a82321fba1977
2026-05-07 23:37:47,888 [INFO] vk_bot: Рассылка: отправка в чат 2000000015
2026-05-07 23:37:47,888 [INFO] vk_bot: upload_message_photo: начинаем загрузку, message_photo_path=photo574393629_457242358_b6eb5a82321fba1977
2026-05-07 23:37:47,888 [INFO] vk_bot: attachment уже готов: photo574393629_457242358_b6eb5a82321fba1977
2026-05-07 23:37:48,293 [WARNING] vk_bot: Chat 2000000015: ошибка доступа. Рассылка приостановлена.
2026-05-07 23:37:48,293 [WARNING] vk_bot: Рассылка остановлена: потерян доступ к чату 2000000015
2026-05-07 23:37:48,293 [WARNING] vk_bot: Рассылка приостановлена. Обработано чатов: 2
2026-05-07 23:39:47,157 [INFO] vk_bot: Создаю поток рассылки.
2026-05-07 23:39:47,158 [INFO] vk_bot: Рассылка запущена. Целевых чатов: 88
2026-05-07 23:39:47,158 [INFO] vk_bot: Рассылка: отправка в чат 2000000011
2026-05-07 23:39:47,158 [INFO] vk_bot: upload_message_photo: начинаем загрузку, message_photo_path=photo574393629_457242358_b6eb5a82321fba1977
2026-05-07 23:39:47,158 [INFO] vk_bot: attachment уже готов: photo574393629_457242358_b6eb5a82321fba1977
2026-05-07 23:39:47,353 [INFO] vk_bot: Рассылка: отправка в чат 2000000012
2026-05-07 23:39:47,353 [INFO] vk_bot: upload_message_photo: начинаем загрузку, message_photo_path=photo574393629_457242358_b6eb5a82321fba1977
2026-05-07 23:39:47,353 [INFO] vk_bot: attachment уже готов: photo574393629_457242358_b6eb5a82321fba1977
2026-05-07 23:39:47,902 [INFO] vk_bot: Рассылка: отправка в чат 2000000015
2026-05-07 23:39:47,902 [INFO] vk_bot: upload_message_photo: начинаем загрузку, message_photo_path=photo574393629_457242358_b6eb5a82321fba1977
2026-05-07 23:39:47,902 [INFO] vk_bot: attachment уже готов: photo574393629_457242358_b6eb5a82321fba1977
2026-05-07 23:39:48,321 [WARNING] vk_bot: Chat 2000000015: ошибка доступа. Рассылка приостановлена.
2026-05-07 23:39:48,321 [WARNING] vk_bot: Рассылка остановлена: потерян доступ к чату 2000000015
2026-05-07 23:39:48,321 [WARNING] vk_bot: Рассылка приостановлена. Обработано чатов: 2
2026-05-07 23:41:47,164 [INFO] vk_bot: Создаю поток рассылки.
2026-05-07 23:41:47,164 [INFO] vk_bot: Рассылка запущена. Целевых чатов: 88
2026-05-07 23:41:47,165 [INFO] vk_bot: Рассылка: отправка в чат 2000000011
2026-05-07 23:41:47,165 [INFO] vk_bot: upload_message_photo: начинаем загрузку, message_photo_path=photo574393629_457242358_b6eb5a82321fba1977
2026-05-07 23:41:47,165 [INFO] vk_bot: attachment уже готов: photo574393629_457242358_b6eb5a82321fba1977
2026-05-07 23:41:47,359 [INFO] vk_bot: Рассылка: отправка в чат 2000000012
2026-05-07 23:41:47,359 [INFO] vk_bot: upload_message_photo: начинаем загрузку, message_photo_path=photo574393629_457242358_b6eb5a82321fba1977
2026-05-07 23:41:47,359 [INFO] vk_bot: attachment уже готов: photo574393629_457242358_b6eb5a82321fba1977
2026-05-07 23:41:47,900 [INFO] vk_bot: Рассылка: отправка в чат 2000000015
2026-05-07 23:41:47,900 [INFO] vk_bot: upload_message_photo: начинаем загрузку, message_photo_path=photo574393629_457242358_b6eb5a82321fba1977
2026-05-07 23:41:47,900 [INFO] vk_bot: attachment уже готов: photo574393629_457242358_b6eb5a82321fba1977
2026-05-07 23:41:48,319 [WARNING] vk_bot: Chat 2000000015: ошибка доступа. Рассылка приостановлена.
2026-05-07 23:41:48,319 [WARNING] vk_bot: Рассылка остановлена: потерян доступ к чату 2000000015
2026-05-07 23:41:48,319 [WARNING] vk_bot: Рассылка приостановлена. Обработано чатов: 2
2026-05-07 23:43:47,172 [INFO] vk_bot: Создаю поток рассылки.
2026-05-07 23:43:47,173 [INFO] vk_bot: Рассылка запущена. Целевых чатов: 88
2026-05-07 23:43:47,173 [INFO] vk_bot: Рассылка: отправка в чат 2000000011
2026-05-07 23:43:47,173 [INFO] vk_bot: upload_message_photo: начинаем загрузку, message_photo_path=photo574393629_457242358_b6eb5a82321fba1977
2026-05-07 23:43:47,173 [INFO] vk_bot: attachment уже готов: photo574393629_457242358_b6eb5a82321fba1977
2026-05-07 23:43:47,368 [INFO] vk_bot: Рассылка: отправка в чат 2000000012
2026-05-07 23:43:47,368 [INFO] vk_bot: upload_message_photo: начинаем загрузку, message_photo_path=photo574393629_457242358_b6eb5a82321fba1977
2026-05-07 23:43:47,368 [INFO] vk_bot: attachment уже готов: photo574393629_457242358_b6eb5a82321fba1977
2026-05-07 23:43:47,894 [INFO] vk_bot: Рассылка: отправка в чат 2000000015
2026-05-07 23:43:47,894 [INFO] vk_bot: upload_message_photo: начинаем загрузку, message_photo_path=photo574393629_457242358_b6eb5a82321fba1977
2026-05-07 23:43:47,894 [INFO] vk_bot: attachment уже готов: photo574393629_457242358_b6eb5a82321fba1977
2026-05-07 23:43:48,300 [WARNING] vk_bot: Chat 2000000015: ошибка доступа. Рассылка приостановлена.
2026-05-07 23:43:48,300 [WARNING] vk_bot: Рассылка остановлена: потерян доступ к чату 2000000015
2026-05-07 23:43:48,300 [WARNING] vk_bot: Рассылка приостановлена. Обработано чатов: 2
2026-05-07 23:45:47,183 [INFO] vk_bot: Создаю поток рассылки.
2026-05-07 23:45:47,184 [INFO] vk_bot: Рассылка запущена. Целевых чатов: 88
2026-05-07 23:45:47,184 [INFO] vk_bot: Рассылка: отправка в чат 2000000011
2026-05-07 23:45:47,184 [INFO] vk_bot: upload_message_photo: начинаем загрузку, message_photo_path=photo574393629_457242358_b6eb5a82321fba1977
2026-05-07 23:45:47,184 [INFO] vk_bot: attachment уже готов: photo574393629_457242358_b6eb5a82321fba1977
2026-05-07 23:45:47,409 [INFO] vk_bot: Рассылка: отправка в чат 2000000012
2026-05-07 23:45:47,409 [INFO] vk_bot: upload_message_photo: начинаем загрузку, message_photo_path=photo574393629_457242358_b6eb5a82321fba1977
2026-05-07 23:45:47,409 [INFO] vk_bot: attachment уже готов: photo574393629_457242358_b6eb5a82321fba1977
2026-05-07 23:45:47,914 [INFO] vk_bot: Рассылка: отправка в чат 2000000015
2026-05-07 23:45:47,914 [INFO] vk_bot: upload_message_photo: начинаем загрузку, message_photo_path=photo574393629_457242358_b6eb5a82321fba1977
2026-05-07 23:45:47,914 [INFO] vk_bot: attachment уже готов: photo574393629_457242358_b6eb5a82321fba1977
2026-05-07 23:45:48,327 [WARNING] vk_bot: Chat 2000000015: ошибка доступа. Рассылка приостановлена.
2026-05-07 23:45:48,327 [WARNING] vk_bot: Рассылка остановлена: потерян доступ к чату 2000000015
2026-05-07 23:45:48,327 [WARNING] vk_bot: Рассылка приостановлена. Обработано чатов: 2
2026-05-07 23:47:47,194 [INFO] vk_bot: Создаю поток рассылки.
2026-05-07 23:47:47,195 [INFO] vk_bot: Рассылка запущена. Целевых чатов: 88
2026-05-07 23:47:47,195 [INFO] vk_bot: Рассылка: отправка в чат 2000000011
2026-05-07 23:47:47,195 [INFO] vk_bot: upload_message_photo: начинаем загрузку, message_photo_path=photo574393629_457242358_b6eb5a82321fba1977
2026-05-07 23:47:47,195 [INFO] vk_bot: attachment уже готов: photo574393629_457242358_b6eb5a82321fba1977
2026-05-07 23:47:47,392 [INFO] vk_bot: Рассылка: отправка в чат 2000000012
2026-05-07 23:47:47,393 [INFO] vk_bot: upload_message_photo: начинаем загрузку, message_photo_path=photo574393629_457242358_b6eb5a82321fba1977
2026-05-07 23:47:47,393 [INFO] vk_bot: attachment уже готов: photo574393629_457242358_b6eb5a82321fba1977
2026-05-07 23:47:48,208 [INFO] vk_bot: Рассылка: отправка в чат 2000000015
2026-05-07 23:47:48,209 [INFO] vk_bot: upload_message_photo: начинаем загрузку, message_photo_path=photo574393629_457242358_b6eb5a82321fba1977
2026-05-07 23:47:48,209 [INFO] vk_bot: attachment уже готов: photo574393629_457242358_b6eb5a82321fba1977
2026-05-07 23:47:48,611 [WARNING] vk_bot: Chat 2000000015: ошибка доступа. Рассылка приостановлена.
2026-05-07 23:47:48,612 [WARNING] vk_bot: Рассылка остановлена: потерян доступ к чату 2000000015
2026-05-07 23:47:48,612 [WARNING] vk_bot: Рассылка приостановлена. Обработано чатов: 2
2026-05-07 23:49:47,203 [INFO] vk_bot: Создаю поток рассылки.
2026-05-07 23:49:47,204 [INFO] vk_bot: Рассылка запущена. Целевых чатов: 88
2026-05-07 23:49:47,204 [INFO] vk_bot: Рассылка: отправка в чат 2000000011
2026-05-07 23:49:47,204 [INFO] vk_bot: upload_message_photo: начинаем загрузку, message_photo_path=photo574393629_457242358_b6eb5a82321fba1977
2026-05-07 23:49:47,204 [INFO] vk_bot: attachment уже готов: photo574393629_457242358_b6eb5a82321fba1977
2026-05-07 23:49:47,425 [INFO] vk_bot: Рассылка: отправка в чат 2000000012
2026-05-07 23:49:47,426 [INFO] vk_bot: upload_message_photo: начинаем загрузку, message_photo_path=photo574393629_457242358_b6eb5a82321fba1977
2026-05-07 23:49:47,426 [INFO] vk_bot: attachment уже готов: photo574393629_457242358_b6eb5a82321fba1977
2026-05-07 23:49:47,928 [INFO] vk_bot: Рассылка: отправка в чат 2000000015
2026-05-07 23:49:47,928 [INFO] vk_bot: upload_message_photo: начинаем загрузку, message_photo_path=photo574393629_457242358_b6eb5a82321fba1977
2026-05-07 23:49:47,928 [INFO] vk_bot: attachment уже готов: photo574393629_457242358_b6eb5a82321fba1977
2026-05-07 23:49:48,329 [WARNING] vk_bot: Chat 2000000015: ошибка доступа. Рассылка приостановлена.
2026-05-07 23:49:48,330 [WARNING] vk_bot: Рассылка остановлена: потерян доступ к чату 2000000015
2026-05-07 23:49:48,330 [WARNING] vk_bot: Рассылка приостановлена. Обработано чатов: 2
2026-05-07 23:51:47,214 [INFO] vk_bot: Создаю поток рассылки.
2026-05-07 23:51:47,215 [INFO] vk_bot: Рассылка запущена. Целевых чатов: 88
2026-05-07 23:51:47,215 [INFO] vk_bot: Рассылка: отправка в чат 2000000011
2026-05-07 23:51:47,215 [INFO] vk_bot: upload_message_photo: начинаем загрузку, message_photo_path=photo574393629_457242358_b6eb5a82321fba1977
2026-05-07 23:51:47,215 [INFO] vk_bot: attachment уже готов: photo574393629_457242358_b6eb5a82321fba1977
2026-05-07 23:51:47,424 [INFO] vk_bot: Рассылка: отправка в чат 2000000012
2026-05-07 23:51:47,424 [INFO] vk_bot: upload_message_photo: начинаем загрузку, message_photo_path=photo574393629_457242358_b6eb5a82321fba1977
2026-05-07 23:51:47,424 [INFO] vk_bot: attachment уже готов: photo574393629_457242358_b6eb5a82321fba1977
2026-05-07 23:51:47,943 [INFO] vk_bot: Рассылка: отправка в чат 2000000015
2026-05-07 23:51:47,944 [INFO] vk_bot: upload_message_photo: начинаем загрузку, message_photo_path=photo574393629_457242358_b6eb5a82321fba1977
2026-05-07 23:51:47,944 [INFO] vk_bot: attachment уже готов: photo574393629_457242358_b6eb5a82321fba1977
2026-05-07 23:51:48,342 [WARNING] vk_bot: Chat 2000000015: ошибка доступа. Рассылка приостановлена.
2026-05-07 23:51:48,342 [WARNING] vk_bot: Рассылка остановлена: потерян доступ к чату 2000000015
2026-05-07 23:51:48,343 [WARNING] vk_bot: Рассылка приостановлена. Обработано чатов: 2
2026-05-07 23:53:47,223 [INFO] vk_bot: Создаю поток рассылки.
2026-05-07 23:53:47,224 [INFO] vk_bot: Рассылка запущена. Целевых чатов: 88
2026-05-07 23:53:47,224 [INFO] vk_bot: Рассылка: отправка в чат 2000000011
2026-05-07 23:53:47,224 [INFO] vk_bot: upload_message_photo: начинаем загрузку, message_photo_path=photo574393629_457242358_b6eb5a82321fba1977
2026-05-07 23:53:47,224 [INFO] vk_bot: attachment уже готов: photo574393629_457242358_b6eb5a82321fba1977
2026-05-07 23:53:47,417 [INFO] vk_bot: Рассылка: отправка в чат 2000000012
2026-05-07 23:53:47,417 [INFO] vk_bot: upload_message_photo: начинаем загрузку, message_photo_path=photo574393629_457242358_b6eb5a82321fba1977
2026-05-07 23:53:47,417 [INFO] vk_bot: attachment уже готов: photo574393629_457242358_b6eb5a82321fba1977
2026-05-07 23:53:47,950 [INFO] vk_bot: Рассылка: отправка в чат 2000000015
2026-05-07 23:53:47,951 [INFO] vk_bot: upload_message_photo: начинаем загрузку, message_photo_path=photo574393629_457242358_b6eb5a82321fba1977
2026-05-07 23:53:47,951 [INFO] vk_bot: attachment уже готов: photo574393629_457242358_b6eb5a82321fba1977
2026-05-07 23:53:48,354 [WARNING] vk_bot: Chat 2000000015: ошибка доступа. Рассылка приостановлена.
2026-05-07 23:53:48,354 [WARNING] vk_bot: Рассылка остановлена: потерян доступ к чату 2000000015
2026-05-07 23:53:48,354 [WARNING] vk_bot: Рассылка приостановлена. Обработано чатов: 2
2026-05-07 23:55:47,235 [INFO] vk_bot: Создаю поток рассылки.
2026-05-07 23:55:47,236 [INFO] vk_bot: Рассылка запущена. Целевых чатов: 88
2026-05-07 23:55:47,236 [INFO] vk_bot: Рассылка: отправка в чат 2000000011
2026-05-07 23:55:47,237 [INFO] vk_bot: upload_message_photo: начинаем загрузку, message_photo_path=photo574393629_457242358_b6eb5a82321fba1977
2026-05-07 23:55:47,237 [INFO] vk_bot: attachment уже готов: photo574393629_457242358_b6eb5a82321fba1977
2026-05-07 23:55:47,985 [INFO] vk_bot: Рассылка: отправка в чат 2000000012
2026-05-07 23:55:47,985 [INFO] vk_bot: upload_message_photo: начинаем загрузку, message_photo_path=photo574393629_457242358_b6eb5a82321fba1977
2026-05-07 23:55:47,985 [INFO] vk_bot: attachment уже готов: photo574393629_457242358_b6eb5a82321fba1977
2026-05-07 23:55:48,497 [INFO] vk_bot: Рассылка: отправка в чат 2000000015
2026-05-07 23:55:48,498 [INFO] vk_bot: upload_message_photo: начинаем загрузку, message_photo_path=photo574393629_457242358_b6eb5a82321fba1977
2026-05-07 23:55:48,498 [INFO] vk_bot: attachment уже готов: photo574393629_457242358_b6eb5a82321fba1977
2026-05-07 23:55:48,899 [WARNING] vk_bot: Chat 2000000015: ошибка доступа. Рассылка приостановлена.
2026-05-07 23:55:48,900 [WARNING] vk_bot: Рассылка остановлена: потерян доступ к чату 2000000015
2026-05-07 23:55:48,900 [WARNING] vk_bot: Рассылка приостановлена. Обработано чатов: 2
2026-05-07 23:57:47,248 [INFO] vk_bot: Создаю поток рассылки.
2026-05-07 23:57:47,248 [INFO] vk_bot: Рассылка запущена. Целевых чатов: 88
2026-05-07 23:57:47,248 [INFO] vk_bot: Рассылка: отправка в чат 2000000011
2026-05-07 23:57:47,249 [INFO] vk_bot: upload_message_photo: начинаем загрузку, message_photo_path=photo574393629_457242358_b6eb5a82321fba1977
2026-05-07 23:57:47,249 [INFO] vk_bot: attachment уже готов: photo574393629_457242358_b6eb5a82321fba1977
2026-05-07 23:57:47,437 [INFO] vk_bot: Рассылка: отправка в чат 2000000012
2026-05-07 23:57:47,437 [INFO] vk_bot: upload_message_photo: начинаем загрузку, message_photo_path=photo574393629_457242358_b6eb5a82321fba1977
2026-05-07 23:57:47,437 [INFO] vk_bot: attachment уже готов: photo574393629_457242358_b6eb5a82321fba1977
2026-05-07 23:57:47,937 [INFO] vk_bot: Рассылка: отправка в чат 2000000015
2026-05-07 23:57:47,937 [INFO] vk_bot: upload_message_photo: начинаем загрузку, message_photo_path=photo574393629_457242358_b6eb5a82321fba1977
2026-05-07 23:57:47,937 [INFO] vk_bot: attachment уже готов: photo574393629_457242358_b6eb5a82321fba1977
2026-05-07 23:57:48,345 [WARNING] vk_bot: Chat 2000000015: ошибка доступа. Рассылка приостановлена.
2026-05-07 23:57:48,346 [WARNING] vk_bot: Рассылка остановлена: потерян доступ к чату 2000000015
2026-05-07 23:57:48,346 [WARNING] vk_bot: Рассылка приостановлена. Обработано чатов: 2
2026-05-07 23:59:47,258 [INFO] vk_bot: Создаю поток рассылки.
2026-05-07 23:59:47,258 [INFO] vk_bot: Рассылка запущена. Целевых чатов: 88
2026-05-07 23:59:47,259 [INFO] vk_bot: Рассылка: отправка в чат 2000000011
2026-05-07 23:59:47,259 [INFO] vk_bot: upload_message_photo: начинаем загрузку, message_photo_path=photo574393629_457242358_b6eb5a82321fba1977
2026-05-07 23:59:47,259 [INFO] vk_bot: attachment уже готов: photo574393629_457242358_b6eb5a82321fba1977
2026-05-07 23:59:47,455 [INFO] vk_bot: Рассылка: отправка в чат 2000000012
2026-05-07 23:59:47,455 [INFO] vk_bot: upload_message_photo: начинаем загрузку, message_photo_path=photo574393629_457242358_b6eb5a82321fba1977
2026-05-07 23:59:47,456 [INFO] vk_bot: attachment уже готов: photo574393629_457242358_b6eb5a82321fba1977
2026-05-07 23:59:47,958 [INFO] vk_bot: Рассылка: отправка в чат 2000000015
2026-05-07 23:59:47,958 [INFO] vk_bot: upload_message_photo: начинаем загрузку, message_photo_path=photo574393629_457242358_b6eb5a82321fba1977
2026-05-07 23:59:47,958 [INFO] vk_bot: attachment уже готов: photo574393629_457242358_b6eb5a82321fba1977
2026-05-07 23:59:48,359 [WARNING] vk_bot: Chat 2000000015: ошибка доступа. Рассылка приостановлена.
2026-05-07 23:59:48,359 [WARNING] vk_bot: Рассылка остановлена: потерян доступ к чату 2000000015
2026-05-07 23:59:48,359 [WARNING] vk_bot: Рассылка приостановлена. Обработано чатов: 2
2026-05-08 00:01:47,268 [INFO] vk_bot: Создаю поток рассылки.
2026-05-08 00:01:47,269 [INFO] vk_bot: Рассылка запущена. Целевых чатов: 88
2026-05-08 00:01:47,269 [INFO] vk_bot: Рассылка: отправка в чат 2000000011
2026-05-08 00:01:47,269 [INFO] vk_bot: upload_message_photo: начинаем загрузку, message_photo_path=photo574393629_457242358_b6eb5a82321fba1977
2026-05-08 00:01:47,269 [INFO] vk_bot: attachment уже готов: photo574393629_457242358_b6eb5a82321fba1977
2026-05-08 00:01:48,058 [INFO] vk_bot: Рассылка: отправка в чат 2000000012
2026-05-08 00:01:48,058 [INFO] vk_bot: upload_message_photo: начинаем загрузку, message_photo_path=photo574393629_457242358_b6eb5a82321fba1977
2026-05-08 00:01:48,058 [INFO] vk_bot: attachment уже готов: photo574393629_457242358_b6eb5a82321fba1977
2026-05-08 00:01:48,572 [INFO] vk_bot: Рассылка: отправка в чат 2000000015
2026-05-08 00:01:48,572 [INFO] vk_bot: upload_message_photo: начинаем загрузку, message_photo_path=photo574393629_457242358_b6eb5a82321fba1977
2026-05-08 00:01:48,572 [INFO] vk_bot: attachment уже готов: photo574393629_457242358_b6eb5a82321fba1977
2026-05-08 00:01:48,976 [WARNING] vk_bot: Chat 2000000015: ошибка доступа. Рассылка приостановлена.
2026-05-08 00:01:48,976 [WARNING] vk_bot: Рассылка остановлена: потерян доступ к чату 2000000015
2026-05-08 00:01:48,976 [WARNING] vk_bot: Рассылка приостановлена. Обработано чатов: 2
2026-05-08 00:03:47,279 [INFO] vk_bot: Создаю поток рассылки.
2026-05-08 00:03:47,280 [INFO] vk_bot: Рассылка запущена. Целевых чатов: 88
2026-05-08 00:03:47,280 [INFO] vk_bot: Рассылка: отправка в чат 2000000011
2026-05-08 00:03:47,280 [INFO] vk_bot: upload_message_photo: начинаем загрузку, message_photo_path=photo574393629_457242358_b6eb5a82321fba1977
2026-05-08 00:03:47,280 [INFO] vk_bot: attachment уже готов: photo574393629_457242358_b6eb5a82321fba1977
2026-05-08 00:03:47,471 [INFO] vk_bot: Рассылка: отправка в чат 2000000012
2026-05-08 00:03:47,471 [INFO] vk_bot: upload_message_photo: начинаем загрузку, message_photo_path=photo574393629_457242358_b6eb5a82321fba1977
2026-05-08 00:03:47,471 [INFO] vk_bot: attachment уже готов: photo574393629_457242358_b6eb5a82321fba1977
2026-05-08 00:03:47,964 [INFO] vk_bot: Рассылка: отправка в чат 2000000015
2026-05-08 00:03:47,964 [INFO] vk_bot: upload_message_photo: начинаем загрузку, message_photo_path=photo574393629_457242358_b6eb5a82321fba1977
2026-05-08 00:03:47,965 [INFO] vk_bot: attachment уже готов: photo574393629_457242358_b6eb5a82321fba1977
2026-05-08 00:03:48,366 [WARNING] vk_bot: Chat 2000000015: ошибка доступа. Рассылка приостановлена.
2026-05-08 00:03:48,367 [WARNING] vk_bot: Рассылка остановлена: потерян доступ к чату 2000000015
2026-05-08 00:03:48,368 [WARNING] vk_bot: Рассылка приостановлена. Обработано чатов: 2
2026-05-08 00:05:47,292 [INFO] vk_bot: Создаю поток рассылки.
2026-05-08 00:05:47,293 [INFO] vk_bot: Рассылка запущена. Целевых чатов: 88
2026-05-08 00:05:47,293 [INFO] vk_bot: Рассылка: отправка в чат 2000000011
2026-05-08 00:05:47,293 [INFO] vk_bot: upload_message_photo: начинаем загрузку, message_photo_path=photo574393629_457242358_b6eb5a82321fba1977
2026-05-08 00:05:47,293 [INFO] vk_bot: attachment уже готов: photo574393629_457242358_b6eb5a82321fba1977
2026-05-08 00:05:47,479 [INFO] vk_bot: Рассылка: отправка в чат 2000000012
2026-05-08 00:05:47,479 [INFO] vk_bot: upload_message_photo: начинаем загрузку, message_photo_path=photo574393629_457242358_b6eb5a82321fba1977
2026-05-08 00:05:47,480 [INFO] vk_bot: attachment уже готов: photo574393629_457242358_b6eb5a82321fba1977
2026-05-08 00:05:47,971 [INFO] vk_bot: Рассылка: отправка в чат 2000000015
2026-05-08 00:05:47,971 [INFO] vk_bot: upload_message_photo: начинаем загрузку, message_photo_path=photo574393629_457242358_b6eb5a82321fba1977
2026-05-08 00:05:47,971 [INFO] vk_bot: attachment уже готов: photo574393629_457242358_b6eb5a82321fba1977
2026-05-08 00:05:48,375 [WARNING] vk_bot: Chat 2000000015: ошибка доступа. Рассылка приостановлена.
2026-05-08 00:05:48,376 [WARNING] vk_bot: Рассылка остановлена: потерян доступ к чату 2000000015
2026-05-08 00:05:48,376 [WARNING] vk_bot: Рассылка приостановлена. Обработано чатов: 2
2026-05-08 00:07:47,304 [INFO] vk_bot: Создаю поток рассылки.
2026-05-08 00:07:47,306 [INFO] vk_bot: Рассылка запущена. Целевых чатов: 88
2026-05-08 00:07:47,306 [INFO] vk_bot: Рассылка: отправка в чат 2000000011
2026-05-08 00:07:47,306 [INFO] vk_bot: upload_message_photo: начинаем загрузку, message_photo_path=photo574393629_457242358_b6eb5a82321fba1977
2026-05-08 00:07:47,306 [INFO] vk_bot: attachment уже готов: photo574393629_457242358_b6eb5a82321fba1977
2026-05-08 00:07:47,502 [INFO] vk_bot: Рассылка: отправка в чат 2000000012
2026-05-08 00:07:47,502 [INFO] vk_bot: upload_message_photo: начинаем загрузку, message_photo_path=photo574393629_457242358_b6eb5a82321fba1977
2026-05-08 00:07:47,502 [INFO] vk_bot: attachment уже готов: photo574393629_457242358_b6eb5a82321fba1977
2026-05-08 00:07:48,018 [INFO] vk_bot: Рассылка: отправка в чат 2000000015
2026-05-08 00:07:48,018 [INFO] vk_bot: upload_message_photo: начинаем загрузку, message_photo_path=photo574393629_457242358_b6eb5a82321fba1977
2026-05-08 00:07:48,018 [INFO] vk_bot: attachment уже готов: photo574393629_457242358_b6eb5a82321fba1977
2026-05-08 00:07:48,419 [WARNING] vk_bot: Chat 2000000015: ошибка доступа. Рассылка приостановлена.
2026-05-08 00:07:48,419 [WARNING] vk_bot: Рассылка остановлена: потерян доступ к чату 2000000015
2026-05-08 00:07:48,420 [WARNING] vk_bot: Рассылка приостановлена. Обработано чатов: 2
2026-05-08 00:09:47,317 [INFO] vk_bot: Создаю поток рассылки.
2026-05-08 00:09:47,317 [INFO] vk_bot: Рассылка запущена. Целевых чатов: 88
2026-05-08 00:09:47,317 [INFO] vk_bot: Рассылка: отправка в чат 2000000011
2026-05-08 00:09:47,317 [INFO] vk_bot: upload_message_photo: начинаем загрузку, message_photo_path=photo574393629_457242358_b6eb5a82321fba1977
2026-05-08 00:09:47,318 [INFO] vk_bot: attachment уже готов: photo574393629_457242358_b6eb5a82321fba1977
2026-05-08 00:09:47,523 [INFO] vk_bot: Рассылка: отправка в чат 2000000012
2026-05-08 00:09:47,523 [INFO] vk_bot: upload_message_photo: начинаем загрузку, message_photo_path=photo574393629_457242358_b6eb5a82321fba1977
2026-05-08 00:09:47,524 [INFO] vk_bot: attachment уже готов: photo574393629_457242358_b6eb5a82321fba1977
2026-05-08 00:09:48,036 [INFO] vk_bot: Рассылка: отправка в чат 2000000015
2026-05-08 00:09:48,036 [INFO] vk_bot: upload_message_photo: начинаем загрузку, message_photo_path=photo574393629_457242358_b6eb5a82321fba1977
2026-05-08 00:09:48,037 [INFO] vk_bot: attachment уже готов: photo574393629_457242358_b6eb5a82321fba1977
2026-05-08 00:09:48,450 [WARNING] vk_bot: Chat 2000000015: ошибка доступа. Рассылка приостановлена.
2026-05-08 00:09:48,450 [WARNING] vk_bot: Рассылка остановлена: потерян доступ к чату 2000000015
2026-05-08 00:09:48,450 [WARNING] vk_bot: Рассылка приостановлена. Обработано чатов: 2
2026-05-08 00:11:47,329 [INFO] vk_bot: Создаю поток рассылки.
2026-05-08 00:11:47,329 [INFO] vk_bot: Рассылка запущена. Целевых чатов: 88
2026-05-08 00:11:47,329 [INFO] vk_bot: Рассылка: отправка в чат 2000000011
2026-05-08 00:11:47,330 [INFO] vk_bot: upload_message_photo: начинаем загрузку, message_photo_path=photo574393629_457242358_b6eb5a82321fba1977
2026-05-08 00:11:47,330 [INFO] vk_bot: attachment уже готов: photo574393629_457242358_b6eb5a82321fba1977
2026-05-08 00:11:47,535 [INFO] vk_bot: Рассылка: отправка в чат 2000000012
2026-05-08 00:11:47,535 [INFO] vk_bot: upload_message_photo: начинаем загрузку, message_photo_path=photo574393629_457242358_b6eb5a82321fba1977
2026-05-08 00:11:47,536 [INFO] vk_bot: attachment уже готов: photo574393629_457242358_b6eb5a82321fba1977
2026-05-08 00:11:48,040 [INFO] vk_bot: Рассылка: отправка в чат 2000000015
2026-05-08 00:11:48,040 [INFO] vk_bot: upload_message_photo: начинаем загрузку, message_photo_path=photo574393629_457242358_b6eb5a82321fba1977
2026-05-08 00:11:48,041 [INFO] vk_bot: attachment уже готов: photo574393629_457242358_b6eb5a82321fba1977
2026-05-08 00:11:48,444 [WARNING] vk_bot: Chat 2000000015: ошибка доступа. Рассылка приостановлена.
2026-05-08 00:11:48,444 [WARNING] vk_bot: Рассылка остановлена: потерян доступ к чату 2000000015
2026-05-08 00:11:48,444 [WARNING] vk_bot: Рассылка приостановлена. Обработано чатов: 2
2026-05-08 00:13:47,339 [INFO] vk_bot: Создаю поток рассылки.
2026-05-08 00:13:47,340 [INFO] vk_bot: Рассылка запущена. Целевых чатов: 88
2026-05-08 00:13:47,340 [INFO] vk_bot: Рассылка: отправка в чат 2000000011
2026-05-08 00:13:47,340 [INFO] vk_bot: upload_message_photo: начинаем загрузку, message_photo_path=photo574393629_457242358_b6eb5a82321fba1977
2026-05-08 00:13:47,340 [INFO] vk_bot: attachment уже готов: photo574393629_457242358_b6eb5a82321fba1977
2026-05-08 00:13:47,528 [INFO] vk_bot: Рассылка: отправка в чат 2000000012
2026-05-08 00:13:47,528 [INFO] vk_bot: upload_message_photo: начинаем загрузку, message_photo_path=photo574393629_457242358_b6eb5a82321fba1977
2026-05-08 00:13:47,528 [INFO] vk_bot: attachment уже готов: photo574393629_457242358_b6eb5a82321fba1977
2026-05-08 00:13:48,033 [INFO] vk_bot: Рассылка: отправка в чат 2000000015
2026-05-08 00:13:48,034 [INFO] vk_bot: upload_message_photo: начинаем загрузку, message_photo_path=photo574393629_457242358_b6eb5a82321fba1977
2026-05-08 00:13:48,034 [INFO] vk_bot: attachment уже готов: photo574393629_457242358_b6eb5a82321fba1977
2026-05-08 00:13:48,426 [WARNING] vk_bot: Chat 2000000015: ошибка доступа. Рассылка приостановлена.
2026-05-08 00:13:48,426 [WARNING] vk_bot: Рассылка остановлена: потерян доступ к чату 2000000015
2026-05-08 00:13:48,427 [WARNING] vk_bot: Рассылка приостановлена. Обработано чатов: 2
2026-05-08 00:15:47,349 [INFO] vk_bot: Создаю поток рассылки.
2026-05-08 00:15:47,350 [INFO] vk_bot: Рассылка запущена. Целевых чатов: 88
2026-05-08 00:15:47,350 [INFO] vk_bot: Рассылка: отправка в чат 2000000011
2026-05-08 00:15:47,350 [INFO] vk_bot: upload_message_photo: начинаем загрузку, message_photo_path=photo574393629_457242358_b6eb5a82321fba1977
2026-05-08 00:15:47,350 [INFO] vk_bot: attachment уже готов: photo574393629_457242358_b6eb5a82321fba1977
2026-05-08 00:15:47,595 [INFO] vk_bot: Рассылка: отправка в чат 2000000012
2026-05-08 00:15:47,595 [INFO] vk_bot: upload_message_photo: начинаем загрузку, message_photo_path=photo574393629_457242358_b6eb5a82321fba1977
2026-05-08 00:15:47,595 [INFO] vk_bot: attachment уже готов: photo574393629_457242358_b6eb5a82321fba1977
2026-05-08 00:15:48,099 [INFO] vk_bot: Рассылка: отправка в чат 2000000015
2026-05-08 00:15:48,099 [INFO] vk_bot: upload_message_photo: начинаем загрузку, message_photo_path=photo574393629_457242358_b6eb5a82321fba1977
2026-05-08 00:15:48,099 [INFO] vk_bot: attachment уже готов: photo574393629_457242358_b6eb5a82321fba1977
2026-05-08 00:15:48,507 [WARNING] vk_bot: Chat 2000000015: ошибка доступа. Рассылка приостановлена.
2026-05-08 00:15:48,507 [WARNING] vk_bot: Рассылка остановлена: потерян доступ к чату 2000000015
2026-05-08 00:15:48,507 [WARNING] vk_bot: Рассылка приостановлена. Обработано чатов: 2
2026-05-08 00:17:47,364 [INFO] vk_bot: Создаю поток рассылки.
2026-05-08 00:17:47,365 [INFO] vk_bot: Рассылка запущена. Целевых чатов: 88
2026-05-08 00:17:47,365 [INFO] vk_bot: Рассылка: отправка в чат 2000000011
2026-05-08 00:17:47,365 [INFO] vk_bot: upload_message_photo: начинаем загрузку, message_photo_path=photo574393629_457242358_b6eb5a82321fba1977
2026-05-08 00:17:47,365 [INFO] vk_bot: attachment уже готов: photo574393629_457242358_b6eb5a82321fba1977
2026-05-08 00:17:47,538 [INFO] vk_bot: Рассылка: отправка в чат 2000000012
2026-05-08 00:17:47,538 [INFO] vk_bot: upload_message_photo: начинаем загрузку, message_photo_path=photo574393629_457242358_b6eb5a82321fba1977
2026-05-08 00:17:47,538 [INFO] vk_bot: attachment уже готов: photo574393629_457242358_b6eb5a82321fba1977
2026-05-08 00:17:48,088 [INFO] vk_bot: Рассылка: отправка в чат 2000000015
2026-05-08 00:17:48,088 [INFO] vk_bot: upload_message_photo: начинаем загрузку, message_photo_path=photo574393629_457242358_b6eb5a82321fba1977
2026-05-08 00:17:48,088 [INFO] vk_bot: attachment уже готов: photo574393629_457242358_b6eb5a82321fba1977
2026-05-08 00:17:48,492 [WARNING] vk_bot: Chat 2000000015: ошибка доступа. Рассылка приостановлена.
2026-05-08 00:17:48,492 [WARNING] vk_bot: Рассылка остановлена: потерян доступ к чату 2000000015
2026-05-08 00:17:48,492 [WARNING] vk_bot: Рассылка приостановлена. Обработано чатов: 2
2026-05-08 00:19:47,376 [INFO] vk_bot: Создаю поток рассылки.
2026-05-08 00:19:47,376 [INFO] vk_bot: Рассылка запущена. Целевых чатов: 88
2026-05-08 00:19:47,376 [INFO] vk_bot: Рассылка: отправка в чат 2000000011
2026-05-08 00:19:47,377 [INFO] vk_bot: upload_message_photo: начинаем загрузку, message_photo_path=photo574393629_457242358_b6eb5a82321fba1977
2026-05-08 00:19:47,377 [INFO] vk_bot: attachment уже готов: photo574393629_457242358_b6eb5a82321fba1977
2026-05-08 00:19:47,562 [INFO] vk_bot: Рассылка: отправка в чат 2000000012
2026-05-08 00:19:47,562 [INFO] vk_bot: upload_message_photo: начинаем загрузку, message_photo_path=photo574393629_457242358_b6eb5a82321fba1977
2026-05-08 00:19:47,563 [INFO] vk_bot: attachment уже готов: photo574393629_457242358_b6eb5a82321fba1977
2026-05-08 00:19:48,060 [INFO] vk_bot: Рассылка: отправка в чат 2000000015
2026-05-08 00:19:48,061 [INFO] vk_bot: upload_message_photo: начинаем загрузку, message_photo_path=photo574393629_457242358_b6eb5a82321fba1977
2026-05-08 00:19:48,061 [INFO] vk_bot: attachment уже готов: photo574393629_457242358_b6eb5a82321fba1977
2026-05-08 00:19:48,463 [WARNING] vk_bot: Chat 2000000015: ошибка доступа. Рассылка приостановлена.
2026-05-08 00:19:48,463 [WARNING] vk_bot: Рассылка остановлена: потерян доступ к чату 2000000015
2026-05-08 00:19:48,463 [WARNING] vk_bot: Рассылка приостановлена. Обработано чатов: 2
2026-05-08 00:21:47,385 [INFO] vk_bot: Создаю поток рассылки.
2026-05-08 00:21:47,386 [INFO] vk_bot: Рассылка запущена. Целевых чатов: 88
2026-05-08 00:21:47,386 [INFO] vk_bot: Рассылка: отправка в чат 2000000011
2026-05-08 00:21:47,386 [INFO] vk_bot: upload_message_photo: начинаем загрузку, message_photo_path=photo574393629_457242358_b6eb5a82321fba1977
2026-05-08 00:21:47,386 [INFO] vk_bot: attachment уже готов: photo574393629_457242358_b6eb5a82321fba1977
2026-05-08 00:21:47,580 [INFO] vk_bot: Рассылка: отправка в чат 2000000012
2026-05-08 00:21:47,580 [INFO] vk_bot: upload_message_photo: начинаем загрузку, message_photo_path=photo574393629_457242358_b6eb5a82321fba1977
2026-05-08 00:21:47,580 [INFO] vk_bot: attachment уже готов: photo574393629_457242358_b6eb5a82321fba1977
2026-05-08 00:21:48,076 [INFO] vk_bot: Рассылка: отправка в чат 2000000015
2026-05-08 00:21:48,077 [INFO] vk_bot: upload_message_photo: начинаем загрузку, message_photo_path=photo574393629_457242358_b6eb5a82321fba1977
2026-05-08 00:21:48,077 [INFO] vk_bot: attachment уже готов: photo574393629_457242358_b6eb5a82321fba1977
2026-05-08 00:21:48,528 [WARNING] vk_bot: Chat 2000000015: ошибка доступа. Рассылка приостановлена.
2026-05-08 00:21:48,529 [WARNING] vk_bot: Рассылка остановлена: потерян доступ к чату 2000000015
2026-05-08 00:21:48,529 [WARNING] vk_bot: Рассылка приостановлена. Обработано чатов: 2
2026-05-08 00:23:47,397 [INFO] vk_bot: Создаю поток рассылки.
2026-05-08 00:23:47,398 [INFO] vk_bot: Рассылка запущена. Целевых чатов: 88
2026-05-08 00:23:47,398 [INFO] vk_bot: Рассылка: отправка в чат 2000000011
2026-05-08 00:23:47,398 [INFO] vk_bot: upload_message_photo: начинаем загрузку, message_photo_path=photo574393629_457242358_b6eb5a82321fba1977
2026-05-08 00:23:47,398 [INFO] vk_bot: attachment уже готов: photo574393629_457242358_b6eb5a82321fba1977
2026-05-08 00:23:47,603 [INFO] vk_bot: Рассылка: отправка в чат 2000000012
2026-05-08 00:23:47,604 [INFO] vk_bot: upload_message_photo: начинаем загрузку, message_photo_path=photo574393629_457242358_b6eb5a82321fba1977
2026-05-08 00:23:47,604 [INFO] vk_bot: attachment уже готов: photo574393629_457242358_b6eb5a82321fba1977
2026-05-08 00:23:48,095 [INFO] vk_bot: Рассылка: отправка в чат 2000000015
2026-05-08 00:23:48,096 [INFO] vk_bot: upload_message_photo: начинаем загрузку, message_photo_path=photo574393629_457242358_b6eb5a82321fba1977
2026-05-08 00:23:48,096 [INFO] vk_bot: attachment уже готов: photo574393629_457242358_b6eb5a82321fba1977
2026-05-08 00:23:48,489 [WARNING] vk_bot: Chat 2000000015: ошибка доступа. Рассылка приостановлена.
2026-05-08 00:23:48,489 [WARNING] vk_bot: Рассылка остановлена: потерян доступ к чату 2000000015
2026-05-08 00:23:48,489 [WARNING] vk_bot: Рассылка приостановлена. Обработано чатов: 2
2026-05-08 00:25:47,409 [INFO] vk_bot: Создаю поток рассылки.
2026-05-08 00:25:47,410 [INFO] vk_bot: Рассылка запущена. Целевых чатов: 88
2026-05-08 00:25:47,410 [INFO] vk_bot: Рассылка: отправка в чат 2000000011
2026-05-08 00:25:47,411 [INFO] vk_bot: upload_message_photo: начинаем загрузку, message_photo_path=photo574393629_457242358_b6eb5a82321fba1977
2026-05-08 00:25:47,411 [INFO] vk_bot: attachment уже готов: photo574393629_457242358_b6eb5a82321fba1977
2026-05-08 00:25:47,588 [INFO] vk_bot: Рассылка: отправка в чат 2000000012
2026-05-08 00:25:47,588 [INFO] vk_bot: upload_message_photo: начинаем загрузку, message_photo_path=photo574393629_457242358_b6eb5a82321fba1977
2026-05-08 00:25:47,588 [INFO] vk_bot: attachment уже готов: photo574393629_457242358_b6eb5a82321fba1977
2026-05-08 00:25:48,099 [INFO] vk_bot: Рассылка: отправка в чат 2000000015
2026-05-08 00:25:48,099 [INFO] vk_bot: upload_message_photo: начинаем загрузку, message_photo_path=photo574393629_457242358_b6eb5a82321fba1977
2026-05-08 00:25:48,099 [INFO] vk_bot: attachment уже готов: photo574393629_457242358_b6eb5a82321fba1977
2026-05-08 00:25:48,498 [WARNING] vk_bot: Chat 2000000015: ошибка доступа. Рассылка приостановлена.
2026-05-08 00:25:48,499 [WARNING] vk_bot: Рассылка остановлена: потерян доступ к чату 2000000015
2026-05-08 00:25:48,499 [WARNING] vk_bot: Рассылка приостановлена. Обработано чатов: 2
2026-05-08 00:27:47,421 [INFO] vk_bot: Создаю поток рассылки.
2026-05-08 00:27:47,422 [INFO] vk_bot: Рассылка запущена. Целевых чатов: 88
2026-05-08 00:27:47,422 [INFO] vk_bot: Рассылка: отправка в чат 2000000011
2026-05-08 00:27:47,422 [INFO] vk_bot: upload_message_photo: начинаем загрузку, message_photo_path=photo574393629_457242358_b6eb5a82321fba1977
2026-05-08 00:27:47,422 [INFO] vk_bot: attachment уже готов: photo574393629_457242358_b6eb5a82321fba1977
2026-05-08 00:27:47,690 [INFO] vk_bot: Рассылка: отправка в чат 2000000012
2026-05-08 00:27:47,690 [INFO] vk_bot: upload_message_photo: начинаем загрузку, message_photo_path=photo574393629_457242358_b6eb5a82321fba1977
2026-05-08 00:27:47,690 [INFO] vk_bot: attachment уже готов: photo574393629_457242358_b6eb5a82321fba1977
2026-05-08 00:27:48,184 [INFO] vk_bot: Рассылка: отправка в чат 2000000015
2026-05-08 00:27:48,185 [INFO] vk_bot: upload_message_photo: начинаем загрузку, message_photo_path=photo574393629_457242358_b6eb5a82321fba1977
2026-05-08 00:27:48,185 [INFO] vk_bot: attachment уже готов: photo574393629_457242358_b6eb5a82321fba1977
2026-05-08 00:27:48,578 [WARNING] vk_bot: Chat 2000000015: ошибка доступа. Рассылка приостановлена.
2026-05-08 00:27:48,578 [WARNING] vk_bot: Рассылка остановлена: потерян доступ к чату 2000000015
2026-05-08 00:27:48,579 [WARNING] vk_bot: Рассылка приостановлена. Обработано чатов: 2
2026-05-08 00:29:47,434 [INFO] vk_bot: Создаю поток рассылки.
2026-05-08 00:29:47,435 [INFO] vk_bot: Рассылка запущена. Целевых чатов: 88
2026-05-08 00:29:47,435 [INFO] vk_bot: Рассылка: отправка в чат 2000000011
2026-05-08 00:29:47,435 [INFO] vk_bot: upload_message_photo: начинаем загрузку, message_photo_path=photo574393629_457242358_b6eb5a82321fba1977
2026-05-08 00:29:47,435 [INFO] vk_bot: attachment уже готов: photo574393629_457242358_b6eb5a82321fba1977
2026-05-08 00:29:47,628 [INFO] vk_bot: Рассылка: отправка в чат 2000000012
2026-05-08 00:29:47,628 [INFO] vk_bot: upload_message_photo: начинаем загрузку, message_photo_path=photo574393629_457242358_b6eb5a82321fba1977
2026-05-08 00:29:47,628 [INFO] vk_bot: attachment уже готов: photo574393629_457242358_b6eb5a82321fba1977
2026-05-08 00:29:48,127 [INFO] vk_bot: Рассылка: отправка в чат 2000000015
2026-05-08 00:29:48,128 [INFO] vk_bot: upload_message_photo: начинаем загрузку, message_photo_path=photo574393629_457242358_b6eb5a82321fba1977
2026-05-08 00:29:48,128 [INFO] vk_bot: attachment уже готов: photo574393629_457242358_b6eb5a82321fba1977
2026-05-08 00:29:48,526 [WARNING] vk_bot: Chat 2000000015: ошибка доступа. Рассылка приостановлена.
2026-05-08 00:29:48,526 [WARNING] vk_bot: Рассылка остановлена: потерян доступ к чату 2000000015
2026-05-08 00:29:48,526 [WARNING] vk_bot: Рассылка приостановлена. Обработано чатов: 2
2026-05-08 00:31:47,445 [INFO] vk_bot: Создаю поток рассылки.
2026-05-08 00:31:47,446 [INFO] vk_bot: Рассылка запущена. Целевых чатов: 88
2026-05-08 00:31:47,447 [INFO] vk_bot: Рассылка: отправка в чат 2000000011
2026-05-08 00:31:47,447 [INFO] vk_bot: upload_message_photo: начинаем загрузку, message_photo_path=photo574393629_457242358_b6eb5a82321fba1977
2026-05-08 00:31:47,447 [INFO] vk_bot: attachment уже готов: photo574393629_457242358_b6eb5a82321fba1977
2026-05-08 00:31:47,644 [INFO] vk_bot: Рассылка: отправка в чат 2000000012
2026-05-08 00:31:47,644 [INFO] vk_bot: upload_message_photo: начинаем загрузку, message_photo_path=photo574393629_457242358_b6eb5a82321fba1977
2026-05-08 00:31:47,644 [INFO] vk_bot: attachment уже готов: photo574393629_457242358_b6eb5a82321fba1977
2026-05-08 00:31:48,140 [INFO] vk_bot: Рассылка: отправка в чат 2000000015
2026-05-08 00:31:48,141 [INFO] vk_bot: upload_message_photo: начинаем загрузку, message_photo_path=photo574393629_457242358_b6eb5a82321fba1977
2026-05-08 00:31:48,141 [INFO] vk_bot: attachment уже готов: photo574393629_457242358_b6eb5a82321fba1977
2026-05-08 00:31:48,537 [WARNING] vk_bot: Chat 2000000015: ошибка доступа. Рассылка приостановлена.
2026-05-08 00:31:48,538 [WARNING] vk_bot: Рассылка остановлена: потерян доступ к чату 2000000015
2026-05-08 00:31:48,538 [WARNING] vk_bot: Рассылка приостановлена. Обработано чатов: 2
2026-05-08 00:33:47,456 [INFO] vk_bot: Создаю поток рассылки.
2026-05-08 00:33:47,457 [INFO] vk_bot: Рассылка запущена. Целевых чатов: 88
2026-05-08 00:33:47,457 [INFO] vk_bot: Рассылка: отправка в чат 2000000011
2026-05-08 00:33:47,457 [INFO] vk_bot: upload_message_photo: начинаем загрузку, message_photo_path=photo574393629_457242358_b6eb5a82321fba1977
2026-05-08 00:33:47,457 [INFO] vk_bot: attachment уже готов: photo574393629_457242358_b6eb5a82321fba1977
2026-05-08 00:33:47,717 [INFO] vk_bot: Рассылка: отправка в чат 2000000012
2026-05-08 00:33:47,717 [INFO] vk_bot: upload_message_photo: начинаем загрузку, message_photo_path=photo574393629_457242358_b6eb5a82321fba1977
2026-05-08 00:33:47,717 [INFO] vk_bot: attachment уже готов: photo574393629_457242358_b6eb5a82321fba1977
2026-05-08 00:33:48,224 [INFO] vk_bot: Рассылка: отправка в чат 2000000015
2026-05-08 00:33:48,224 [INFO] vk_bot: upload_message_photo: начинаем загрузку, message_photo_path=photo574393629_457242358_b6eb5a82321fba1977
2026-05-08 00:33:48,224 [INFO] vk_bot: attachment уже готов: photo574393629_457242358_b6eb5a82321fba1977
2026-05-08 00:33:48,664 [WARNING] vk_bot: Chat 2000000015: ошибка доступа. Рассылка приостановлена.
2026-05-08 00:33:48,665 [WARNING] vk_bot: Рассылка остановлена: потерян доступ к чату 2000000015
2026-05-08 00:33:48,665 [WARNING] vk_bot: Рассылка приостановлена. Обработано чатов: 2
2026-05-08 00:35:47,466 [INFO] vk_bot: Создаю поток рассылки.
2026-05-08 00:35:47,466 [INFO] vk_bot: Рассылка запущена. Целевых чатов: 88
2026-05-08 00:35:47,467 [INFO] vk_bot: Рассылка: отправка в чат 2000000011
2026-05-08 00:35:47,467 [INFO] vk_bot: upload_message_photo: начинаем загрузку, message_photo_path=photo574393629_457242358_b6eb5a82321fba1977
2026-05-08 00:35:47,467 [INFO] vk_bot: attachment уже готов: photo574393629_457242358_b6eb5a82321fba1977
2026-05-08 00:35:47,702 [INFO] vk_bot: Рассылка: отправка в чат 2000000012
2026-05-08 00:35:47,703 [INFO] vk_bot: upload_message_photo: начинаем загрузку, message_photo_path=photo574393629_457242358_b6eb5a82321fba1977
2026-05-08 00:35:47,703 [INFO] vk_bot: attachment уже готов: photo574393629_457242358_b6eb5a82321fba1977
2026-05-08 00:35:48,565 [INFO] vk_bot: Рассылка: отправка в чат 2000000015
2026-05-08 00:35:48,565 [INFO] vk_bot: upload_message_photo: начинаем загрузку, message_photo_path=photo574393629_457242358_b6eb5a82321fba1977
2026-05-08 00:35:48,566 [INFO] vk_bot: attachment уже готов: photo574393629_457242358_b6eb5a82321fba1977
2026-05-08 00:35:48,966 [WARNING] vk_bot: Chat 2000000015: ошибка доступа. Рассылка приостановлена.
2026-05-08 00:35:48,967 [WARNING] vk_bot: Рассылка остановлена: потерян доступ к чату 2000000015
2026-05-08 00:35:48,967 [WARNING] vk_bot: Рассылка приостановлена. Обработано чатов: 2
2026-05-08 00:37:47,477 [INFO] vk_bot: Создаю поток рассылки.
2026-05-08 00:37:47,478 [INFO] vk_bot: Рассылка запущена. Целевых чатов: 88
2026-05-08 00:37:47,478 [INFO] vk_bot: Рассылка: отправка в чат 2000000011
2026-05-08 00:37:47,478 [INFO] vk_bot: upload_message_photo: начинаем загрузку, message_photo_path=photo574393629_457242358_b6eb5a82321fba1977
2026-05-08 00:37:47,478 [INFO] vk_bot: attachment уже готов: photo574393629_457242358_b6eb5a82321fba1977
2026-05-08 00:37:47,662 [INFO] vk_bot: Рассылка: отправка в чат 2000000012
2026-05-08 00:37:47,663 [INFO] vk_bot: upload_message_photo: начинаем загрузку, message_photo_path=photo574393629_457242358_b6eb5a82321fba1977
2026-05-08 00:37:47,663 [INFO] vk_bot: attachment уже готов: photo574393629_457242358_b6eb5a82321fba1977
2026-05-08 00:37:48,167 [INFO] vk_bot: Рассылка: отправка в чат 2000000015
2026-05-08 00:37:48,167 [INFO] vk_bot: upload_message_photo: начинаем загрузку, message_photo_path=photo574393629_457242358_b6eb5a82321fba1977
2026-05-08 00:37:48,167 [INFO] vk_bot: attachment уже готов: photo574393629_457242358_b6eb5a82321fba1977
2026-05-08 00:37:48,570 [WARNING] vk_bot: Chat 2000000015: ошибка доступа. Рассылка приостановлена.
2026-05-08 00:37:48,570 [WARNING] vk_bot: Рассылка остановлена: потерян доступ к чату 2000000015
2026-05-08 00:37:48,570 [WARNING] vk_bot: Рассылка приостановлена. Обработано чатов: 2
2026-05-08 00:39:47,487 [INFO] vk_bot: Создаю поток рассылки.
2026-05-08 00:39:47,488 [INFO] vk_bot: Рассылка запущена. Целевых чатов: 88
2026-05-08 00:39:47,488 [INFO] vk_bot: Рассылка: отправка в чат 2000000011
2026-05-08 00:39:47,488 [INFO] vk_bot: upload_message_photo: начинаем загрузку, message_photo_path=photo574393629_457242358_b6eb5a82321fba1977
2026-05-08 00:39:47,488 [INFO] vk_bot: attachment уже готов: photo574393629_457242358_b6eb5a82321fba1977
2026-05-08 00:39:47,666 [INFO] vk_bot: Рассылка: отправка в чат 2000000012
2026-05-08 00:39:47,666 [INFO] vk_bot: upload_message_photo: начинаем загрузку, message_photo_path=photo574393629_457242358_b6eb5a82321fba1977
2026-05-08 00:39:47,666 [INFO] vk_bot: attachment уже готов: photo574393629_457242358_b6eb5a82321fba1977
2026-05-08 00:39:48,173 [INFO] vk_bot: Рассылка: отправка в чат 2000000015
2026-05-08 00:39:48,173 [INFO] vk_bot: upload_message_photo: начинаем загрузку, message_photo_path=photo574393629_457242358_b6eb5a82321fba1977
2026-05-08 00:39:48,173 [INFO] vk_bot: attachment уже готов: photo574393629_457242358_b6eb5a82321fba1977
2026-05-08 00:39:48,568 [WARNING] vk_bot: Chat 2000000015: ошибка доступа. Рассылка приостановлена.
2026-05-08 00:39:48,568 [WARNING] vk_bot: Рассылка остановлена: потерян доступ к чату 2000000015
2026-05-08 00:39:48,568 [WARNING] vk_bot: Рассылка приостановлена. Обработано чатов: 2
2026-05-08 00:41:47,496 [INFO] vk_bot: Создаю поток рассылки.
2026-05-08 00:41:47,497 [INFO] vk_bot: Рассылка запущена. Целевых чатов: 88
2026-05-08 00:41:47,497 [INFO] vk_bot: Рассылка: отправка в чат 2000000011
2026-05-08 00:41:47,497 [INFO] vk_bot: upload_message_photo: начинаем загрузку, message_photo_path=photo574393629_457242358_b6eb5a82321fba1977
2026-05-08 00:41:47,497 [INFO] vk_bot: attachment уже готов: photo574393629_457242358_b6eb5a82321fba1977
2026-05-08 00:41:47,701 [INFO] vk_bot: Рассылка: отправка в чат 2000000012
2026-05-08 00:41:47,701 [INFO] vk_bot: upload_message_photo: начинаем загрузку, message_photo_path=photo574393629_457242358_b6eb5a82321fba1977
2026-05-08 00:41:47,701 [INFO] vk_bot: attachment уже готов: photo574393629_457242358_b6eb5a82321fba1977
2026-05-08 00:41:48,207 [INFO] vk_bot: Рассылка: отправка в чат 2000000015
2026-05-08 00:41:48,208 [INFO] vk_bot: upload_message_photo: начинаем загрузку, message_photo_path=photo574393629_457242358_b6eb5a82321fba1977
2026-05-08 00:41:48,209 [INFO] vk_bot: attachment уже готов: photo574393629_457242358_b6eb5a82321fba1977
2026-05-08 00:41:48,607 [WARNING] vk_bot: Chat 2000000015: ошибка доступа. Рассылка приостановлена.
2026-05-08 00:41:48,607 [WARNING] vk_bot: Рассылка остановлена: потерян доступ к чату 2000000015
2026-05-08 00:41:48,607 [WARNING] vk_bot: Рассылка приостановлена. Обработано чатов: 2
2026-05-08 00:43:47,506 [INFO] vk_bot: Создаю поток рассылки.
2026-05-08 00:43:47,507 [INFO] vk_bot: Рассылка запущена. Целевых чатов: 88
2026-05-08 00:43:47,507 [INFO] vk_bot: Рассылка: отправка в чат 2000000011
2026-05-08 00:43:47,507 [INFO] vk_bot: upload_message_photo: начинаем загрузку, message_photo_path=photo574393629_457242358_b6eb5a82321fba1977
2026-05-08 00:43:47,507 [INFO] vk_bot: attachment уже готов: photo574393629_457242358_b6eb5a82321fba1977
2026-05-08 00:43:48,251 [INFO] vk_bot: Рассылка: отправка в чат 2000000012
2026-05-08 00:43:48,251 [INFO] vk_bot: upload_message_photo: начинаем загрузку, message_photo_path=photo574393629_457242358_b6eb5a82321fba1977
2026-05-08 00:43:48,251 [INFO] vk_bot: attachment уже готов: photo574393629_457242358_b6eb5a82321fba1977
2026-05-08 00:43:48,744 [INFO] vk_bot: Рассылка: отправка в чат 2000000015
2026-05-08 00:43:48,744 [INFO] vk_bot: upload_message_photo: начинаем загрузку, message_photo_path=photo574393629_457242358_b6eb5a82321fba1977
2026-05-08 00:43:48,744 [INFO] vk_bot: attachment уже готов: photo574393629_457242358_b6eb5a82321fba1977
2026-05-08 00:43:49,146 [WARNING] vk_bot: Chat 2000000015: ошибка доступа. Рассылка приостановлена.
2026-05-08 00:43:49,146 [WARNING] vk_bot: Рассылка остановлена: потерян доступ к чату 2000000015
2026-05-08 00:43:49,146 [WARNING] vk_bot: Рассылка приостановлена. Обработано чатов: 2
2026-05-08 00:45:47,518 [INFO] vk_bot: Создаю поток рассылки.
2026-05-08 00:45:47,518 [INFO] vk_bot: Рассылка запущена. Целевых чатов: 88
2026-05-08 00:45:47,519 [INFO] vk_bot: Рассылка: отправка в чат 2000000011
2026-05-08 00:45:47,519 [INFO] vk_bot: upload_message_photo: начинаем загрузку, message_photo_path=photo574393629_457242358_b6eb5a82321fba1977
2026-05-08 00:45:47,519 [INFO] vk_bot: attachment уже готов: photo574393629_457242358_b6eb5a82321fba1977
2026-05-08 00:45:47,719 [INFO] vk_bot: Рассылка: отправка в чат 2000000012
2026-05-08 00:45:47,719 [INFO] vk_bot: upload_message_photo: начинаем загрузку, message_photo_path=photo574393629_457242358_b6eb5a82321fba1977
2026-05-08 00:45:47,719 [INFO] vk_bot: attachment уже готов: photo574393629_457242358_b6eb5a82321fba1977
2026-05-08 00:45:48,207 [INFO] vk_bot: Рассылка: отправка в чат 2000000015
2026-05-08 00:45:48,207 [INFO] vk_bot: upload_message_photo: начинаем загрузку, message_photo_path=photo574393629_457242358_b6eb5a82321fba1977
2026-05-08 00:45:48,208 [INFO] vk_bot: attachment уже готов: photo574393629_457242358_b6eb5a82321fba1977
2026-05-08 00:45:48,613 [WARNING] vk_bot: Chat 2000000015: ошибка доступа. Рассылка приостановлена.
2026-05-08 00:45:48,613 [WARNING] vk_bot: Рассылка остановлена: потерян доступ к чату 2000000015
2026-05-08 00:45:48,614 [WARNING] vk_bot: Рассылка приостановлена. Обработано чатов: 2
2026-05-08 00:47:47,529 [INFO] vk_bot: Создаю поток рассылки.
2026-05-08 00:47:47,529 [INFO] vk_bot: Рассылка запущена. Целевых чатов: 88
2026-05-08 00:47:47,529 [INFO] vk_bot: Рассылка: отправка в чат 2000000011
2026-05-08 00:47:47,530 [INFO] vk_bot: upload_message_photo: начинаем загрузку, message_photo_path=photo574393629_457242358_b6eb5a82321fba1977
2026-05-08 00:47:47,530 [INFO] vk_bot: attachment уже готов: photo574393629_457242358_b6eb5a82321fba1977
2026-05-08 00:47:47,725 [INFO] vk_bot: Рассылка: отправка в чат 2000000012
2026-05-08 00:47:47,725 [INFO] vk_bot: upload_message_photo: начинаем загрузку, message_photo_path=photo574393629_457242358_b6eb5a82321fba1977
2026-05-08 00:47:47,725 [INFO] vk_bot: attachment уже готов: photo574393629_457242358_b6eb5a82321fba1977
2026-05-08 00:47:48,224 [INFO] vk_bot: Рассылка: отправка в чат 2000000015
2026-05-08 00:47:48,225 [INFO] vk_bot: upload_message_photo: начинаем загрузку, message_photo_path=photo574393629_457242358_b6eb5a82321fba1977
2026-05-08 00:47:48,225 [INFO] vk_bot: attachment уже готов: photo574393629_457242358_b6eb5a82321fba1977
2026-05-08 00:47:48,628 [WARNING] vk_bot: Chat 2000000015: ошибка доступа. Рассылка приостановлена.
2026-05-08 00:47:48,628 [WARNING] vk_bot: Рассылка остановлена: потерян доступ к чату 2000000015
2026-05-08 00:47:48,628 [WARNING] vk_bot: Рассылка приостановлена. Обработано чатов: 2
2026-05-08 00:49:47,540 [INFO] vk_bot: Создаю поток рассылки.
2026-05-08 00:49:47,541 [INFO] vk_bot: Рассылка запущена. Целевых чатов: 88
2026-05-08 00:49:47,541 [INFO] vk_bot: Рассылка: отправка в чат 2000000011
2026-05-08 00:49:47,541 [INFO] vk_bot: upload_message_photo: начинаем загрузку, message_photo_path=photo574393629_457242358_b6eb5a82321fba1977
2026-05-08 00:49:47,541 [INFO] vk_bot: attachment уже готов: photo574393629_457242358_b6eb5a82321fba1977
2026-05-08 00:49:47,748 [INFO] vk_bot: Рассылка: отправка в чат 2000000012
2026-05-08 00:49:47,748 [INFO] vk_bot: upload_message_photo: начинаем загрузку, message_photo_path=photo574393629_457242358_b6eb5a82321fba1977
2026-05-08 00:49:47,748 [INFO] vk_bot: attachment уже готов: photo574393629_457242358_b6eb5a82321fba1977
2026-05-08 00:49:48,252 [INFO] vk_bot: Рассылка: отправка в чат 2000000015
2026-05-08 00:49:48,253 [INFO] vk_bot: upload_message_photo: начинаем загрузку, message_photo_path=photo574393629_457242358_b6eb5a82321fba1977
2026-05-08 00:49:48,253 [INFO] vk_bot: attachment уже готов: photo574393629_457242358_b6eb5a82321fba1977
2026-05-08 00:49:48,655 [WARNING] vk_bot: Chat 2000000015: ошибка доступа. Рассылка приостановлена.
2026-05-08 00:49:48,655 [WARNING] vk_bot: Рассылка остановлена: потерян доступ к чату 2000000015
2026-05-08 00:49:48,655 [WARNING] vk_bot: Рассылка приостановлена. Обработано чатов: 2
2026-05-08 00:51:47,551 [INFO] vk_bot: Создаю поток рассылки.
2026-05-08 00:51:47,553 [INFO] vk_bot: Рассылка запущена. Целевых чатов: 88
2026-05-08 00:51:47,553 [INFO] vk_bot: Рассылка: отправка в чат 2000000011
2026-05-08 00:51:47,553 [INFO] vk_bot: upload_message_photo: начинаем загрузку, message_photo_path=photo574393629_457242358_b6eb5a82321fba1977
2026-05-08 00:51:47,553 [INFO] vk_bot: attachment уже готов: photo574393629_457242358_b6eb5a82321fba1977
2026-05-08 00:51:47,739 [INFO] vk_bot: Рассылка: отправка в чат 2000000012
2026-05-08 00:51:47,739 [INFO] vk_bot: upload_message_photo: начинаем загрузку, message_photo_path=photo574393629_457242358_b6eb5a82321fba1977
2026-05-08 00:51:47,739 [INFO] vk_bot: attachment уже готов: photo574393629_457242358_b6eb5a82321fba1977
2026-05-08 00:51:48,236 [INFO] vk_bot: Рассылка: отправка в чат 2000000015
2026-05-08 00:51:48,236 [INFO] vk_bot: upload_message_photo: начинаем загрузку, message_photo_path=photo574393629_457242358_b6eb5a82321fba1977
2026-05-08 00:51:48,236 [INFO] vk_bot: attachment уже готов: photo574393629_457242358_b6eb5a82321fba1977
2026-05-08 00:51:48,635 [WARNING] vk_bot: Chat 2000000015: ошибка доступа. Рассылка приостановлена.
2026-05-08 00:51:48,635 [WARNING] vk_bot: Рассылка остановлена: потерян доступ к чату 2000000015
2026-05-08 00:51:48,635 [WARNING] vk_bot: Рассылка приостановлена. Обработано чатов: 2
2026-05-08 00:53:47,561 [INFO] vk_bot: Создаю поток рассылки.
2026-05-08 00:53:47,562 [INFO] vk_bot: Рассылка запущена. Целевых чатов: 88
2026-05-08 00:53:47,562 [INFO] vk_bot: Рассылка: отправка в чат 2000000011
2026-05-08 00:53:47,562 [INFO] vk_bot: upload_message_photo: начинаем загрузку, message_photo_path=photo574393629_457242358_b6eb5a82321fba1977
2026-05-08 00:53:47,562 [INFO] vk_bot: attachment уже готов: photo574393629_457242358_b6eb5a82321fba1977
2026-05-08 00:53:47,765 [INFO] vk_bot: Рассылка: отправка в чат 2000000012
2026-05-08 00:53:47,765 [INFO] vk_bot: upload_message_photo: начинаем загрузку, message_photo_path=photo574393629_457242358_b6eb5a82321fba1977
2026-05-08 00:53:47,765 [INFO] vk_bot: attachment уже готов: photo574393629_457242358_b6eb5a82321fba1977
2026-05-08 00:53:48,260 [INFO] vk_bot: Рассылка: отправка в чат 2000000015
2026-05-08 00:53:48,260 [INFO] vk_bot: upload_message_photo: начинаем загрузку, message_photo_path=photo574393629_457242358_b6eb5a82321fba1977
2026-05-08 00:53:48,260 [INFO] vk_bot: attachment уже готов: photo574393629_457242358_b6eb5a82321fba1977
2026-05-08 00:53:48,677 [WARNING] vk_bot: Chat 2000000015: ошибка доступа. Рассылка приостановлена.
2026-05-08 00:53:48,677 [WARNING] vk_bot: Рассылка остановлена: потерян доступ к чату 2000000015
2026-05-08 00:53:48,678 [WARNING] vk_bot: Рассылка приостановлена. Обработано чатов: 2
2026-05-08 00:55:47,571 [INFO] vk_bot: Создаю поток рассылки.
2026-05-08 00:55:47,571 [INFO] vk_bot: Рассылка запущена. Целевых чатов: 88
2026-05-08 00:55:47,571 [INFO] vk_bot: Рассылка: отправка в чат 2000000011
2026-05-08 00:55:47,572 [INFO] vk_bot: upload_message_photo: начинаем загрузку, message_photo_path=photo574393629_457242358_b6eb5a82321fba1977
2026-05-08 00:55:47,572 [INFO] vk_bot: attachment уже готов: photo574393629_457242358_b6eb5a82321fba1977
2026-05-08 00:55:47,804 [INFO] vk_bot: Рассылка: отправка в чат 2000000012
2026-05-08 00:55:47,804 [INFO] vk_bot: upload_message_photo: начинаем загрузку, message_photo_path=photo574393629_457242358_b6eb5a82321fba1977
2026-05-08 00:55:47,804 [INFO] vk_bot: attachment уже готов: photo574393629_457242358_b6eb5a82321fba1977
2026-05-08 00:55:48,354 [INFO] vk_bot: Рассылка: отправка в чат 2000000015
2026-05-08 00:55:48,355 [INFO] vk_bot: upload_message_photo: начинаем загрузку, message_photo_path=photo574393629_457242358_b6eb5a82321fba1977
2026-05-08 00:55:48,355 [INFO] vk_bot: attachment уже готов: photo574393629_457242358_b6eb5a82321fba1977
2026-05-08 00:55:48,753 [WARNING] vk_bot: Chat 2000000015: ошибка доступа. Рассылка приостановлена.
2026-05-08 00:55:48,753 [WARNING] vk_bot: Рассылка остановлена: потерян доступ к чату 2000000015
2026-05-08 00:55:48,753 [WARNING] vk_bot: Рассылка приостановлена. Обработано чатов: 2
2026-05-08 00:57:47,581 [INFO] vk_bot: Создаю поток рассылки.
2026-05-08 00:57:47,582 [INFO] vk_bot: Рассылка запущена. Целевых чатов: 88
2026-05-08 00:57:47,582 [INFO] vk_bot: Рассылка: отправка в чат 2000000011
2026-05-08 00:57:47,582 [INFO] vk_bot: upload_message_photo: начинаем загрузку, message_photo_path=photo574393629_457242358_b6eb5a82321fba1977
2026-05-08 00:57:47,582 [INFO] vk_bot: attachment уже готов: photo574393629_457242358_b6eb5a82321fba1977
2026-05-08 00:57:47,770 [INFO] vk_bot: Рассылка: отправка в чат 2000000012
2026-05-08 00:57:47,770 [INFO] vk_bot: upload_message_photo: начинаем загрузку, message_photo_path=photo574393629_457242358_b6eb5a82321fba1977
2026-05-08 00:57:47,770 [INFO] vk_bot: attachment уже готов: photo574393629_457242358_b6eb5a82321fba1977
2026-05-08 00:57:48,282 [INFO] vk_bot: Рассылка: отправка в чат 2000000015
2026-05-08 00:57:48,283 [INFO] vk_bot: upload_message_photo: начинаем загрузку, message_photo_path=photo574393629_457242358_b6eb5a82321fba1977
2026-05-08 00:57:48,283 [INFO] vk_bot: attachment уже готов: photo574393629_457242358_b6eb5a82321fba1977
2026-05-08 00:57:48,682 [WARNING] vk_bot: Chat 2000000015: ошибка доступа. Рассылка приостановлена.
2026-05-08 00:57:48,682 [WARNING] vk_bot: Рассылка остановлена: потерян доступ к чату 2000000015
2026-05-08 00:57:48,682 [WARNING] vk_bot: Рассылка приостановлена. Обработано чатов: 2
2026-05-08 00:59:47,589 [INFO] vk_bot: Создаю поток рассылки.
2026-05-08 00:59:47,590 [INFO] vk_bot: Рассылка запущена. Целевых чатов: 88
2026-05-08 00:59:47,590 [INFO] vk_bot: Рассылка: отправка в чат 2000000011
2026-05-08 00:59:47,590 [INFO] vk_bot: upload_message_photo: начинаем загрузку, message_photo_path=photo574393629_457242358_b6eb5a82321fba1977
2026-05-08 00:59:47,590 [INFO] vk_bot: attachment уже готов: photo574393629_457242358_b6eb5a82321fba1977
2026-05-08 00:59:47,801 [INFO] vk_bot: Рассылка: отправка в чат 2000000012
2026-05-08 00:59:47,801 [INFO] vk_bot: upload_message_photo: начинаем загрузку, message_photo_path=photo574393629_457242358_b6eb5a82321fba1977
2026-05-08 00:59:47,801 [INFO] vk_bot: attachment уже готов: photo574393629_457242358_b6eb5a82321fba1977
2026-05-08 00:59:48,309 [INFO] vk_bot: Рассылка: отправка в чат 2000000015
2026-05-08 00:59:48,310 [INFO] vk_bot: upload_message_photo: начинаем загрузку, message_photo_path=photo574393629_457242358_b6eb5a82321fba1977
2026-05-08 00:59:48,310 [INFO] vk_bot: attachment уже готов: photo574393629_457242358_b6eb5a82321fba1977
2026-05-08 00:59:48,718 [WARNING] vk_bot: Chat 2000000015: ошибка доступа. Рассылка приостановлена.
2026-05-08 00:59:48,718 [WARNING] vk_bot: Рассылка остановлена: потерян доступ к чату 2000000015
2026-05-08 00:59:48,719 [WARNING] vk_bot: Рассылка приостановлена. Обработано чатов: 2
2026-05-08 01:01:47,602 [INFO] vk_bot: Создаю поток рассылки.
2026-05-08 01:01:47,602 [INFO] vk_bot: Рассылка запущена. Целевых чатов: 88
2026-05-08 01:01:47,603 [INFO] vk_bot: Рассылка: отправка в чат 2000000011
2026-05-08 01:01:47,603 [INFO] vk_bot: upload_message_photo: начинаем загрузку, message_photo_path=photo574393629_457242358_b6eb5a82321fba1977
2026-05-08 01:01:47,603 [INFO] vk_bot: attachment уже готов: photo574393629_457242358_b6eb5a82321fba1977
2026-05-08 01:01:47,698 [INFO] vk_bot: Chat 2000000011: удалён из списка рассылки (участник исключён из беседы)
2026-05-08 01:01:47,708 [INFO] vk_bot: Рассылка: отправка в чат 2000000012
2026-05-08 01:01:47,708 [INFO] vk_bot: upload_message_photo: начинаем загрузку, message_photo_path=photo574393629_457242358_b6eb5a82321fba1977
2026-05-08 01:01:47,708 [INFO] vk_bot: attachment уже готов: photo574393629_457242358_b6eb5a82321fba1977
2026-05-08 01:01:48,212 [INFO] vk_bot: Рассылка: отправка в чат 2000000015
2026-05-08 01:01:48,212 [INFO] vk_bot: upload_message_photo: начинаем загрузку, message_photo_path=photo574393629_457242358_b6eb5a82321fba1977
2026-05-08 01:01:48,212 [INFO] vk_bot: attachment уже готов: photo574393629_457242358_b6eb5a82321fba1977
2026-05-08 01:01:48,611 [WARNING] vk_bot: Chat 2000000015: ошибка доступа. Рассылка приостановлена.
2026-05-08 01:01:48,611 [WARNING] vk_bot: Рассылка остановлена: потерян доступ к чату 2000000015
2026-05-08 01:01:48,611 [WARNING] vk_bot: Рассылка приостановлена. Обработано чатов: 2
2026-05-08 01:03:47,613 [INFO] vk_bot: Создаю поток рассылки.
2026-05-08 01:03:47,614 [INFO] vk_bot: Рассылка запущена. Целевых чатов: 87
2026-05-08 01:03:47,617 [INFO] vk_bot: Рассылка: отправка в чат 2000000012
2026-05-08 01:03:47,617 [INFO] vk_bot: upload_message_photo: начинаем загрузку, message_photo_path=photo574393629_457242358_b6eb5a82321fba1977
2026-05-08 01:03:47,617 [INFO] vk_bot: attachment уже готов: photo574393629_457242358_b6eb5a82321fba1977
2026-05-08 01:03:47,812 [INFO] vk_bot: Рассылка: отправка в чат 2000000015
2026-05-08 01:03:47,813 [INFO] vk_bot: upload_message_photo: начинаем загрузку, message_photo_path=photo574393629_457242358_b6eb5a82321fba1977
2026-05-08 01:03:47,813 [INFO] vk_bot: attachment уже готов: photo574393629_457242358_b6eb5a82321fba1977
2026-05-08 01:03:48,211 [WARNING] vk_bot: Chat 2000000015: ошибка доступа. Рассылка приостановлена.
2026-05-08 01:03:48,211 [WARNING] vk_bot: Рассылка остановлена: потерян доступ к чату 2000000015
2026-05-08 01:03:48,211 [WARNING] vk_bot: Рассылка приостановлена. Обработано чатов: 1
2026-05-08 01:05:47,624 [INFO] vk_bot: Создаю поток рассылки.
2026-05-08 01:05:47,624 [INFO] vk_bot: Рассылка запущена. Целевых чатов: 87
2026-05-08 01:05:47,624 [INFO] vk_bot: Рассылка: отправка в чат 2000000012
2026-05-08 01:05:47,624 [INFO] vk_bot: upload_message_photo: начинаем загрузку, message_photo_path=photo574393629_457242358_b6eb5a82321fba1977
2026-05-08 01:05:47,624 [INFO] vk_bot: attachment уже готов: photo574393629_457242358_b6eb5a82321fba1977
2026-05-08 01:05:47,816 [INFO] vk_bot: Рассылка: отправка в чат 2000000015
2026-05-08 01:05:47,816 [INFO] vk_bot: upload_message_photo: начинаем загрузку, message_photo_path=photo574393629_457242358_b6eb5a82321fba1977
2026-05-08 01:05:47,816 [INFO] vk_bot: attachment уже готов: photo574393629_457242358_b6eb5a82321fba1977
2026-05-08 01:05:48,212 [WARNING] vk_bot: Chat 2000000015: ошибка доступа. Рассылка приостановлена.
2026-05-08 01:05:48,212 [WARNING] vk_bot: Рассылка остановлена: потерян доступ к чату 2000000015
2026-05-08 01:05:48,212 [WARNING] vk_bot: Рассылка приостановлена. Обработано чатов: 1
2026-05-08 01:07:47,636 [INFO] vk_bot: Создаю поток рассылки.
2026-05-08 01:07:47,636 [INFO] vk_bot: Рассылка запущена. Целевых чатов: 87
2026-05-08 01:07:47,637 [INFO] vk_bot: Рассылка: отправка в чат 2000000012
2026-05-08 01:07:47,637 [INFO] vk_bot: upload_message_photo: начинаем загрузку, message_photo_path=photo574393629_457242358_b6eb5a82321fba1977
2026-05-08 01:07:47,637 [INFO] vk_bot: attachment уже готов: photo574393629_457242358_b6eb5a82321fba1977
2026-05-08 01:07:47,821 [INFO] vk_bot: Рассылка: отправка в чат 2000000015
2026-05-08 01:07:47,822 [INFO] vk_bot: upload_message_photo: начинаем загрузку, message_photo_path=photo574393629_457242358_b6eb5a82321fba1977
2026-05-08 01:07:47,822 [INFO] vk_bot: attachment уже готов: photo574393629_457242358_b6eb5a82321fba1977
2026-05-08 01:07:48,220 [WARNING] vk_bot: Chat 2000000015: ошибка доступа. Рассылка приостановлена.
2026-05-08 01:07:48,221 [WARNING] vk_bot: Рассылка остановлена: потерян доступ к чату 2000000015
2026-05-08 01:07:48,222 [WARNING] vk_bot: Рассылка приостановлена. Обработано чатов: 1
2026-05-08 01:09:47,646 [INFO] vk_bot: Создаю поток рассылки.
2026-05-08 01:09:47,648 [INFO] vk_bot: Рассылка запущена. Целевых чатов: 87
2026-05-08 01:09:47,648 [INFO] vk_bot: Рассылка: отправка в чат 2000000012
2026-05-08 01:09:47,648 [INFO] vk_bot: upload_message_photo: начинаем загрузку, message_photo_path=photo574393629_457242358_b6eb5a82321fba1977
2026-05-08 01:09:47,648 [INFO] vk_bot: attachment уже готов: photo574393629_457242358_b6eb5a82321fba1977
2026-05-08 01:09:47,812 [INFO] vk_bot: Рассылка: отправка в чат 2000000015
2026-05-08 01:09:47,812 [INFO] vk_bot: upload_message_photo: начинаем загрузку, message_photo_path=photo574393629_457242358_b6eb5a82321fba1977
2026-05-08 01:09:47,813 [INFO] vk_bot: attachment уже готов: photo574393629_457242358_b6eb5a82321fba1977
2026-05-08 01:09:48,211 [WARNING] vk_bot: Chat 2000000015: ошибка доступа. Рассылка приостановлена.
2026-05-08 01:09:48,211 [WARNING] vk_bot: Рассылка остановлена: потерян доступ к чату 2000000015
2026-05-08 01:09:48,211 [WARNING] vk_bot: Рассылка приостановлена. Обработано чатов: 1
2026-05-08 01:11:47,659 [INFO] vk_bot: Создаю поток рассылки.
2026-05-08 01:11:47,660 [INFO] vk_bot: Рассылка запущена. Целевых чатов: 87
2026-05-08 01:11:47,660 [INFO] vk_bot: Рассылка: отправка в чат 2000000012
2026-05-08 01:11:47,660 [INFO] vk_bot: upload_message_photo: начинаем загрузку, message_photo_path=photo574393629_457242358_b6eb5a82321fba1977
2026-05-08 01:11:47,660 [INFO] vk_bot: attachment уже готов: photo574393629_457242358_b6eb5a82321fba1977
2026-05-08 01:11:47,841 [INFO] vk_bot: Рассылка: отправка в чат 2000000015
2026-05-08 01:11:47,841 [INFO] vk_bot: upload_message_photo: начинаем загрузку, message_photo_path=photo574393629_457242358_b6eb5a82321fba1977
2026-05-08 01:11:47,841 [INFO] vk_bot: attachment уже готов: photo574393629_457242358_b6eb5a82321fba1977
2026-05-08 01:11:48,243 [WARNING] vk_bot: Chat 2000000015: ошибка доступа. Рассылка приостановлена.
2026-05-08 01:11:48,244 [WARNING] vk_bot: Рассылка остановлена: потерян доступ к чату 2000000015
2026-05-08 01:11:48,244 [WARNING] vk_bot: Рассылка приостановлена. Обработано чатов: 1
2026-05-08 01:13:47,668 [INFO] vk_bot: Создаю поток рассылки.
2026-05-08 01:13:47,668 [INFO] vk_bot: Рассылка запущена. Целевых чатов: 87
2026-05-08 01:13:47,669 [INFO] vk_bot: Рассылка: отправка в чат 2000000012
2026-05-08 01:13:47,669 [INFO] vk_bot: upload_message_photo: начинаем загрузку, message_photo_path=photo574393629_457242358_b6eb5a82321fba1977
2026-05-08 01:13:47,669 [INFO] vk_bot: attachment уже готов: photo574393629_457242358_b6eb5a82321fba1977
2026-05-08 01:13:47,864 [INFO] vk_bot: Рассылка: отправка в чат 2000000015
2026-05-08 01:13:47,864 [INFO] vk_bot: upload_message_photo: начинаем загрузку, message_photo_path=photo574393629_457242358_b6eb5a82321fba1977
2026-05-08 01:13:47,864 [INFO] vk_bot: attachment уже готов: photo574393629_457242358_b6eb5a82321fba1977
2026-05-08 01:13:48,268 [WARNING] vk_bot: Chat 2000000015: ошибка доступа. Рассылка приостановлена.
2026-05-08 01:13:48,269 [WARNING] vk_bot: Рассылка остановлена: потерян доступ к чату 2000000015
2026-05-08 01:13:48,269 [WARNING] vk_bot: Рассылка приостановлена. Обработано чатов: 1
2026-05-08 01:15:47,677 [INFO] vk_bot: Создаю поток рассылки.
2026-05-08 01:15:47,677 [INFO] vk_bot: Рассылка запущена. Целевых чатов: 87
2026-05-08 01:15:47,678 [INFO] vk_bot: Рассылка: отправка в чат 2000000012
2026-05-08 01:15:47,678 [INFO] vk_bot: upload_message_photo: начинаем загрузку, message_photo_path=photo574393629_457242358_b6eb5a82321fba1977
2026-05-08 01:15:47,678 [INFO] vk_bot: attachment уже готов: photo574393629_457242358_b6eb5a82321fba1977
2026-05-08 01:15:47,878 [INFO] vk_bot: Рассылка: отправка в чат 2000000015
2026-05-08 01:15:47,878 [INFO] vk_bot: upload_message_photo: начинаем загрузку, message_photo_path=photo574393629_457242358_b6eb5a82321fba1977
2026-05-08 01:15:47,878 [INFO] vk_bot: attachment уже готов: photo574393629_457242358_b6eb5a82321fba1977
2026-05-08 01:15:48,278 [WARNING] vk_bot: Chat 2000000015: ошибка доступа. Рассылка приостановлена.
2026-05-08 01:15:48,278 [WARNING] vk_bot: Рассылка остановлена: потерян доступ к чату 2000000015
2026-05-08 01:15:48,278 [WARNING] vk_bot: Рассылка приостановлена. Обработано чатов: 1
2026-05-08 01:17:47,686 [INFO] vk_bot: Создаю поток рассылки.
2026-05-08 01:17:47,687 [INFO] vk_bot: Рассылка запущена. Целевых чатов: 87
2026-05-08 01:17:47,687 [INFO] vk_bot: Рассылка: отправка в чат 2000000012
2026-05-08 01:17:47,687 [INFO] vk_bot: upload_message_photo: начинаем загрузку, message_photo_path=photo574393629_457242358_b6eb5a82321fba1977
2026-05-08 01:17:47,687 [INFO] vk_bot: attachment уже готов: photo574393629_457242358_b6eb5a82321fba1977
2026-05-08 01:17:47,873 [INFO] vk_bot: Рассылка: отправка в чат 2000000015
2026-05-08 01:17:47,873 [INFO] vk_bot: upload_message_photo: начинаем загрузку, message_photo_path=photo574393629_457242358_b6eb5a82321fba1977
2026-05-08 01:17:47,874 [INFO] vk_bot: attachment уже готов: photo574393629_457242358_b6eb5a82321fba1977
2026-05-08 01:17:48,273 [WARNING] vk_bot: Chat 2000000015: ошибка доступа. Рассылка приостановлена.
2026-05-08 01:17:48,273 [WARNING] vk_bot: Рассылка остановлена: потерян доступ к чату 2000000015
2026-05-08 01:17:48,273 [WARNING] vk_bot: Рассылка приостановлена. Обработано чатов: 1
2026-05-08 01:19:47,697 [INFO] vk_bot: Создаю поток рассылки.
2026-05-08 01:19:47,697 [INFO] vk_bot: Рассылка запущена. Целевых чатов: 87
2026-05-08 01:19:47,697 [INFO] vk_bot: Рассылка: отправка в чат 2000000012
2026-05-08 01:19:47,697 [INFO] vk_bot: upload_message_photo: начинаем загрузку, message_photo_path=photo574393629_457242358_b6eb5a82321fba1977
2026-05-08 01:19:47,697 [INFO] vk_bot: attachment уже готов: photo574393629_457242358_b6eb5a82321fba1977
2026-05-08 01:19:47,914 [INFO] vk_bot: Рассылка: отправка в чат 2000000015
2026-05-08 01:19:47,915 [INFO] vk_bot: upload_message_photo: начинаем загрузку, message_photo_path=photo574393629_457242358_b6eb5a82321fba1977
2026-05-08 01:19:47,915 [INFO] vk_bot: attachment уже готов: photo574393629_457242358_b6eb5a82321fba1977
2026-05-08 01:19:48,315 [WARNING] vk_bot: Chat 2000000015: ошибка доступа. Рассылка приостановлена.
2026-05-08 01:19:48,315 [WARNING] vk_bot: Рассылка остановлена: потерян доступ к чату 2000000015
2026-05-08 01:19:48,315 [WARNING] vk_bot: Рассылка приостановлена. Обработано чатов: 1
2026-05-08 01:21:47,707 [INFO] vk_bot: Создаю поток рассылки.
2026-05-08 01:21:47,707 [INFO] vk_bot: Рассылка запущена. Целевых чатов: 87
2026-05-08 01:21:47,707 [INFO] vk_bot: Рассылка: отправка в чат 2000000012
2026-05-08 01:21:47,707 [INFO] vk_bot: upload_message_photo: начинаем загрузку, message_photo_path=photo574393629_457242358_b6eb5a82321fba1977
2026-05-08 01:21:47,707 [INFO] vk_bot: attachment уже готов: photo574393629_457242358_b6eb5a82321fba1977
2026-05-08 01:21:47,898 [INFO] vk_bot: Рассылка: отправка в чат 2000000015
2026-05-08 01:21:47,898 [INFO] vk_bot: upload_message_photo: начинаем загрузку, message_photo_path=photo574393629_457242358_b6eb5a82321fba1977
2026-05-08 01:21:47,898 [INFO] vk_bot: attachment уже готов: photo574393629_457242358_b6eb5a82321fba1977
2026-05-08 01:21:48,636 [WARNING] vk_bot: Chat 2000000015: ошибка доступа. Рассылка приостановлена.
2026-05-08 01:21:48,636 [WARNING] vk_bot: Рассылка остановлена: потерян доступ к чату 2000000015
2026-05-08 01:21:48,637 [WARNING] vk_bot: Рассылка приостановлена. Обработано чатов: 1
2026-05-08 01:23:47,717 [INFO] vk_bot: Создаю поток рассылки.
2026-05-08 01:23:47,718 [INFO] vk_bot: Рассылка запущена. Целевых чатов: 87
2026-05-08 01:23:47,718 [INFO] vk_bot: Рассылка: отправка в чат 2000000012
2026-05-08 01:23:47,718 [INFO] vk_bot: upload_message_photo: начинаем загрузку, message_photo_path=photo574393629_457242358_b6eb5a82321fba1977
2026-05-08 01:23:47,718 [INFO] vk_bot: attachment уже готов: photo574393629_457242358_b6eb5a82321fba1977
2026-05-08 01:23:47,915 [INFO] vk_bot: Рассылка: отправка в чат 2000000015
2026-05-08 01:23:47,915 [INFO] vk_bot: upload_message_photo: начинаем загрузку, message_photo_path=photo574393629_457242358_b6eb5a82321fba1977
2026-05-08 01:23:47,915 [INFO] vk_bot: attachment уже готов: photo574393629_457242358_b6eb5a82321fba1977
2026-05-08 01:23:48,317 [WARNING] vk_bot: Chat 2000000015: ошибка доступа. Рассылка приостановлена.
2026-05-08 01:23:48,317 [WARNING] vk_bot: Рассылка остановлена: потерян доступ к чату 2000000015
2026-05-08 01:23:48,318 [WARNING] vk_bot: Рассылка приостановлена. Обработано чатов: 1
2026-05-08 01:25:47,727 [INFO] vk_bot: Создаю поток рассылки.
2026-05-08 01:25:47,727 [INFO] vk_bot: Рассылка запущена. Целевых чатов: 87
2026-05-08 01:25:47,727 [INFO] vk_bot: Рассылка: отправка в чат 2000000012
2026-05-08 01:25:47,727 [INFO] vk_bot: upload_message_photo: начинаем загрузку, message_photo_path=photo574393629_457242358_b6eb5a82321fba1977
2026-05-08 01:25:47,727 [INFO] vk_bot: attachment уже готов: photo574393629_457242358_b6eb5a82321fba1977
2026-05-08 01:25:47,916 [INFO] vk_bot: Рассылка: отправка в чат 2000000015
2026-05-08 01:25:47,916 [INFO] vk_bot: upload_message_photo: начинаем загрузку, message_photo_path=photo574393629_457242358_b6eb5a82321fba1977
2026-05-08 01:25:47,916 [INFO] vk_bot: attachment уже готов: photo574393629_457242358_b6eb5a82321fba1977
2026-05-08 01:25:48,317 [WARNING] vk_bot: Chat 2000000015: ошибка доступа. Рассылка приостановлена.
2026-05-08 01:25:48,318 [WARNING] vk_bot: Рассылка остановлена: потерян доступ к чату 2000000015
2026-05-08 01:25:48,318 [WARNING] vk_bot: Рассылка приостановлена. Обработано чатов: 1
2026-05-08 01:27:47,736 [INFO] vk_bot: Создаю поток рассылки.
2026-05-08 01:27:47,737 [INFO] vk_bot: Рассылка запущена. Целевых чатов: 87
2026-05-08 01:27:47,737 [INFO] vk_bot: Рассылка: отправка в чат 2000000012
2026-05-08 01:27:47,737 [INFO] vk_bot: upload_message_photo: начинаем загрузку, message_photo_path=photo574393629_457242358_b6eb5a82321fba1977
2026-05-08 01:27:47,737 [INFO] vk_bot: attachment уже готов: photo574393629_457242358_b6eb5a82321fba1977
2026-05-08 01:27:47,906 [INFO] vk_bot: Рассылка: отправка в чат 2000000015
2026-05-08 01:27:47,907 [INFO] vk_bot: upload_message_photo: начинаем загрузку, message_photo_path=photo574393629_457242358_b6eb5a82321fba1977
2026-05-08 01:27:47,907 [INFO] vk_bot: attachment уже готов: photo574393629_457242358_b6eb5a82321fba1977
2026-05-08 01:27:48,310 [WARNING] vk_bot: Chat 2000000015: ошибка доступа. Рассылка приостановлена.
2026-05-08 01:27:48,310 [WARNING] vk_bot: Рассылка остановлена: потерян доступ к чату 2000000015
2026-05-08 01:27:48,310 [WARNING] vk_bot: Рассылка приостановлена. Обработано чатов: 1
2026-05-08 01:29:47,746 [INFO] vk_bot: Создаю поток рассылки.
2026-05-08 01:29:47,746 [INFO] vk_bot: Рассылка запущена. Целевых чатов: 87
2026-05-08 01:29:47,746 [INFO] vk_bot: Рассылка: отправка в чат 2000000012
2026-05-08 01:29:47,747 [INFO] vk_bot: upload_message_photo: начинаем загрузку, message_photo_path=photo574393629_457242358_b6eb5a82321fba1977
2026-05-08 01:29:47,747 [INFO] vk_bot: attachment уже готов: photo574393629_457242358_b6eb5a82321fba1977
2026-05-08 01:29:47,930 [INFO] vk_bot: Рассылка: отправка в чат 2000000015
2026-05-08 01:29:47,931 [INFO] vk_bot: upload_message_photo: начинаем загрузку, message_photo_path=photo574393629_457242358_b6eb5a82321fba1977
2026-05-08 01:29:47,931 [INFO] vk_bot: attachment уже готов: photo574393629_457242358_b6eb5a82321fba1977
2026-05-08 01:29:48,347 [WARNING] vk_bot: Chat 2000000015: ошибка доступа. Рассылка приостановлена.
2026-05-08 01:29:48,347 [WARNING] vk_bot: Рассылка остановлена: потерян доступ к чату 2000000015
2026-05-08 01:29:48,348 [WARNING] vk_bot: Рассылка приостановлена. Обработано чатов: 1
2026-05-08 01:31:47,753 [INFO] vk_bot: Создаю поток рассылки.
2026-05-08 01:31:47,754 [INFO] vk_bot: Рассылка запущена. Целевых чатов: 87
2026-05-08 01:31:47,754 [INFO] vk_bot: Рассылка: отправка в чат 2000000012
2026-05-08 01:31:47,754 [INFO] vk_bot: upload_message_photo: начинаем загрузку, message_photo_path=photo574393629_457242358_b6eb5a82321fba1977
2026-05-08 01:31:47,754 [INFO] vk_bot: attachment уже готов: photo574393629_457242358_b6eb5a82321fba1977
2026-05-08 01:31:47,950 [INFO] vk_bot: Рассылка: отправка в чат 2000000015
2026-05-08 01:31:47,950 [INFO] vk_bot: upload_message_photo: начинаем загрузку, message_photo_path=photo574393629_457242358_b6eb5a82321fba1977
2026-05-08 01:31:47,950 [INFO] vk_bot: attachment уже готов: photo574393629_457242358_b6eb5a82321fba1977
2026-05-08 01:31:48,349 [WARNING] vk_bot: Chat 2000000015: ошибка доступа. Рассылка приостановлена.
2026-05-08 01:31:48,350 [WARNING] vk_bot: Рассылка остановлена: потерян доступ к чату 2000000015
2026-05-08 01:31:48,350 [WARNING] vk_bot: Рассылка приостановлена. Обработано чатов: 1
2026-05-08 01:33:47,764 [INFO] vk_bot: Создаю поток рассылки.
2026-05-08 01:33:47,765 [INFO] vk_bot: Рассылка запущена. Целевых чатов: 87
2026-05-08 01:33:47,765 [INFO] vk_bot: Рассылка: отправка в чат 2000000012
2026-05-08 01:33:47,765 [INFO] vk_bot: upload_message_photo: начинаем загрузку, message_photo_path=photo574393629_457242358_b6eb5a82321fba1977
2026-05-08 01:33:47,765 [INFO] vk_bot: attachment уже готов: photo574393629_457242358_b6eb5a82321fba1977
2026-05-08 01:33:47,926 [INFO] vk_bot: Рассылка: отправка в чат 2000000015
2026-05-08 01:33:47,926 [INFO] vk_bot: upload_message_photo: начинаем загрузку, message_photo_path=photo574393629_457242358_b6eb5a82321fba1977
2026-05-08 01:33:47,926 [INFO] vk_bot: attachment уже готов: photo574393629_457242358_b6eb5a82321fba1977
2026-05-08 01:33:48,334 [WARNING] vk_bot: Chat 2000000015: ошибка доступа. Рассылка приостановлена.
2026-05-08 01:33:48,334 [WARNING] vk_bot: Рассылка остановлена: потерян доступ к чату 2000000015
2026-05-08 01:33:48,334 [WARNING] vk_bot: Рассылка приостановлена. Обработано чатов: 1
2026-05-08 01:35:47,774 [INFO] vk_bot: Создаю поток рассылки.
2026-05-08 01:35:47,776 [INFO] vk_bot: Рассылка запущена. Целевых чатов: 87
2026-05-08 01:35:47,776 [INFO] vk_bot: Рассылка: отправка в чат 2000000012
2026-05-08 01:35:47,776 [INFO] vk_bot: upload_message_photo: начинаем загрузку, message_photo_path=photo574393629_457242358_b6eb5a82321fba1977
2026-05-08 01:35:47,776 [INFO] vk_bot: attachment уже готов: photo574393629_457242358_b6eb5a82321fba1977
2026-05-08 01:35:47,958 [INFO] vk_bot: Рассылка: отправка в чат 2000000015
2026-05-08 01:35:47,959 [INFO] vk_bot: upload_message_photo: начинаем загрузку, message_photo_path=photo574393629_457242358_b6eb5a82321fba1977
2026-05-08 01:35:47,959 [INFO] vk_bot: attachment уже готов: photo574393629_457242358_b6eb5a82321fba1977
2026-05-08 01:35:48,361 [WARNING] vk_bot: Chat 2000000015: ошибка доступа. Рассылка приостановлена.
2026-05-08 01:35:48,361 [WARNING] vk_bot: Рассылка остановлена: потерян доступ к чату 2000000015
2026-05-08 01:35:48,361 [WARNING] vk_bot: Рассылка приостановлена. Обработано чатов: 1
2026-05-08 01:37:47,784 [INFO] vk_bot: Создаю поток рассылки.
2026-05-08 01:37:47,785 [INFO] vk_bot: Рассылка запущена. Целевых чатов: 87
2026-05-08 01:37:47,786 [INFO] vk_bot: Рассылка: отправка в чат 2000000012
2026-05-08 01:37:47,786 [INFO] vk_bot: upload_message_photo: начинаем загрузку, message_photo_path=photo574393629_457242358_b6eb5a82321fba1977
2026-05-08 01:37:47,786 [INFO] vk_bot: attachment уже готов: photo574393629_457242358_b6eb5a82321fba1977
2026-05-08 01:37:48,343 [INFO] vk_bot: Рассылка: отправка в чат 2000000015
2026-05-08 01:37:48,343 [INFO] vk_bot: upload_message_photo: начинаем загрузку, message_photo_path=photo574393629_457242358_b6eb5a82321fba1977
2026-05-08 01:37:48,343 [INFO] vk_bot: attachment уже готов: photo574393629_457242358_b6eb5a82321fba1977
2026-05-08 01:37:48,743 [WARNING] vk_bot: Chat 2000000015: ошибка доступа. Рассылка приостановлена.
2026-05-08 01:37:48,744 [WARNING] vk_bot: Рассылка остановлена: потерян доступ к чату 2000000015
2026-05-08 01:37:48,744 [WARNING] vk_bot: Рассылка приостановлена. Обработано чатов: 1
2026-05-08 01:39:47,796 [INFO] vk_bot: Создаю поток рассылки.
2026-05-08 01:39:47,796 [INFO] vk_bot: Рассылка запущена. Целевых чатов: 87
2026-05-08 01:39:47,797 [INFO] vk_bot: Рассылка: отправка в чат 2000000012
2026-05-08 01:39:47,797 [INFO] vk_bot: upload_message_photo: начинаем загрузку, message_photo_path=photo574393629_457242358_b6eb5a82321fba1977
2026-05-08 01:39:47,797 [INFO] vk_bot: attachment уже готов: photo574393629_457242358_b6eb5a82321fba1977
2026-05-08 01:39:47,975 [INFO] vk_bot: Рассылка: отправка в чат 2000000015
2026-05-08 01:39:47,975 [INFO] vk_bot: upload_message_photo: начинаем загрузку, message_photo_path=photo574393629_457242358_b6eb5a82321fba1977
2026-05-08 01:39:47,975 [INFO] vk_bot: attachment уже готов: photo574393629_457242358_b6eb5a82321fba1977
2026-05-08 01:39:48,413 [WARNING] vk_bot: Chat 2000000015: ошибка доступа. Рассылка приостановлена.
2026-05-08 01:39:48,413 [WARNING] vk_bot: Рассылка остановлена: потерян доступ к чату 2000000015
2026-05-08 01:39:48,413 [WARNING] vk_bot: Рассылка приостановлена. Обработано чатов: 1
2026-05-08 01:41:47,805 [INFO] vk_bot: Создаю поток рассылки.
2026-05-08 01:41:47,806 [INFO] vk_bot: Рассылка запущена. Целевых чатов: 87
2026-05-08 01:41:47,807 [INFO] vk_bot: Рассылка: отправка в чат 2000000012
2026-05-08 01:41:47,807 [INFO] vk_bot: upload_message_photo: начинаем загрузку, message_photo_path=photo574393629_457242358_b6eb5a82321fba1977
2026-05-08 01:41:47,808 [INFO] vk_bot: attachment уже готов: photo574393629_457242358_b6eb5a82321fba1977
2026-05-08 01:41:47,993 [INFO] vk_bot: Рассылка: отправка в чат 2000000015
2026-05-08 01:41:47,993 [INFO] vk_bot: upload_message_photo: начинаем загрузку, message_photo_path=photo574393629_457242358_b6eb5a82321fba1977
2026-05-08 01:41:47,993 [INFO] vk_bot: attachment уже готов: photo574393629_457242358_b6eb5a82321fba1977
2026-05-08 01:41:48,405 [WARNING] vk_bot: Chat 2000000015: ошибка доступа. Рассылка приостановлена.
2026-05-08 01:41:48,405 [WARNING] vk_bot: Рассылка остановлена: потерян доступ к чату 2000000015
2026-05-08 01:41:48,405 [WARNING] vk_bot: Рассылка приостановлена. Обработано чатов: 1
2026-05-08 01:43:47,815 [INFO] vk_bot: Создаю поток рассылки.
2026-05-08 01:43:47,816 [INFO] vk_bot: Рассылка запущена. Целевых чатов: 87
2026-05-08 01:43:47,817 [INFO] vk_bot: Рассылка: отправка в чат 2000000012
2026-05-08 01:43:47,817 [INFO] vk_bot: upload_message_photo: начинаем загрузку, message_photo_path=photo574393629_457242358_b6eb5a82321fba1977
2026-05-08 01:43:47,817 [INFO] vk_bot: attachment уже готов: photo574393629_457242358_b6eb5a82321fba1977
2026-05-08 01:43:48,045 [INFO] vk_bot: Рассылка: отправка в чат 2000000015
2026-05-08 01:43:48,045 [INFO] vk_bot: upload_message_photo: начинаем загрузку, message_photo_path=photo574393629_457242358_b6eb5a82321fba1977
2026-05-08 01:43:48,045 [INFO] vk_bot: attachment уже готов: photo574393629_457242358_b6eb5a82321fba1977
2026-05-08 01:43:48,488 [WARNING] vk_bot: Chat 2000000015: ошибка доступа. Рассылка приостановлена.
2026-05-08 01:43:48,489 [WARNING] vk_bot: Рассылка остановлена: потерян доступ к чату 2000000015
2026-05-08 01:43:48,490 [WARNING] vk_bot: Рассылка приостановлена. Обработано чатов: 1
2026-05-08 01:45:47,825 [INFO] vk_bot: Создаю поток рассылки.
2026-05-08 01:45:47,826 [INFO] vk_bot: Рассылка запущена. Целевых чатов: 87
2026-05-08 01:45:47,826 [INFO] vk_bot: Рассылка: отправка в чат 2000000012
2026-05-08 01:45:47,826 [INFO] vk_bot: upload_message_photo: начинаем загрузку, message_photo_path=photo574393629_457242358_b6eb5a82321fba1977
2026-05-08 01:45:47,826 [INFO] vk_bot: attachment уже готов: photo574393629_457242358_b6eb5a82321fba1977
2026-05-08 01:45:48,013 [INFO] vk_bot: Рассылка: отправка в чат 2000000015
2026-05-08 01:45:48,013 [INFO] vk_bot: upload_message_photo: начинаем загрузку, message_photo_path=photo574393629_457242358_b6eb5a82321fba1977
2026-05-08 01:45:48,014 [INFO] vk_bot: attachment уже готов: photo574393629_457242358_b6eb5a82321fba1977
2026-05-08 01:45:48,413 [WARNING] vk_bot: Chat 2000000015: ошибка доступа. Рассылка приостановлена.
2026-05-08 01:45:48,413 [WARNING] vk_bot: Рассылка остановлена: потерян доступ к чату 2000000015
2026-05-08 01:45:48,414 [WARNING] vk_bot: Рассылка приостановлена. Обработано чатов: 1
2026-05-08 01:47:47,835 [INFO] vk_bot: Создаю поток рассылки.
2026-05-08 01:47:47,835 [INFO] vk_bot: Рассылка запущена. Целевых чатов: 87
2026-05-08 01:47:47,836 [INFO] vk_bot: Рассылка: отправка в чат 2000000012
2026-05-08 01:47:47,836 [INFO] vk_bot: upload_message_photo: начинаем загрузку, message_photo_path=photo574393629_457242358_b6eb5a82321fba1977
2026-05-08 01:47:47,836 [INFO] vk_bot: attachment уже готов: photo574393629_457242358_b6eb5a82321fba1977
2026-05-08 01:47:48,010 [INFO] vk_bot: Рассылка: отправка в чат 2000000015
2026-05-08 01:47:48,010 [INFO] vk_bot: upload_message_photo: начинаем загрузку, message_photo_path=photo574393629_457242358_b6eb5a82321fba1977
2026-05-08 01:47:48,010 [INFO] vk_bot: attachment уже готов: photo574393629_457242358_b6eb5a82321fba1977
2026-05-08 01:47:48,418 [WARNING] vk_bot: Chat 2000000015: ошибка доступа. Рассылка приостановлена.
2026-05-08 01:47:48,419 [WARNING] vk_bot: Рассылка остановлена: потерян доступ к чату 2000000015
2026-05-08 01:47:48,419 [WARNING] vk_bot: Рассылка приостановлена. Обработано чатов: 1
2026-05-08 01:49:47,846 [INFO] vk_bot: Создаю поток рассылки.
2026-05-08 01:49:47,846 [INFO] vk_bot: Рассылка запущена. Целевых чатов: 87
2026-05-08 01:49:47,846 [INFO] vk_bot: Рассылка: отправка в чат 2000000012
2026-05-08 01:49:47,846 [INFO] vk_bot: upload_message_photo: начинаем загрузку, message_photo_path=photo574393629_457242358_b6eb5a82321fba1977
2026-05-08 01:49:47,847 [INFO] vk_bot: attachment уже готов: photo574393629_457242358_b6eb5a82321fba1977
2026-05-08 01:49:48,030 [INFO] vk_bot: Рассылка: отправка в чат 2000000015
2026-05-08 01:49:48,030 [INFO] vk_bot: upload_message_photo: начинаем загрузку, message_photo_path=photo574393629_457242358_b6eb5a82321fba1977
2026-05-08 01:49:48,030 [INFO] vk_bot: attachment уже готов: photo574393629_457242358_b6eb5a82321fba1977
2026-05-08 01:49:48,428 [WARNING] vk_bot: Chat 2000000015: ошибка доступа. Рассылка приостановлена.
2026-05-08 01:49:48,428 [WARNING] vk_bot: Рассылка остановлена: потерян доступ к чату 2000000015
2026-05-08 01:49:48,429 [WARNING] vk_bot: Рассылка приостановлена. Обработано чатов: 1
2026-05-08 01:51:47,855 [INFO] vk_bot: Создаю поток рассылки.
2026-05-08 01:51:47,856 [INFO] vk_bot: Рассылка запущена. Целевых чатов: 87
2026-05-08 01:51:47,856 [INFO] vk_bot: Рассылка: отправка в чат 2000000012
2026-05-08 01:51:47,856 [INFO] vk_bot: upload_message_photo: начинаем загрузку, message_photo_path=photo574393629_457242358_b6eb5a82321fba1977
2026-05-08 01:51:47,856 [INFO] vk_bot: attachment уже готов: photo574393629_457242358_b6eb5a82321fba1977
2026-05-08 01:51:48,027 [INFO] vk_bot: Рассылка: отправка в чат 2000000015
2026-05-08 01:51:48,028 [INFO] vk_bot: upload_message_photo: начинаем загрузку, message_photo_path=photo574393629_457242358_b6eb5a82321fba1977
2026-05-08 01:51:48,028 [INFO] vk_bot: attachment уже готов: photo574393629_457242358_b6eb5a82321fba1977
2026-05-08 01:51:48,425 [WARNING] vk_bot: Chat 2000000015: ошибка доступа. Рассылка приостановлена.
2026-05-08 01:51:48,425 [WARNING] vk_bot: Рассылка остановлена: потерян доступ к чату 2000000015
2026-05-08 01:51:48,425 [WARNING] vk_bot: Рассылка приостановлена. Обработано чатов: 1
2026-05-08 01:53:47,865 [INFO] vk_bot: Создаю поток рассылки.
2026-05-08 01:53:47,866 [INFO] vk_bot: Рассылка запущена. Целевых чатов: 87
2026-05-08 01:53:47,866 [INFO] vk_bot: Рассылка: отправка в чат 2000000012
2026-05-08 01:53:47,866 [INFO] vk_bot: upload_message_photo: начинаем загрузку, message_photo_path=photo574393629_457242358_b6eb5a82321fba1977
2026-05-08 01:53:47,866 [INFO] vk_bot: attachment уже готов: photo574393629_457242358_b6eb5a82321fba1977
2026-05-08 01:53:48,030 [INFO] vk_bot: Рассылка: отправка в чат 2000000015
2026-05-08 01:53:48,030 [INFO] vk_bot: upload_message_photo: начинаем загрузку, message_photo_path=photo574393629_457242358_b6eb5a82321fba1977
2026-05-08 01:53:48,030 [INFO] vk_bot: attachment уже готов: photo574393629_457242358_b6eb5a82321fba1977
2026-05-08 01:53:48,430 [WARNING] vk_bot: Chat 2000000015: ошибка доступа. Рассылка приостановлена.
2026-05-08 01:53:48,430 [WARNING] vk_bot: Рассылка остановлена: потерян доступ к чату 2000000015
2026-05-08 01:53:48,430 [WARNING] vk_bot: Рассылка приостановлена. Обработано чатов: 1
2026-05-08 01:55:47,879 [INFO] vk_bot: Создаю поток рассылки.
2026-05-08 01:55:47,879 [INFO] vk_bot: Рассылка запущена. Целевых чатов: 87
2026-05-08 01:55:47,880 [INFO] vk_bot: Рассылка: отправка в чат 2000000012
2026-05-08 01:55:47,880 [INFO] vk_bot: upload_message_photo: начинаем загрузку, message_photo_path=photo574393629_457242358_b6eb5a82321fba1977
2026-05-08 01:55:47,880 [INFO] vk_bot: attachment уже готов: photo574393629_457242358_b6eb5a82321fba1977
2026-05-08 01:55:48,057 [INFO] vk_bot: Рассылка: отправка в чат 2000000015
2026-05-08 01:55:48,057 [INFO] vk_bot: upload_message_photo: начинаем загрузку, message_photo_path=photo574393629_457242358_b6eb5a82321fba1977
2026-05-08 01:55:48,058 [INFO] vk_bot: attachment уже готов: photo574393629_457242358_b6eb5a82321fba1977
2026-05-08 01:55:48,454 [WARNING] vk_bot: Chat 2000000015: ошибка доступа. Рассылка приостановлена.
2026-05-08 01:55:48,454 [WARNING] vk_bot: Рассылка остановлена: потерян доступ к чату 2000000015
2026-05-08 01:55:48,455 [WARNING] vk_bot: Рассылка приостановлена. Обработано чатов: 1
2026-05-08 01:57:47,890 [INFO] vk_bot: Создаю поток рассылки.
2026-05-08 01:57:47,891 [INFO] vk_bot: Рассылка запущена. Целевых чатов: 87
2026-05-08 01:57:47,891 [INFO] vk_bot: Рассылка: отправка в чат 2000000012
2026-05-08 01:57:47,891 [INFO] vk_bot: upload_message_photo: начинаем загрузку, message_photo_path=photo574393629_457242358_b6eb5a82321fba1977
2026-05-08 01:57:47,891 [INFO] vk_bot: attachment уже готов: photo574393629_457242358_b6eb5a82321fba1977
2026-05-08 01:57:48,130 [INFO] vk_bot: Рассылка: отправка в чат 2000000015
2026-05-08 01:57:48,130 [INFO] vk_bot: upload_message_photo: начинаем загрузку, message_photo_path=photo574393629_457242358_b6eb5a82321fba1977
2026-05-08 01:57:48,130 [INFO] vk_bot: attachment уже готов: photo574393629_457242358_b6eb5a82321fba1977
2026-05-08 01:57:48,527 [WARNING] vk_bot: Chat 2000000015: ошибка доступа. Рассылка приостановлена.
2026-05-08 01:57:48,527 [WARNING] vk_bot: Рассылка остановлена: потерян доступ к чату 2000000015
2026-05-08 01:57:48,527 [WARNING] vk_bot: Рассылка приостановлена. Обработано чатов: 1
2026-05-08 01:59:47,899 [INFO] vk_bot: Создаю поток рассылки.
2026-05-08 01:59:47,900 [INFO] vk_bot: Рассылка запущена. Целевых чатов: 87
2026-05-08 01:59:47,900 [INFO] vk_bot: Рассылка: отправка в чат 2000000012
2026-05-08 01:59:47,900 [INFO] vk_bot: upload_message_photo: начинаем загрузку, message_photo_path=photo574393629_457242358_b6eb5a82321fba1977
2026-05-08 01:59:47,900 [INFO] vk_bot: attachment уже готов: photo574393629_457242358_b6eb5a82321fba1977
2026-05-08 01:59:48,067 [INFO] vk_bot: Рассылка: отправка в чат 2000000015
2026-05-08 01:59:48,067 [INFO] vk_bot: upload_message_photo: начинаем загрузку, message_photo_path=photo574393629_457242358_b6eb5a82321fba1977
2026-05-08 01:59:48,067 [INFO] vk_bot: attachment уже готов: photo574393629_457242358_b6eb5a82321fba1977
2026-05-08 01:59:48,465 [WARNING] vk_bot: Chat 2000000015: ошибка доступа. Рассылка приостановлена.
2026-05-08 01:59:48,466 [WARNING] vk_bot: Рассылка остановлена: потерян доступ к чату 2000000015
2026-05-08 01:59:48,466 [WARNING] vk_bot: Рассылка приостановлена. Обработано чатов: 1
2026-05-08 02:01:47,909 [INFO] vk_bot: Создаю поток рассылки.
2026-05-08 02:01:47,910 [INFO] vk_bot: Рассылка запущена. Целевых чатов: 87
2026-05-08 02:01:47,910 [INFO] vk_bot: Рассылка: отправка в чат 2000000012
2026-05-08 02:01:47,910 [INFO] vk_bot: upload_message_photo: начинаем загрузку, message_photo_path=photo574393629_457242358_b6eb5a82321fba1977
2026-05-08 02:01:47,910 [INFO] vk_bot: attachment уже готов: photo574393629_457242358_b6eb5a82321fba1977
2026-05-08 02:01:48,069 [INFO] vk_bot: Рассылка: отправка в чат 2000000015
2026-05-08 02:01:48,070 [INFO] vk_bot: upload_message_photo: начинаем загрузку, message_photo_path=photo574393629_457242358_b6eb5a82321fba1977
2026-05-08 02:01:48,075 [INFO] vk_bot: attachment уже готов: photo574393629_457242358_b6eb5a82321fba1977
2026-05-08 02:01:48,468 [WARNING] vk_bot: Chat 2000000015: ошибка доступа. Рассылка приостановлена.
2026-05-08 02:01:48,468 [WARNING] vk_bot: Рассылка остановлена: потерян доступ к чату 2000000015
2026-05-08 02:01:48,468 [WARNING] vk_bot: Рассылка приостановлена. Обработано чатов: 1
2026-05-08 02:03:47,917 [INFO] vk_bot: Создаю поток рассылки.
2026-05-08 02:03:47,918 [INFO] vk_bot: Рассылка запущена. Целевых чатов: 87
2026-05-08 02:03:47,918 [INFO] vk_bot: Рассылка: отправка в чат 2000000012
2026-05-08 02:03:47,918 [INFO] vk_bot: upload_message_photo: начинаем загрузку, message_photo_path=photo574393629_457242358_b6eb5a82321fba1977
2026-05-08 02:03:47,918 [INFO] vk_bot: attachment уже готов: photo574393629_457242358_b6eb5a82321fba1977
2026-05-08 02:03:48,086 [INFO] vk_bot: Рассылка: отправка в чат 2000000015
2026-05-08 02:03:48,087 [INFO] vk_bot: upload_message_photo: начинаем загрузку, message_photo_path=photo574393629_457242358_b6eb5a82321fba1977
2026-05-08 02:03:48,087 [INFO] vk_bot: attachment уже готов: photo574393629_457242358_b6eb5a82321fba1977
2026-05-08 02:03:48,484 [WARNING] vk_bot: Chat 2000000015: ошибка доступа. Рассылка приостановлена.
2026-05-08 02:03:48,484 [WARNING] vk_bot: Рассылка остановлена: потерян доступ к чату 2000000015
2026-05-08 02:03:48,484 [WARNING] vk_bot: Рассылка приостановлена. Обработано чатов: 1
2026-05-08 02:05:47,928 [INFO] vk_bot: Создаю поток рассылки.
2026-05-08 02:05:47,928 [INFO] vk_bot: Рассылка запущена. Целевых чатов: 87
2026-05-08 02:05:47,928 [INFO] vk_bot: Рассылка: отправка в чат 2000000012
2026-05-08 02:05:47,928 [INFO] vk_bot: upload_message_photo: начинаем загрузку, message_photo_path=photo574393629_457242358_b6eb5a82321fba1977
2026-05-08 02:05:47,929 [INFO] vk_bot: attachment уже готов: photo574393629_457242358_b6eb5a82321fba1977
2026-05-08 02:05:48,117 [INFO] vk_bot: Рассылка: отправка в чат 2000000015
2026-05-08 02:05:48,118 [INFO] vk_bot: upload_message_photo: начинаем загрузку, message_photo_path=photo574393629_457242358_b6eb5a82321fba1977
2026-05-08 02:05:48,118 [INFO] vk_bot: attachment уже готов: photo574393629_457242358_b6eb5a82321fba1977
2026-05-08 02:05:48,530 [WARNING] vk_bot: Chat 2000000015: ошибка доступа. Рассылка приостановлена.
2026-05-08 02:05:48,530 [WARNING] vk_bot: Рассылка остановлена: потерян доступ к чату 2000000015
2026-05-08 02:05:48,530 [WARNING] vk_bot: Рассылка приостановлена. Обработано чатов: 1
2026-05-08 02:07:47,938 [INFO] vk_bot: Создаю поток рассылки.
2026-05-08 02:07:47,938 [INFO] vk_bot: Рассылка запущена. Целевых чатов: 87
2026-05-08 02:07:47,938 [INFO] vk_bot: Рассылка: отправка в чат 2000000012
2026-05-08 02:07:47,938 [INFO] vk_bot: upload_message_photo: начинаем загрузку, message_photo_path=photo574393629_457242358_b6eb5a82321fba1977
2026-05-08 02:07:47,939 [INFO] vk_bot: attachment уже готов: photo574393629_457242358_b6eb5a82321fba1977
2026-05-08 02:07:48,109 [INFO] vk_bot: Рассылка: отправка в чат 2000000015
2026-05-08 02:07:48,110 [INFO] vk_bot: upload_message_photo: начинаем загрузку, message_photo_path=photo574393629_457242358_b6eb5a82321fba1977
2026-05-08 02:07:48,110 [INFO] vk_bot: attachment уже готов: photo574393629_457242358_b6eb5a82321fba1977
2026-05-08 02:07:48,511 [WARNING] vk_bot: Chat 2000000015: ошибка доступа. Рассылка приостановлена.
2026-05-08 02:07:48,512 [WARNING] vk_bot: Рассылка остановлена: потерян доступ к чату 2000000015
2026-05-08 02:07:48,512 [WARNING] vk_bot: Рассылка приостановлена. Обработано чатов: 1
2026-05-08 02:09:47,947 [INFO] vk_bot: Создаю поток рассылки.
2026-05-08 02:09:47,948 [INFO] vk_bot: Рассылка запущена. Целевых чатов: 87
2026-05-08 02:09:47,948 [INFO] vk_bot: Рассылка: отправка в чат 2000000012
2026-05-08 02:09:47,948 [INFO] vk_bot: upload_message_photo: начинаем загрузку, message_photo_path=photo574393629_457242358_b6eb5a82321fba1977
2026-05-08 02:09:47,948 [INFO] vk_bot: attachment уже готов: photo574393629_457242358_b6eb5a82321fba1977
2026-05-08 02:09:48,153 [INFO] vk_bot: Рассылка: отправка в чат 2000000015
2026-05-08 02:09:48,154 [INFO] vk_bot: upload_message_photo: начинаем загрузку, message_photo_path=photo574393629_457242358_b6eb5a82321fba1977
2026-05-08 02:09:48,154 [INFO] vk_bot: attachment уже готов: photo574393629_457242358_b6eb5a82321fba1977
2026-05-08 02:09:48,558 [WARNING] vk_bot: Chat 2000000015: ошибка доступа. Рассылка приостановлена.
2026-05-08 02:09:48,558 [WARNING] vk_bot: Рассылка остановлена: потерян доступ к чату 2000000015
2026-05-08 02:09:48,558 [WARNING] vk_bot: Рассылка приостановлена. Обработано чатов: 1
2026-05-08 02:11:47,958 [INFO] vk_bot: Создаю поток рассылки.
2026-05-08 02:11:47,958 [INFO] vk_bot: Рассылка запущена. Целевых чатов: 87
2026-05-08 02:11:47,958 [INFO] vk_bot: Рассылка: отправка в чат 2000000012
2026-05-08 02:11:47,959 [INFO] vk_bot: upload_message_photo: начинаем загрузку, message_photo_path=photo574393629_457242358_b6eb5a82321fba1977
2026-05-08 02:11:47,959 [INFO] vk_bot: attachment уже готов: photo574393629_457242358_b6eb5a82321fba1977
2026-05-08 02:11:48,138 [INFO] vk_bot: Рассылка: отправка в чат 2000000015
2026-05-08 02:11:48,139 [INFO] vk_bot: upload_message_photo: начинаем загрузку, message_photo_path=photo574393629_457242358_b6eb5a82321fba1977
2026-05-08 02:11:48,139 [INFO] vk_bot: attachment уже готов: photo574393629_457242358_b6eb5a82321fba1977
2026-05-08 02:11:48,539 [WARNING] vk_bot: Chat 2000000015: ошибка доступа. Рассылка приостановлена.
2026-05-08 02:11:48,539 [WARNING] vk_bot: Рассылка остановлена: потерян доступ к чату 2000000015
2026-05-08 02:11:48,540 [WARNING] vk_bot: Рассылка приостановлена. Обработано чатов: 1
2026-05-08 02:13:47,967 [INFO] vk_bot: Создаю поток рассылки.
2026-05-08 02:13:47,967 [INFO] vk_bot: Рассылка запущена. Целевых чатов: 87
2026-05-08 02:13:47,967 [INFO] vk_bot: Рассылка: отправка в чат 2000000012
2026-05-08 02:13:47,967 [INFO] vk_bot: upload_message_photo: начинаем загрузку, message_photo_path=photo574393629_457242358_b6eb5a82321fba1977
2026-05-08 02:13:47,967 [INFO] vk_bot: attachment уже готов: photo574393629_457242358_b6eb5a82321fba1977
2026-05-08 02:13:48,138 [INFO] vk_bot: Рассылка: отправка в чат 2000000015
2026-05-08 02:13:48,138 [INFO] vk_bot: upload_message_photo: начинаем загрузку, message_photo_path=photo574393629_457242358_b6eb5a82321fba1977
2026-05-08 02:13:48,138 [INFO] vk_bot: attachment уже готов: photo574393629_457242358_b6eb5a82321fba1977
2026-05-08 02:13:48,553 [WARNING] vk_bot: Chat 2000000015: ошибка доступа. Рассылка приостановлена.
2026-05-08 02:13:48,554 [WARNING] vk_bot: Рассылка остановлена: потерян доступ к чату 2000000015
2026-05-08 02:13:48,554 [WARNING] vk_bot: Рассылка приостановлена. Обработано чатов: 1
2026-05-08 02:15:47,978 [INFO] vk_bot: Создаю поток рассылки.
2026-05-08 02:15:47,978 [INFO] vk_bot: Рассылка запущена. Целевых чатов: 87
2026-05-08 02:15:47,978 [INFO] vk_bot: Рассылка: отправка в чат 2000000012
2026-05-08 02:15:47,979 [INFO] vk_bot: upload_message_photo: начинаем загрузку, message_photo_path=photo574393629_457242358_b6eb5a82321fba1977
2026-05-08 02:15:47,979 [INFO] vk_bot: attachment уже готов: photo574393629_457242358_b6eb5a82321fba1977
2026-05-08 02:15:48,238 [INFO] vk_bot: Рассылка: отправка в чат 2000000015
2026-05-08 02:15:48,238 [INFO] vk_bot: upload_message_photo: начинаем загрузку, message_photo_path=photo574393629_457242358_b6eb5a82321fba1977
2026-05-08 02:15:48,239 [INFO] vk_bot: attachment уже готов: photo574393629_457242358_b6eb5a82321fba1977
2026-05-08 02:15:48,635 [WARNING] vk_bot: Chat 2000000015: ошибка доступа. Рассылка приостановлена.
2026-05-08 02:15:48,635 [WARNING] vk_bot: Рассылка остановлена: потерян доступ к чату 2000000015
2026-05-08 02:15:48,635 [WARNING] vk_bot: Рассылка приостановлена. Обработано чатов: 1
2026-05-08 02:17:47,988 [INFO] vk_bot: Создаю поток рассылки.
2026-05-08 02:17:47,988 [INFO] vk_bot: Рассылка запущена. Целевых чатов: 87
2026-05-08 02:17:47,988 [INFO] vk_bot: Рассылка: отправка в чат 2000000012
2026-05-08 02:17:47,989 [INFO] vk_bot: upload_message_photo: начинаем загрузку, message_photo_path=photo574393629_457242358_b6eb5a82321fba1977
2026-05-08 02:17:47,989 [INFO] vk_bot: attachment уже готов: photo574393629_457242358_b6eb5a82321fba1977
2026-05-08 02:17:48,200 [INFO] vk_bot: Рассылка: отправка в чат 2000000015
2026-05-08 02:17:48,201 [INFO] vk_bot: upload_message_photo: начинаем загрузку, message_photo_path=photo574393629_457242358_b6eb5a82321fba1977
2026-05-08 02:17:48,201 [INFO] vk_bot: attachment уже готов: photo574393629_457242358_b6eb5a82321fba1977
2026-05-08 02:17:48,608 [WARNING] vk_bot: Chat 2000000015: ошибка доступа. Рассылка приостановлена.
2026-05-08 02:17:48,608 [WARNING] vk_bot: Рассылка остановлена: потерян доступ к чату 2000000015
2026-05-08 02:17:48,608 [WARNING] vk_bot: Рассылка приостановлена. Обработано чатов: 1
2026-05-08 02:19:47,997 [INFO] vk_bot: Создаю поток рассылки.
2026-05-08 02:19:47,997 [INFO] vk_bot: Рассылка запущена. Целевых чатов: 87
2026-05-08 02:19:47,997 [INFO] vk_bot: Рассылка: отправка в чат 2000000012
2026-05-08 02:19:47,997 [INFO] vk_bot: upload_message_photo: начинаем загрузку, message_photo_path=photo574393629_457242358_b6eb5a82321fba1977
2026-05-08 02:19:47,998 [INFO] vk_bot: attachment уже готов: photo574393629_457242358_b6eb5a82321fba1977
2026-05-08 02:19:48,168 [INFO] vk_bot: Рассылка: отправка в чат 2000000015
2026-05-08 02:19:48,169 [INFO] vk_bot: upload_message_photo: начинаем загрузку, message_photo_path=photo574393629_457242358_b6eb5a82321fba1977
2026-05-08 02:19:48,169 [INFO] vk_bot: attachment уже готов: photo574393629_457242358_b6eb5a82321fba1977
2026-05-08 02:19:48,563 [WARNING] vk_bot: Chat 2000000015: ошибка доступа. Рассылка приостановлена.
2026-05-08 02:19:48,564 [WARNING] vk_bot: Рассылка остановлена: потерян доступ к чату 2000000015
2026-05-08 02:19:48,564 [WARNING] vk_bot: Рассылка приостановлена. Обработано чатов: 1
2026-05-08 02:21:48,006 [INFO] vk_bot: Создаю поток рассылки.
2026-05-08 02:21:48,008 [INFO] vk_bot: Рассылка запущена. Целевых чатов: 87
2026-05-08 02:21:48,008 [INFO] vk_bot: Рассылка: отправка в чат 2000000012
2026-05-08 02:21:48,008 [INFO] vk_bot: upload_message_photo: начинаем загрузку, message_photo_path=photo574393629_457242358_b6eb5a82321fba1977
2026-05-08 02:21:48,008 [INFO] vk_bot: attachment уже готов: photo574393629_457242358_b6eb5a82321fba1977
2026-05-08 02:21:48,196 [INFO] vk_bot: Рассылка: отправка в чат 2000000015
2026-05-08 02:21:48,196 [INFO] vk_bot: upload_message_photo: начинаем загрузку, message_photo_path=photo574393629_457242358_b6eb5a82321fba1977
2026-05-08 02:21:48,197 [INFO] vk_bot: attachment уже готов: photo574393629_457242358_b6eb5a82321fba1977
2026-05-08 02:21:48,601 [WARNING] vk_bot: Chat 2000000015: ошибка доступа. Рассылка приостановлена.
2026-05-08 02:21:48,602 [WARNING] vk_bot: Рассылка остановлена: потерян доступ к чату 2000000015
2026-05-08 02:21:48,602 [WARNING] vk_bot: Рассылка приостановлена. Обработано чатов: 1
2026-05-08 02:23:48,017 [INFO] vk_bot: Создаю поток рассылки.
2026-05-08 02:23:48,019 [INFO] vk_bot: Рассылка запущена. Целевых чатов: 87
2026-05-08 02:23:48,019 [INFO] vk_bot: Рассылка: отправка в чат 2000000012
2026-05-08 02:23:48,019 [INFO] vk_bot: upload_message_photo: начинаем загрузку, message_photo_path=photo574393629_457242358_b6eb5a82321fba1977
2026-05-08 02:23:48,019 [INFO] vk_bot: attachment уже готов: photo574393629_457242358_b6eb5a82321fba1977
2026-05-08 02:23:48,237 [INFO] vk_bot: Рассылка: отправка в чат 2000000015
2026-05-08 02:23:48,238 [INFO] vk_bot: upload_message_photo: начинаем загрузку, message_photo_path=photo574393629_457242358_b6eb5a82321fba1977
2026-05-08 02:23:48,238 [INFO] vk_bot: attachment уже готов: photo574393629_457242358_b6eb5a82321fba1977
2026-05-08 02:23:48,645 [WARNING] vk_bot: Chat 2000000015: ошибка доступа. Рассылка приостановлена.
2026-05-08 02:23:48,646 [WARNING] vk_bot: Рассылка остановлена: потерян доступ к чату 2000000015
2026-05-08 02:23:48,646 [WARNING] vk_bot: Рассылка приостановлена. Обработано чатов: 1
2026-05-08 02:25:48,028 [INFO] vk_bot: Создаю поток рассылки.
2026-05-08 02:25:48,029 [INFO] vk_bot: Рассылка запущена. Целевых чатов: 87
2026-05-08 02:25:48,029 [INFO] vk_bot: Рассылка: отправка в чат 2000000012
2026-05-08 02:25:48,029 [INFO] vk_bot: upload_message_photo: начинаем загрузку, message_photo_path=photo574393629_457242358_b6eb5a82321fba1977
2026-05-08 02:25:48,029 [INFO] vk_bot: attachment уже готов: photo574393629_457242358_b6eb5a82321fba1977
2026-05-08 02:25:48,194 [INFO] vk_bot: Рассылка: отправка в чат 2000000015
2026-05-08 02:25:48,194 [INFO] vk_bot: upload_message_photo: начинаем загрузку, message_photo_path=photo574393629_457242358_b6eb5a82321fba1977
2026-05-08 02:25:48,194 [INFO] vk_bot: attachment уже готов: photo574393629_457242358_b6eb5a82321fba1977
2026-05-08 02:25:48,596 [WARNING] vk_bot: Chat 2000000015: ошибка доступа. Рассылка приостановлена.
2026-05-08 02:25:48,596 [WARNING] vk_bot: Рассылка остановлена: потерян доступ к чату 2000000015
2026-05-08 02:25:48,596 [WARNING] vk_bot: Рассылка приостановлена. Обработано чатов: 1
2026-05-08 02:27:48,039 [INFO] vk_bot: Создаю поток рассылки.
2026-05-08 02:27:48,040 [INFO] vk_bot: Рассылка запущена. Целевых чатов: 87
2026-05-08 02:27:48,040 [INFO] vk_bot: Рассылка: отправка в чат 2000000012
2026-05-08 02:27:48,040 [INFO] vk_bot: upload_message_photo: начинаем загрузку, message_photo_path=photo574393629_457242358_b6eb5a82321fba1977
2026-05-08 02:27:48,040 [INFO] vk_bot: attachment уже готов: photo574393629_457242358_b6eb5a82321fba1977
2026-05-08 02:27:48,226 [INFO] vk_bot: Рассылка: отправка в чат 2000000015
2026-05-08 02:27:48,226 [INFO] vk_bot: upload_message_photo: начинаем загрузку, message_photo_path=photo574393629_457242358_b6eb5a82321fba1977
2026-05-08 02:27:48,226 [INFO] vk_bot: attachment уже готов: photo574393629_457242358_b6eb5a82321fba1977
2026-05-08 02:27:48,624 [WARNING] vk_bot: Chat 2000000015: ошибка доступа. Рассылка приостановлена.
2026-05-08 02:27:48,625 [WARNING] vk_bot: Рассылка остановлена: потерян доступ к чату 2000000015
2026-05-08 02:27:48,625 [WARNING] vk_bot: Рассылка приостановлена. Обработано чатов: 1
2026-05-08 02:29:48,048 [INFO] vk_bot: Создаю поток рассылки.
2026-05-08 02:29:48,048 [INFO] vk_bot: Рассылка запущена. Целевых чатов: 87
2026-05-08 02:29:48,049 [INFO] vk_bot: Рассылка: отправка в чат 2000000012
2026-05-08 02:29:48,049 [INFO] vk_bot: upload_message_photo: начинаем загрузку, message_photo_path=photo574393629_457242358_b6eb5a82321fba1977
2026-05-08 02:29:48,049 [INFO] vk_bot: attachment уже готов: photo574393629_457242358_b6eb5a82321fba1977
2026-05-08 02:29:48,236 [INFO] vk_bot: Рассылка: отправка в чат 2000000015
2026-05-08 02:29:48,236 [INFO] vk_bot: upload_message_photo: начинаем загрузку, message_photo_path=photo574393629_457242358_b6eb5a82321fba1977
2026-05-08 02:29:48,236 [INFO] vk_bot: attachment уже готов: photo574393629_457242358_b6eb5a82321fba1977
2026-05-08 02:29:48,640 [WARNING] vk_bot: Chat 2000000015: ошибка доступа. Рассылка приостановлена.
2026-05-08 02:29:48,640 [WARNING] vk_bot: Рассылка остановлена: потерян доступ к чату 2000000015
2026-05-08 02:29:48,640 [WARNING] vk_bot: Рассылка приостановлена. Обработано чатов: 1
2026-05-08 02:31:48,056 [INFO] vk_bot: Создаю поток рассылки.
2026-05-08 02:31:48,057 [INFO] vk_bot: Рассылка запущена. Целевых чатов: 87
2026-05-08 02:31:48,057 [INFO] vk_bot: Рассылка: отправка в чат 2000000012
2026-05-08 02:31:48,057 [INFO] vk_bot: upload_message_photo: начинаем загрузку, message_photo_path=photo574393629_457242358_b6eb5a82321fba1977
2026-05-08 02:31:48,057 [INFO] vk_bot: attachment уже готов: photo574393629_457242358_b6eb5a82321fba1977
2026-05-08 02:31:48,245 [INFO] vk_bot: Рассылка: отправка в чат 2000000015
2026-05-08 02:31:48,245 [INFO] vk_bot: upload_message_photo: начинаем загрузку, message_photo_path=photo574393629_457242358_b6eb5a82321fba1977
2026-05-08 02:31:48,245 [INFO] vk_bot: attachment уже готов: photo574393629_457242358_b6eb5a82321fba1977
2026-05-08 02:31:48,643 [WARNING] vk_bot: Chat 2000000015: ошибка доступа. Рассылка приостановлена.
2026-05-08 02:31:48,643 [WARNING] vk_bot: Рассылка остановлена: потерян доступ к чату 2000000015
2026-05-08 02:31:48,643 [WARNING] vk_bot: Рассылка приостановлена. Обработано чатов: 1
2026-05-08 02:33:48,065 [INFO] vk_bot: Создаю поток рассылки.
2026-05-08 02:33:48,066 [INFO] vk_bot: Рассылка запущена. Целевых чатов: 87
2026-05-08 02:33:48,066 [INFO] vk_bot: Рассылка: отправка в чат 2000000012
2026-05-08 02:33:48,066 [INFO] vk_bot: upload_message_photo: начинаем загрузку, message_photo_path=photo574393629_457242358_b6eb5a82321fba1977
2026-05-08 02:33:48,066 [INFO] vk_bot: attachment уже готов: photo574393629_457242358_b6eb5a82321fba1977
2026-05-08 02:33:48,224 [INFO] vk_bot: Рассылка: отправка в чат 2000000015
2026-05-08 02:33:48,225 [INFO] vk_bot: upload_message_photo: начинаем загрузку, message_photo_path=photo574393629_457242358_b6eb5a82321fba1977
2026-05-08 02:33:48,225 [INFO] vk_bot: attachment уже готов: photo574393629_457242358_b6eb5a82321fba1977
2026-05-08 02:33:48,629 [WARNING] vk_bot: Chat 2000000015: ошибка доступа. Рассылка приостановлена.
2026-05-08 02:33:48,629 [WARNING] vk_bot: Рассылка остановлена: потерян доступ к чату 2000000015
2026-05-08 02:33:48,629 [WARNING] vk_bot: Рассылка приостановлена. Обработано чатов: 1
2026-05-08 02:35:48,076 [INFO] vk_bot: Создаю поток рассылки.
2026-05-08 02:35:48,076 [INFO] vk_bot: Рассылка запущена. Целевых чатов: 87
2026-05-08 02:35:48,077 [INFO] vk_bot: Рассылка: отправка в чат 2000000012
2026-05-08 02:35:48,077 [INFO] vk_bot: upload_message_photo: начинаем загрузку, message_photo_path=photo574393629_457242358_b6eb5a82321fba1977
2026-05-08 02:35:48,077 [INFO] vk_bot: attachment уже готов: photo574393629_457242358_b6eb5a82321fba1977
2026-05-08 02:35:48,255 [INFO] vk_bot: Рассылка: отправка в чат 2000000015
2026-05-08 02:35:48,255 [INFO] vk_bot: upload_message_photo: начинаем загрузку, message_photo_path=photo574393629_457242358_b6eb5a82321fba1977
2026-05-08 02:35:48,255 [INFO] vk_bot: attachment уже готов: photo574393629_457242358_b6eb5a82321fba1977
2026-05-08 02:35:48,679 [WARNING] vk_bot: Chat 2000000015: ошибка доступа. Рассылка приостановлена.
2026-05-08 02:35:48,679 [WARNING] vk_bot: Рассылка остановлена: потерян доступ к чату 2000000015
2026-05-08 02:35:48,679 [WARNING] vk_bot: Рассылка приостановлена. Обработано чатов: 1
2026-05-08 02:37:48,085 [INFO] vk_bot: Создаю поток рассылки.
2026-05-08 02:37:48,085 [INFO] vk_bot: Рассылка запущена. Целевых чатов: 87
2026-05-08 02:37:48,085 [INFO] vk_bot: Рассылка: отправка в чат 2000000012
2026-05-08 02:37:48,085 [INFO] vk_bot: upload_message_photo: начинаем загрузку, message_photo_path=photo574393629_457242358_b6eb5a82321fba1977
2026-05-08 02:37:48,085 [INFO] vk_bot: attachment уже готов: photo574393629_457242358_b6eb5a82321fba1977
2026-05-08 02:37:48,255 [INFO] vk_bot: Рассылка: отправка в чат 2000000015
2026-05-08 02:37:48,255 [INFO] vk_bot: upload_message_photo: начинаем загрузку, message_photo_path=photo574393629_457242358_b6eb5a82321fba1977
2026-05-08 02:37:48,255 [INFO] vk_bot: attachment уже готов: photo574393629_457242358_b6eb5a82321fba1977
2026-05-08 02:37:49,002 [WARNING] vk_bot: Chat 2000000015: ошибка доступа. Рассылка приостановлена.
2026-05-08 02:37:49,002 [WARNING] vk_bot: Рассылка остановлена: потерян доступ к чату 2000000015
2026-05-08 02:37:49,003 [WARNING] vk_bot: Рассылка приостановлена. Обработано чатов: 1
2026-05-08 02:39:48,094 [INFO] vk_bot: Создаю поток рассылки.
2026-05-08 02:39:48,094 [INFO] vk_bot: Рассылка запущена. Целевых чатов: 87
2026-05-08 02:39:48,094 [INFO] vk_bot: Рассылка: отправка в чат 2000000012
2026-05-08 02:39:48,095 [INFO] vk_bot: upload_message_photo: начинаем загрузку, message_photo_path=photo574393629_457242358_b6eb5a82321fba1977
2026-05-08 02:39:48,095 [INFO] vk_bot: attachment уже готов: photo574393629_457242358_b6eb5a82321fba1977
2026-05-08 02:39:48,265 [INFO] vk_bot: Рассылка: отправка в чат 2000000015
2026-05-08 02:39:48,265 [INFO] vk_bot: upload_message_photo: начинаем загрузку, message_photo_path=photo574393629_457242358_b6eb5a82321fba1977
2026-05-08 02:39:48,266 [INFO] vk_bot: attachment уже готов: photo574393629_457242358_b6eb5a82321fba1977
2026-05-08 02:39:48,715 [WARNING] vk_bot: Chat 2000000015: ошибка доступа. Рассылка приостановлена.
2026-05-08 02:39:48,716 [WARNING] vk_bot: Рассылка остановлена: потерян доступ к чату 2000000015
2026-05-08 02:39:48,716 [WARNING] vk_bot: Рассылка приостановлена. Обработано чатов: 1
2026-05-08 02:41:48,104 [INFO] vk_bot: Создаю поток рассылки.
2026-05-08 02:41:48,105 [INFO] vk_bot: Рассылка запущена. Целевых чатов: 87
2026-05-08 02:41:48,105 [INFO] vk_bot: Рассылка: отправка в чат 2000000012
2026-05-08 02:41:48,105 [INFO] vk_bot: upload_message_photo: начинаем загрузку, message_photo_path=photo574393629_457242358_b6eb5a82321fba1977
2026-05-08 02:41:48,105 [INFO] vk_bot: attachment уже готов: photo574393629_457242358_b6eb5a82321fba1977
2026-05-08 02:41:48,279 [INFO] vk_bot: Рассылка: отправка в чат 2000000015
2026-05-08 02:41:48,279 [INFO] vk_bot: upload_message_photo: начинаем загрузку, message_photo_path=photo574393629_457242358_b6eb5a82321fba1977
2026-05-08 02:41:48,279 [INFO] vk_bot: attachment уже готов: photo574393629_457242358_b6eb5a82321fba1977
2026-05-08 02:41:48,679 [WARNING] vk_bot: Chat 2000000015: ошибка доступа. Рассылка приостановлена.
2026-05-08 02:41:48,679 [WARNING] vk_bot: Рассылка остановлена: потерян доступ к чату 2000000015
2026-05-08 02:41:48,679 [WARNING] vk_bot: Рассылка приостановлена. Обработано чатов: 1
2026-05-08 02:43:48,115 [INFO] vk_bot: Создаю поток рассылки.
2026-05-08 02:43:48,116 [INFO] vk_bot: Рассылка запущена. Целевых чатов: 87
2026-05-08 02:43:48,116 [INFO] vk_bot: Рассылка: отправка в чат 2000000012
2026-05-08 02:43:48,116 [INFO] vk_bot: upload_message_photo: начинаем загрузку, message_photo_path=photo574393629_457242358_b6eb5a82321fba1977
2026-05-08 02:43:48,116 [INFO] vk_bot: attachment уже готов: photo574393629_457242358_b6eb5a82321fba1977
2026-05-08 02:43:48,292 [INFO] vk_bot: Рассылка: отправка в чат 2000000015
2026-05-08 02:43:48,292 [INFO] vk_bot: upload_message_photo: начинаем загрузку, message_photo_path=photo574393629_457242358_b6eb5a82321fba1977
2026-05-08 02:43:48,292 [INFO] vk_bot: attachment уже готов: photo574393629_457242358_b6eb5a82321fba1977
2026-05-08 02:43:48,692 [WARNING] vk_bot: Chat 2000000015: ошибка доступа. Рассылка приостановлена.
2026-05-08 02:43:48,692 [WARNING] vk_bot: Рассылка остановлена: потерян доступ к чату 2000000015
2026-05-08 02:43:48,692 [WARNING] vk_bot: Рассылка приостановлена. Обработано чатов: 1
2026-05-08 02:45:48,124 [INFO] vk_bot: Создаю поток рассылки.
2026-05-08 02:45:48,125 [INFO] vk_bot: Рассылка запущена. Целевых чатов: 87
2026-05-08 02:45:48,125 [INFO] vk_bot: Рассылка: отправка в чат 2000000012
2026-05-08 02:45:48,125 [INFO] vk_bot: upload_message_photo: начинаем загрузку, message_photo_path=photo574393629_457242358_b6eb5a82321fba1977
2026-05-08 02:45:48,125 [INFO] vk_bot: attachment уже готов: photo574393629_457242358_b6eb5a82321fba1977
2026-05-08 02:45:48,301 [INFO] vk_bot: Рассылка: отправка в чат 2000000015
2026-05-08 02:45:48,302 [INFO] vk_bot: upload_message_photo: начинаем загрузку, message_photo_path=photo574393629_457242358_b6eb5a82321fba1977
2026-05-08 02:45:48,302 [INFO] vk_bot: attachment уже готов: photo574393629_457242358_b6eb5a82321fba1977
2026-05-08 02:45:48,703 [WARNING] vk_bot: Chat 2000000015: ошибка доступа. Рассылка приостановлена.
2026-05-08 02:45:48,703 [WARNING] vk_bot: Рассылка остановлена: потерян доступ к чату 2000000015
2026-05-08 02:45:48,703 [WARNING] vk_bot: Рассылка приостановлена. Обработано чатов: 1
2026-05-08 02:47:48,133 [INFO] vk_bot: Создаю поток рассылки.
2026-05-08 02:47:48,133 [INFO] vk_bot: Рассылка запущена. Целевых чатов: 87
2026-05-08 02:47:48,133 [INFO] vk_bot: Рассылка: отправка в чат 2000000012
2026-05-08 02:47:48,134 [INFO] vk_bot: upload_message_photo: начинаем загрузку, message_photo_path=photo574393629_457242358_b6eb5a82321fba1977
2026-05-08 02:47:48,134 [INFO] vk_bot: attachment уже готов: photo574393629_457242358_b6eb5a82321fba1977
2026-05-08 02:47:48,345 [INFO] vk_bot: Рассылка: отправка в чат 2000000015
2026-05-08 02:47:48,345 [INFO] vk_bot: upload_message_photo: начинаем загрузку, message_photo_path=photo574393629_457242358_b6eb5a82321fba1977
2026-05-08 02:47:48,346 [INFO] vk_bot: attachment уже готов: photo574393629_457242358_b6eb5a82321fba1977
2026-05-08 02:47:48,742 [WARNING] vk_bot: Chat 2000000015: ошибка доступа. Рассылка приостановлена.
2026-05-08 02:47:48,742 [WARNING] vk_bot: Рассылка остановлена: потерян доступ к чату 2000000015
2026-05-08 02:47:48,743 [WARNING] vk_bot: Рассылка приостановлена. Обработано чатов: 1
2026-05-08 02:49:48,145 [INFO] vk_bot: Создаю поток рассылки.
2026-05-08 02:49:48,145 [INFO] vk_bot: Рассылка запущена. Целевых чатов: 87
2026-05-08 02:49:48,145 [INFO] vk_bot: Рассылка: отправка в чат 2000000012
2026-05-08 02:49:48,146 [INFO] vk_bot: upload_message_photo: начинаем загрузку, message_photo_path=photo574393629_457242358_b6eb5a82321fba1977
2026-05-08 02:49:48,146 [INFO] vk_bot: attachment уже готов: photo574393629_457242358_b6eb5a82321fba1977
2026-05-08 02:49:48,313 [INFO] vk_bot: Рассылка: отправка в чат 2000000015
2026-05-08 02:49:48,313 [INFO] vk_bot: upload_message_photo: начинаем загрузку, message_photo_path=photo574393629_457242358_b6eb5a82321fba1977
2026-05-08 02:49:48,313 [INFO] vk_bot: attachment уже готов: photo574393629_457242358_b6eb5a82321fba1977
2026-05-08 02:49:48,711 [WARNING] vk_bot: Chat 2000000015: ошибка доступа. Рассылка приостановлена.
2026-05-08 02:49:48,712 [WARNING] vk_bot: Рассылка остановлена: потерян доступ к чату 2000000015
2026-05-08 02:49:48,712 [WARNING] vk_bot: Рассылка приостановлена. Обработано чатов: 1
2026-05-08 02:51:48,156 [INFO] vk_bot: Создаю поток рассылки.
2026-05-08 02:51:48,157 [INFO] vk_bot: Рассылка запущена. Целевых чатов: 87
2026-05-08 02:51:48,157 [INFO] vk_bot: Рассылка: отправка в чат 2000000012
2026-05-08 02:51:48,157 [INFO] vk_bot: upload_message_photo: начинаем загрузку, message_photo_path=photo574393629_457242358_b6eb5a82321fba1977
2026-05-08 02:51:48,157 [INFO] vk_bot: attachment уже готов: photo574393629_457242358_b6eb5a82321fba1977
2026-05-08 02:51:48,334 [INFO] vk_bot: Рассылка: отправка в чат 2000000015
2026-05-08 02:51:48,334 [INFO] vk_bot: upload_message_photo: начинаем загрузку, message_photo_path=photo574393629_457242358_b6eb5a82321fba1977
2026-05-08 02:51:48,334 [INFO] vk_bot: attachment уже готов: photo574393629_457242358_b6eb5a82321fba1977
2026-05-08 02:51:48,746 [WARNING] vk_bot: Chat 2000000015: ошибка доступа. Рассылка приостановлена.
2026-05-08 02:51:48,746 [WARNING] vk_bot: Рассылка остановлена: потерян доступ к чату 2000000015
2026-05-08 02:51:48,746 [WARNING] vk_bot: Рассылка приостановлена. Обработано чатов: 1
2026-05-08 02:53:48,167 [INFO] vk_bot: Создаю поток рассылки.
2026-05-08 02:53:48,167 [INFO] vk_bot: Рассылка запущена. Целевых чатов: 87
2026-05-08 02:53:48,167 [INFO] vk_bot: Рассылка: отправка в чат 2000000012
2026-05-08 02:53:48,167 [INFO] vk_bot: upload_message_photo: начинаем загрузку, message_photo_path=photo574393629_457242358_b6eb5a82321fba1977
2026-05-08 02:53:48,168 [INFO] vk_bot: attachment уже готов: photo574393629_457242358_b6eb5a82321fba1977
2026-05-08 02:53:48,339 [INFO] vk_bot: Рассылка: отправка в чат 2000000015
2026-05-08 02:53:48,339 [INFO] vk_bot: upload_message_photo: начинаем загрузку, message_photo_path=photo574393629_457242358_b6eb5a82321fba1977
2026-05-08 02:53:48,339 [INFO] vk_bot: attachment уже готов: photo574393629_457242358_b6eb5a82321fba1977
2026-05-08 02:53:48,791 [WARNING] vk_bot: Chat 2000000015: ошибка доступа. Рассылка приостановлена.
2026-05-08 02:53:48,792 [WARNING] vk_bot: Рассылка остановлена: потерян доступ к чату 2000000015
2026-05-08 02:53:48,792 [WARNING] vk_bot: Рассылка приостановлена. Обработано чатов: 1
2026-05-08 02:55:48,179 [INFO] vk_bot: Создаю поток рассылки.
2026-05-08 02:55:48,179 [INFO] vk_bot: Рассылка запущена. Целевых чатов: 87
2026-05-08 02:55:48,179 [INFO] vk_bot: Рассылка: отправка в чат 2000000012
2026-05-08 02:55:48,179 [INFO] vk_bot: upload_message_photo: начинаем загрузку, message_photo_path=photo574393629_457242358_b6eb5a82321fba1977
2026-05-08 02:55:48,179 [INFO] vk_bot: attachment уже готов: photo574393629_457242358_b6eb5a82321fba1977
2026-05-08 02:55:48,394 [INFO] vk_bot: Рассылка: отправка в чат 2000000015
2026-05-08 02:55:48,394 [INFO] vk_bot: upload_message_photo: начинаем загрузку, message_photo_path=photo574393629_457242358_b6eb5a82321fba1977
2026-05-08 02:55:48,394 [INFO] vk_bot: attachment уже готов: photo574393629_457242358_b6eb5a82321fba1977
2026-05-08 02:55:48,799 [WARNING] vk_bot: Chat 2000000015: ошибка доступа. Рассылка приостановлена.
2026-05-08 02:55:48,799 [WARNING] vk_bot: Рассылка остановлена: потерян доступ к чату 2000000015
2026-05-08 02:55:48,799 [WARNING] vk_bot: Рассылка приостановлена. Обработано чатов: 1
2026-05-08 02:57:48,188 [INFO] vk_bot: Создаю поток рассылки.
2026-05-08 02:57:48,189 [INFO] vk_bot: Рассылка запущена. Целевых чатов: 87
2026-05-08 02:57:48,189 [INFO] vk_bot: Рассылка: отправка в чат 2000000012
2026-05-08 02:57:48,189 [INFO] vk_bot: upload_message_photo: начинаем загрузку, message_photo_path=photo574393629_457242358_b6eb5a82321fba1977
2026-05-08 02:57:48,189 [INFO] vk_bot: attachment уже готов: photo574393629_457242358_b6eb5a82321fba1977
2026-05-08 02:57:48,354 [INFO] vk_bot: Рассылка: отправка в чат 2000000015
2026-05-08 02:57:48,354 [INFO] vk_bot: upload_message_photo: начинаем загрузку, message_photo_path=photo574393629_457242358_b6eb5a82321fba1977
2026-05-08 02:57:48,355 [INFO] vk_bot: attachment уже готов: photo574393629_457242358_b6eb5a82321fba1977
2026-05-08 02:57:48,770 [WARNING] vk_bot: Chat 2000000015: ошибка доступа. Рассылка приостановлена.
2026-05-08 02:57:48,770 [WARNING] vk_bot: Рассылка остановлена: потерян доступ к чату 2000000015
2026-05-08 02:57:48,770 [WARNING] vk_bot: Рассылка приостановлена. Обработано чатов: 1
2026-05-08 02:59:48,198 [INFO] vk_bot: Создаю поток рассылки.
2026-05-08 02:59:48,198 [INFO] vk_bot: Рассылка запущена. Целевых чатов: 87
2026-05-08 02:59:48,198 [INFO] vk_bot: Рассылка: отправка в чат 2000000012
2026-05-08 02:59:48,199 [INFO] vk_bot: upload_message_photo: начинаем загрузку, message_photo_path=photo574393629_457242358_b6eb5a82321fba1977
2026-05-08 02:59:48,199 [INFO] vk_bot: attachment уже готов: photo574393629_457242358_b6eb5a82321fba1977
2026-05-08 02:59:48,366 [INFO] vk_bot: Рассылка: отправка в чат 2000000015
2026-05-08 02:59:48,367 [INFO] vk_bot: upload_message_photo: начинаем загрузку, message_photo_path=photo574393629_457242358_b6eb5a82321fba1977
2026-05-08 02:59:48,367 [INFO] vk_bot: attachment уже готов: photo574393629_457242358_b6eb5a82321fba1977
2026-05-08 02:59:48,789 [WARNING] vk_bot: Chat 2000000015: ошибка доступа. Рассылка приостановлена.
2026-05-08 02:59:48,789 [WARNING] vk_bot: Рассылка остановлена: потерян доступ к чату 2000000015
2026-05-08 02:59:48,789 [WARNING] vk_bot: Рассылка приостановлена. Обработано чатов: 1
2026-05-08 03:01:48,208 [INFO] vk_bot: Создаю поток рассылки.
2026-05-08 03:01:48,208 [INFO] vk_bot: Рассылка запущена. Целевых чатов: 87
2026-05-08 03:01:48,208 [INFO] vk_bot: Рассылка: отправка в чат 2000000012
2026-05-08 03:01:48,208 [INFO] vk_bot: upload_message_photo: начинаем загрузку, message_photo_path=photo574393629_457242358_b6eb5a82321fba1977
2026-05-08 03:01:48,209 [INFO] vk_bot: attachment уже готов: photo574393629_457242358_b6eb5a82321fba1977
2026-05-08 03:01:48,376 [INFO] vk_bot: Рассылка: отправка в чат 2000000015
2026-05-08 03:01:48,376 [INFO] vk_bot: upload_message_photo: начинаем загрузку, message_photo_path=photo574393629_457242358_b6eb5a82321fba1977
2026-05-08 03:01:48,376 [INFO] vk_bot: attachment уже готов: photo574393629_457242358_b6eb5a82321fba1977
2026-05-08 03:01:48,771 [WARNING] vk_bot: Chat 2000000015: ошибка доступа. Рассылка приостановлена.
2026-05-08 03:01:48,772 [WARNING] vk_bot: Рассылка остановлена: потерян доступ к чату 2000000015
2026-05-08 03:01:48,772 [WARNING] vk_bot: Рассылка приостановлена. Обработано чатов: 1
2026-05-08 03:03:48,219 [INFO] vk_bot: Создаю поток рассылки.
2026-05-08 03:03:48,219 [INFO] vk_bot: Рассылка запущена. Целевых чатов: 87
2026-05-08 03:03:48,220 [INFO] vk_bot: Рассылка: отправка в чат 2000000012
2026-05-08 03:03:48,220 [INFO] vk_bot: upload_message_photo: начинаем загрузку, message_photo_path=photo574393629_457242358_b6eb5a82321fba1977
2026-05-08 03:03:48,220 [INFO] vk_bot: attachment уже готов: photo574393629_457242358_b6eb5a82321fba1977
2026-05-08 03:03:48,395 [INFO] vk_bot: Рассылка: отправка в чат 2000000015
2026-05-08 03:03:48,396 [INFO] vk_bot: upload_message_photo: начинаем загрузку, message_photo_path=photo574393629_457242358_b6eb5a82321fba1977
2026-05-08 03:03:48,396 [INFO] vk_bot: attachment уже готов: photo574393629_457242358_b6eb5a82321fba1977
2026-05-08 03:03:48,791 [WARNING] vk_bot: Chat 2000000015: ошибка доступа. Рассылка приостановлена.
2026-05-08 03:03:48,791 [WARNING] vk_bot: Рассылка остановлена: потерян доступ к чату 2000000015
2026-05-08 03:03:48,791 [WARNING] vk_bot: Рассылка приостановлена. Обработано чатов: 1
2026-05-08 03:05:48,228 [INFO] vk_bot: Создаю поток рассылки.
2026-05-08 03:05:48,229 [INFO] vk_bot: Рассылка запущена. Целевых чатов: 87
2026-05-08 03:05:48,229 [INFO] vk_bot: Рассылка: отправка в чат 2000000012
2026-05-08 03:05:48,229 [INFO] vk_bot: upload_message_photo: начинаем загрузку, message_photo_path=photo574393629_457242358_b6eb5a82321fba1977
2026-05-08 03:05:48,229 [INFO] vk_bot: attachment уже готов: photo574393629_457242358_b6eb5a82321fba1977
2026-05-08 03:05:48,398 [INFO] vk_bot: Рассылка: отправка в чат 2000000015
2026-05-08 03:05:48,398 [INFO] vk_bot: upload_message_photo: начинаем загрузку, message_photo_path=photo574393629_457242358_b6eb5a82321fba1977
2026-05-08 03:05:48,398 [INFO] vk_bot: attachment уже готов: photo574393629_457242358_b6eb5a82321fba1977
2026-05-08 03:05:48,852 [WARNING] vk_bot: Chat 2000000015: ошибка доступа. Рассылка приостановлена.
2026-05-08 03:05:48,852 [WARNING] vk_bot: Рассылка остановлена: потерян доступ к чату 2000000015
2026-05-08 03:05:48,852 [WARNING] vk_bot: Рассылка приостановлена. Обработано чатов: 1
2026-05-08 03:07:48,238 [INFO] vk_bot: Создаю поток рассылки.
2026-05-08 03:07:48,239 [INFO] vk_bot: Рассылка запущена. Целевых чатов: 87
2026-05-08 03:07:48,239 [INFO] vk_bot: Рассылка: отправка в чат 2000000012
2026-05-08 03:07:48,239 [INFO] vk_bot: upload_message_photo: начинаем загрузку, message_photo_path=photo574393629_457242358_b6eb5a82321fba1977
2026-05-08 03:07:48,240 [INFO] vk_bot: attachment уже готов: photo574393629_457242358_b6eb5a82321fba1977
2026-05-08 03:07:48,429 [INFO] vk_bot: Рассылка: отправка в чат 2000000015
2026-05-08 03:07:48,429 [INFO] vk_bot: upload_message_photo: начинаем загрузку, message_photo_path=photo574393629_457242358_b6eb5a82321fba1977
2026-05-08 03:07:48,429 [INFO] vk_bot: attachment уже готов: photo574393629_457242358_b6eb5a82321fba1977
2026-05-08 03:07:48,828 [WARNING] vk_bot: Chat 2000000015: ошибка доступа. Рассылка приостановлена.
2026-05-08 03:07:48,828 [WARNING] vk_bot: Рассылка остановлена: потерян доступ к чату 2000000015
2026-05-08 03:07:48,828 [WARNING] vk_bot: Рассылка приостановлена. Обработано чатов: 1
2026-05-08 03:09:48,253 [INFO] vk_bot: Создаю поток рассылки.
2026-05-08 03:09:48,253 [INFO] vk_bot: Рассылка запущена. Целевых чатов: 87
2026-05-08 03:09:48,253 [INFO] vk_bot: Рассылка: отправка в чат 2000000012
2026-05-08 03:09:48,253 [INFO] vk_bot: upload_message_photo: начинаем загрузку, message_photo_path=photo574393629_457242358_b6eb5a82321fba1977
2026-05-08 03:09:48,253 [INFO] vk_bot: attachment уже готов: photo574393629_457242358_b6eb5a82321fba1977
2026-05-08 03:09:48,415 [INFO] vk_bot: Рассылка: отправка в чат 2000000015
2026-05-08 03:09:48,415 [INFO] vk_bot: upload_message_photo: начинаем загрузку, message_photo_path=photo574393629_457242358_b6eb5a82321fba1977
2026-05-08 03:09:48,415 [INFO] vk_bot: attachment уже готов: photo574393629_457242358_b6eb5a82321fba1977
2026-05-08 03:09:48,808 [WARNING] vk_bot: Chat 2000000015: ошибка доступа. Рассылка приостановлена.
2026-05-08 03:09:48,809 [WARNING] vk_bot: Рассылка остановлена: потерян доступ к чату 2000000015
2026-05-08 03:09:48,809 [WARNING] vk_bot: Рассылка приостановлена. Обработано чатов: 1
2026-05-08 03:11:48,261 [INFO] vk_bot: Создаю поток рассылки.
2026-05-08 03:11:48,262 [INFO] vk_bot: Рассылка запущена. Целевых чатов: 87
2026-05-08 03:11:48,262 [INFO] vk_bot: Рассылка: отправка в чат 2000000012
2026-05-08 03:11:48,262 [INFO] vk_bot: upload_message_photo: начинаем загрузку, message_photo_path=photo574393629_457242358_b6eb5a82321fba1977
2026-05-08 03:11:48,262 [INFO] vk_bot: attachment уже готов: photo574393629_457242358_b6eb5a82321fba1977
2026-05-08 03:11:48,453 [INFO] vk_bot: Рассылка: отправка в чат 2000000015
2026-05-08 03:11:48,453 [INFO] vk_bot: upload_message_photo: начинаем загрузку, message_photo_path=photo574393629_457242358_b6eb5a82321fba1977
2026-05-08 03:11:48,453 [INFO] vk_bot: attachment уже готов: photo574393629_457242358_b6eb5a82321fba1977
2026-05-08 03:11:48,850 [WARNING] vk_bot: Chat 2000000015: ошибка доступа. Рассылка приостановлена.
2026-05-08 03:11:48,851 [WARNING] vk_bot: Рассылка остановлена: потерян доступ к чату 2000000015
2026-05-08 03:11:48,851 [WARNING] vk_bot: Рассылка приостановлена. Обработано чатов: 1
2026-05-08 03:13:48,276 [INFO] vk_bot: Создаю поток рассылки.
2026-05-08 03:13:48,277 [INFO] vk_bot: Рассылка запущена. Целевых чатов: 87
2026-05-08 03:13:48,277 [INFO] vk_bot: Рассылка: отправка в чат 2000000012
2026-05-08 03:13:48,277 [INFO] vk_bot: upload_message_photo: начинаем загрузку, message_photo_path=photo574393629_457242358_b6eb5a82321fba1977
2026-05-08 03:13:48,278 [INFO] vk_bot: attachment уже готов: photo574393629_457242358_b6eb5a82321fba1977
2026-05-08 03:13:48,490 [INFO] vk_bot: Рассылка: отправка в чат 2000000015
2026-05-08 03:13:48,491 [INFO] vk_bot: upload_message_photo: начинаем загрузку, message_photo_path=photo574393629_457242358_b6eb5a82321fba1977
2026-05-08 03:13:48,491 [INFO] vk_bot: attachment уже готов: photo574393629_457242358_b6eb5a82321fba1977
2026-05-08 03:13:48,884 [WARNING] vk_bot: Chat 2000000015: ошибка доступа. Рассылка приостановлена.
2026-05-08 03:13:48,885 [WARNING] vk_bot: Рассылка остановлена: потерян доступ к чату 2000000015
2026-05-08 03:13:48,885 [WARNING] vk_bot: Рассылка приостановлена. Обработано чатов: 1
2026-05-08 03:15:48,286 [INFO] vk_bot: Создаю поток рассылки.
2026-05-08 03:15:48,286 [INFO] vk_bot: Рассылка запущена. Целевых чатов: 87
2026-05-08 03:15:48,287 [INFO] vk_bot: Рассылка: отправка в чат 2000000012
2026-05-08 03:15:48,287 [INFO] vk_bot: upload_message_photo: начинаем загрузку, message_photo_path=photo574393629_457242358_b6eb5a82321fba1977
2026-05-08 03:15:48,287 [INFO] vk_bot: attachment уже готов: photo574393629_457242358_b6eb5a82321fba1977
2026-05-08 03:15:48,502 [INFO] vk_bot: Рассылка: отправка в чат 2000000015
2026-05-08 03:15:48,502 [INFO] vk_bot: upload_message_photo: начинаем загрузку, message_photo_path=photo574393629_457242358_b6eb5a82321fba1977
2026-05-08 03:15:48,502 [INFO] vk_bot: attachment уже готов: photo574393629_457242358_b6eb5a82321fba1977
2026-05-08 03:15:48,911 [WARNING] vk_bot: Chat 2000000015: ошибка доступа. Рассылка приостановлена.
2026-05-08 03:15:48,911 [WARNING] vk_bot: Рассылка остановлена: потерян доступ к чату 2000000015
2026-05-08 03:15:48,912 [WARNING] vk_bot: Рассылка приостановлена. Обработано чатов: 1
2026-05-08 03:17:48,295 [INFO] vk_bot: Создаю поток рассылки.
2026-05-08 03:17:48,295 [INFO] vk_bot: Рассылка запущена. Целевых чатов: 87
2026-05-08 03:17:48,295 [INFO] vk_bot: Рассылка: отправка в чат 2000000012
2026-05-08 03:17:48,295 [INFO] vk_bot: upload_message_photo: начинаем загрузку, message_photo_path=photo574393629_457242358_b6eb5a82321fba1977
2026-05-08 03:17:48,296 [INFO] vk_bot: attachment уже готов: photo574393629_457242358_b6eb5a82321fba1977
2026-05-08 03:17:48,483 [INFO] vk_bot: Рассылка: отправка в чат 2000000015
2026-05-08 03:17:48,483 [INFO] vk_bot: upload_message_photo: начинаем загрузку, message_photo_path=photo574393629_457242358_b6eb5a82321fba1977
2026-05-08 03:17:48,483 [INFO] vk_bot: attachment уже готов: photo574393629_457242358_b6eb5a82321fba1977
2026-05-08 03:17:48,880 [WARNING] vk_bot: Chat 2000000015: ошибка доступа. Рассылка приостановлена.
2026-05-08 03:17:48,880 [WARNING] vk_bot: Рассылка остановлена: потерян доступ к чату 2000000015
2026-05-08 03:17:48,881 [WARNING] vk_bot: Рассылка приостановлена. Обработано чатов: 1
2026-05-08 03:19:48,305 [INFO] vk_bot: Создаю поток рассылки.
2026-05-08 03:19:48,306 [INFO] vk_bot: Рассылка запущена. Целевых чатов: 87
2026-05-08 03:19:48,306 [INFO] vk_bot: Рассылка: отправка в чат 2000000012
2026-05-08 03:19:48,306 [INFO] vk_bot: upload_message_photo: начинаем загрузку, message_photo_path=photo574393629_457242358_b6eb5a82321fba1977
2026-05-08 03:19:48,306 [INFO] vk_bot: attachment уже готов: photo574393629_457242358_b6eb5a82321fba1977
2026-05-08 03:19:48,536 [INFO] vk_bot: Рассылка: отправка в чат 2000000015
2026-05-08 03:19:48,536 [INFO] vk_bot: upload_message_photo: начинаем загрузку, message_photo_path=photo574393629_457242358_b6eb5a82321fba1977
2026-05-08 03:19:48,537 [INFO] vk_bot: attachment уже готов: photo574393629_457242358_b6eb5a82321fba1977
2026-05-08 03:19:48,930 [WARNING] vk_bot: Chat 2000000015: ошибка доступа. Рассылка приостановлена.
2026-05-08 03:19:48,930 [WARNING] vk_bot: Рассылка остановлена: потерян доступ к чату 2000000015
2026-05-08 03:19:48,930 [WARNING] vk_bot: Рассылка приостановлена. Обработано чатов: 1
2026-05-08 03:21:48,315 [INFO] vk_bot: Создаю поток рассылки.
2026-05-08 03:21:48,316 [INFO] vk_bot: Рассылка запущена. Целевых чатов: 87
2026-05-08 03:21:48,316 [INFO] vk_bot: Рассылка: отправка в чат 2000000012
2026-05-08 03:21:48,316 [INFO] vk_bot: upload_message_photo: начинаем загрузку, message_photo_path=photo574393629_457242358_b6eb5a82321fba1977
2026-05-08 03:21:48,316 [INFO] vk_bot: attachment уже готов: photo574393629_457242358_b6eb5a82321fba1977
2026-05-08 03:21:48,503 [INFO] vk_bot: Рассылка: отправка в чат 2000000015
2026-05-08 03:21:48,504 [INFO] vk_bot: upload_message_photo: начинаем загрузку, message_photo_path=photo574393629_457242358_b6eb5a82321fba1977
2026-05-08 03:21:48,504 [INFO] vk_bot: attachment уже готов: photo574393629_457242358_b6eb5a82321fba1977
2026-05-08 03:21:48,895 [WARNING] vk_bot: Chat 2000000015: ошибка доступа. Рассылка приостановлена.
2026-05-08 03:21:48,896 [WARNING] vk_bot: Рассылка остановлена: потерян доступ к чату 2000000015
2026-05-08 03:21:48,896 [WARNING] vk_bot: Рассылка приостановлена. Обработано чатов: 1
2026-05-08 03:23:48,324 [INFO] vk_bot: Создаю поток рассылки.
2026-05-08 03:23:48,325 [INFO] vk_bot: Рассылка запущена. Целевых чатов: 87
2026-05-08 03:23:48,325 [INFO] vk_bot: Рассылка: отправка в чат 2000000012
2026-05-08 03:23:48,325 [INFO] vk_bot: upload_message_photo: начинаем загрузку, message_photo_path=photo574393629_457242358_b6eb5a82321fba1977
2026-05-08 03:23:48,325 [INFO] vk_bot: attachment уже готов: photo574393629_457242358_b6eb5a82321fba1977
2026-05-08 03:23:48,495 [INFO] vk_bot: Рассылка: отправка в чат 2000000015
2026-05-08 03:23:48,496 [INFO] vk_bot: upload_message_photo: начинаем загрузку, message_photo_path=photo574393629_457242358_b6eb5a82321fba1977
2026-05-08 03:23:48,496 [INFO] vk_bot: attachment уже готов: photo574393629_457242358_b6eb5a82321fba1977
2026-05-08 03:23:48,898 [WARNING] vk_bot: Chat 2000000015: ошибка доступа. Рассылка приостановлена.
2026-05-08 03:23:48,898 [WARNING] vk_bot: Рассылка остановлена: потерян доступ к чату 2000000015
2026-05-08 03:23:48,898 [WARNING] vk_bot: Рассылка приостановлена. Обработано чатов: 1
2026-05-08 03:25:48,336 [INFO] vk_bot: Создаю поток рассылки.
2026-05-08 03:25:48,337 [INFO] vk_bot: Рассылка запущена. Целевых чатов: 87
2026-05-08 03:25:48,337 [INFO] vk_bot: Рассылка: отправка в чат 2000000012
2026-05-08 03:25:48,337 [INFO] vk_bot: upload_message_photo: начинаем загрузку, message_photo_path=photo574393629_457242358_b6eb5a82321fba1977
2026-05-08 03:25:48,337 [INFO] vk_bot: attachment уже готов: photo574393629_457242358_b6eb5a82321fba1977
2026-05-08 03:25:48,525 [INFO] vk_bot: Рассылка: отправка в чат 2000000015
2026-05-08 03:25:48,526 [INFO] vk_bot: upload_message_photo: начинаем загрузку, message_photo_path=photo574393629_457242358_b6eb5a82321fba1977
2026-05-08 03:25:48,526 [INFO] vk_bot: attachment уже готов: photo574393629_457242358_b6eb5a82321fba1977
2026-05-08 03:25:48,922 [WARNING] vk_bot: Chat 2000000015: ошибка доступа. Рассылка приостановлена.
2026-05-08 03:25:48,923 [WARNING] vk_bot: Рассылка остановлена: потерян доступ к чату 2000000015
2026-05-08 03:25:48,923 [WARNING] vk_bot: Рассылка приостановлена. Обработано чатов: 1
2026-05-08 03:27:48,347 [INFO] vk_bot: Создаю поток рассылки.
2026-05-08 03:27:48,347 [INFO] vk_bot: Рассылка запущена. Целевых чатов: 87
2026-05-08 03:27:48,348 [INFO] vk_bot: Рассылка: отправка в чат 2000000012
2026-05-08 03:27:48,348 [INFO] vk_bot: upload_message_photo: начинаем загрузку, message_photo_path=photo574393629_457242358_b6eb5a82321fba1977
2026-05-08 03:27:48,348 [INFO] vk_bot: attachment уже готов: photo574393629_457242358_b6eb5a82321fba1977
2026-05-08 03:27:48,523 [INFO] vk_bot: Рассылка: отправка в чат 2000000015
2026-05-08 03:27:48,523 [INFO] vk_bot: upload_message_photo: начинаем загрузку, message_photo_path=photo574393629_457242358_b6eb5a82321fba1977
2026-05-08 03:27:48,523 [INFO] vk_bot: attachment уже готов: photo574393629_457242358_b6eb5a82321fba1977
2026-05-08 03:27:48,948 [WARNING] vk_bot: Chat 2000000015: ошибка доступа. Рассылка приостановлена.
2026-05-08 03:27:48,948 [WARNING] vk_bot: Рассылка остановлена: потерян доступ к чату 2000000015
2026-05-08 03:27:48,948 [WARNING] vk_bot: Рассылка приостановлена. Обработано чатов: 1
2026-05-08 03:29:48,357 [INFO] vk_bot: Создаю поток рассылки.
2026-05-08 03:29:48,358 [INFO] vk_bot: Рассылка запущена. Целевых чатов: 87
2026-05-08 03:29:48,358 [INFO] vk_bot: Рассылка: отправка в чат 2000000012
2026-05-08 03:29:48,358 [INFO] vk_bot: upload_message_photo: начинаем загрузку, message_photo_path=photo574393629_457242358_b6eb5a82321fba1977
2026-05-08 03:29:48,358 [INFO] vk_bot: attachment уже готов: photo574393629_457242358_b6eb5a82321fba1977
2026-05-08 03:29:48,514 [INFO] vk_bot: Рассылка: отправка в чат 2000000015
2026-05-08 03:29:48,514 [INFO] vk_bot: upload_message_photo: начинаем загрузку, message_photo_path=photo574393629_457242358_b6eb5a82321fba1977
2026-05-08 03:29:48,515 [INFO] vk_bot: attachment уже готов: photo574393629_457242358_b6eb5a82321fba1977
2026-05-08 03:29:48,911 [WARNING] vk_bot: Chat 2000000015: ошибка доступа. Рассылка приостановлена.
2026-05-08 03:29:48,911 [WARNING] vk_bot: Рассылка остановлена: потерян доступ к чату 2000000015
2026-05-08 03:29:48,912 [WARNING] vk_bot: Рассылка приостановлена. Обработано чатов: 1
2026-05-08 03:31:48,368 [INFO] vk_bot: Создаю поток рассылки.
2026-05-08 03:31:48,368 [INFO] vk_bot: Рассылка запущена. Целевых чатов: 87
2026-05-08 03:31:48,368 [INFO] vk_bot: Рассылка: отправка в чат 2000000012
2026-05-08 03:31:48,368 [INFO] vk_bot: upload_message_photo: начинаем загрузку, message_photo_path=photo574393629_457242358_b6eb5a82321fba1977
2026-05-08 03:31:48,368 [INFO] vk_bot: attachment уже готов: photo574393629_457242358_b6eb5a82321fba1977
2026-05-08 03:31:48,577 [INFO] vk_bot: Рассылка: отправка в чат 2000000015
2026-05-08 03:31:48,577 [INFO] vk_bot: upload_message_photo: начинаем загрузку, message_photo_path=photo574393629_457242358_b6eb5a82321fba1977
2026-05-08 03:31:48,577 [INFO] vk_bot: attachment уже готов: photo574393629_457242358_b6eb5a82321fba1977
2026-05-08 03:31:48,974 [WARNING] vk_bot: Chat 2000000015: ошибка доступа. Рассылка приостановлена.
2026-05-08 03:31:48,974 [WARNING] vk_bot: Рассылка остановлена: потерян доступ к чату 2000000015
2026-05-08 03:31:48,975 [WARNING] vk_bot: Рассылка приостановлена. Обработано чатов: 1
2026-05-08 03:33:48,378 [INFO] vk_bot: Создаю поток рассылки.
2026-05-08 03:33:48,379 [INFO] vk_bot: Рассылка запущена. Целевых чатов: 87
2026-05-08 03:33:48,379 [INFO] vk_bot: Рассылка: отправка в чат 2000000012
2026-05-08 03:33:48,379 [INFO] vk_bot: upload_message_photo: начинаем загрузку, message_photo_path=photo574393629_457242358_b6eb5a82321fba1977
2026-05-08 03:33:48,379 [INFO] vk_bot: attachment уже готов: photo574393629_457242358_b6eb5a82321fba1977
2026-05-08 03:33:48,590 [INFO] vk_bot: Рассылка: отправка в чат 2000000015
2026-05-08 03:33:48,590 [INFO] vk_bot: upload_message_photo: начинаем загрузку, message_photo_path=photo574393629_457242358_b6eb5a82321fba1977
2026-05-08 03:33:48,590 [INFO] vk_bot: attachment уже готов: photo574393629_457242358_b6eb5a82321fba1977
2026-05-08 03:33:49,043 [WARNING] vk_bot: Chat 2000000015: ошибка доступа. Рассылка приостановлена.
2026-05-08 03:33:49,044 [WARNING] vk_bot: Рассылка остановлена: потерян доступ к чату 2000000015
2026-05-08 03:33:49,044 [WARNING] vk_bot: Рассылка приостановлена. Обработано чатов: 1
2026-05-08 03:35:48,387 [INFO] vk_bot: Создаю поток рассылки.
2026-05-08 03:35:48,387 [INFO] vk_bot: Рассылка запущена. Целевых чатов: 87
2026-05-08 03:35:48,388 [INFO] vk_bot: Рассылка: отправка в чат 2000000012
2026-05-08 03:35:48,388 [INFO] vk_bot: upload_message_photo: начинаем загрузку, message_photo_path=photo574393629_457242358_b6eb5a82321fba1977
2026-05-08 03:35:48,388 [INFO] vk_bot: attachment уже готов: photo574393629_457242358_b6eb5a82321fba1977
2026-05-08 03:35:48,561 [INFO] vk_bot: Рассылка: отправка в чат 2000000015
2026-05-08 03:35:48,561 [INFO] vk_bot: upload_message_photo: начинаем загрузку, message_photo_path=photo574393629_457242358_b6eb5a82321fba1977
2026-05-08 03:35:48,561 [INFO] vk_bot: attachment уже готов: photo574393629_457242358_b6eb5a82321fba1977
2026-05-08 03:35:48,963 [WARNING] vk_bot: Chat 2000000015: ошибка доступа. Рассылка приостановлена.
2026-05-08 03:35:48,964 [WARNING] vk_bot: Рассылка остановлена: потерян доступ к чату 2000000015
2026-05-08 03:35:48,964 [WARNING] vk_bot: Рассылка приостановлена. Обработано чатов: 1
2026-05-08 03:37:48,396 [INFO] vk_bot: Создаю поток рассылки.
2026-05-08 03:37:48,396 [INFO] vk_bot: Рассылка запущена. Целевых чатов: 87
2026-05-08 03:37:48,397 [INFO] vk_bot: Рассылка: отправка в чат 2000000012
2026-05-08 03:37:48,397 [INFO] vk_bot: upload_message_photo: начинаем загрузку, message_photo_path=photo574393629_457242358_b6eb5a82321fba1977
2026-05-08 03:37:48,397 [INFO] vk_bot: attachment уже готов: photo574393629_457242358_b6eb5a82321fba1977
2026-05-08 03:37:48,561 [INFO] vk_bot: Рассылка: отправка в чат 2000000015
2026-05-08 03:37:48,561 [INFO] vk_bot: upload_message_photo: начинаем загрузку, message_photo_path=photo574393629_457242358_b6eb5a82321fba1977
2026-05-08 03:37:48,561 [INFO] vk_bot: attachment уже готов: photo574393629_457242358_b6eb5a82321fba1977
2026-05-08 03:37:48,957 [WARNING] vk_bot: Chat 2000000015: ошибка доступа. Рассылка приостановлена.
2026-05-08 03:37:48,957 [WARNING] vk_bot: Рассылка остановлена: потерян доступ к чату 2000000015
2026-05-08 03:37:48,957 [WARNING] vk_bot: Рассылка приостановлена. Обработано чатов: 1
2026-05-08 03:39:48,406 [INFO] vk_bot: Создаю поток рассылки.
2026-05-08 03:39:48,408 [INFO] vk_bot: Рассылка запущена. Целевых чатов: 87
2026-05-08 03:39:48,408 [INFO] vk_bot: Рассылка: отправка в чат 2000000012
2026-05-08 03:39:48,408 [INFO] vk_bot: upload_message_photo: начинаем загрузку, message_photo_path=photo574393629_457242358_b6eb5a82321fba1977
2026-05-08 03:39:48,409 [INFO] vk_bot: attachment уже готов: photo574393629_457242358_b6eb5a82321fba1977
2026-05-08 03:39:48,976 [INFO] vk_bot: Рассылка: отправка в чат 2000000015
2026-05-08 03:39:48,976 [INFO] vk_bot: upload_message_photo: начинаем загрузку, message_photo_path=photo574393629_457242358_b6eb5a82321fba1977
2026-05-08 03:39:48,977 [INFO] vk_bot: attachment уже готов: photo574393629_457242358_b6eb5a82321fba1977
2026-05-08 03:39:49,399 [WARNING] vk_bot: Chat 2000000015: ошибка доступа. Рассылка приостановлена.
2026-05-08 03:39:49,400 [WARNING] vk_bot: Рассылка остановлена: потерян доступ к чату 2000000015
2026-05-08 03:39:49,400 [WARNING] vk_bot: Рассылка приостановлена. Обработано чатов: 1
2026-05-08 03:41:48,418 [INFO] vk_bot: Создаю поток рассылки.
2026-05-08 03:41:48,419 [INFO] vk_bot: Рассылка запущена. Целевых чатов: 87
2026-05-08 03:41:48,419 [INFO] vk_bot: Рассылка: отправка в чат 2000000012
2026-05-08 03:41:48,419 [INFO] vk_bot: upload_message_photo: начинаем загрузку, message_photo_path=photo574393629_457242358_b6eb5a82321fba1977
2026-05-08 03:41:48,419 [INFO] vk_bot: attachment уже готов: photo574393629_457242358_b6eb5a82321fba1977
2026-05-08 03:41:48,577 [INFO] vk_bot: Рассылка: отправка в чат 2000000015
2026-05-08 03:41:48,577 [INFO] vk_bot: upload_message_photo: начинаем загрузку, message_photo_path=photo574393629_457242358_b6eb5a82321fba1977
2026-05-08 03:41:48,577 [INFO] vk_bot: attachment уже готов: photo574393629_457242358_b6eb5a82321fba1977
2026-05-08 03:41:48,971 [WARNING] vk_bot: Chat 2000000015: ошибка доступа. Рассылка приостановлена.
2026-05-08 03:41:48,972 [WARNING] vk_bot: Рассылка остановлена: потерян доступ к чату 2000000015
2026-05-08 03:41:48,972 [WARNING] vk_bot: Рассылка приостановлена. Обработано чатов: 1
2026-05-08 03:43:48,428 [INFO] vk_bot: Создаю поток рассылки.
2026-05-08 03:43:48,429 [INFO] vk_bot: Рассылка запущена. Целевых чатов: 87
2026-05-08 03:43:48,429 [INFO] vk_bot: Рассылка: отправка в чат 2000000012
2026-05-08 03:43:48,429 [INFO] vk_bot: upload_message_photo: начинаем загрузку, message_photo_path=photo574393629_457242358_b6eb5a82321fba1977
2026-05-08 03:43:48,429 [INFO] vk_bot: attachment уже готов: photo574393629_457242358_b6eb5a82321fba1977
2026-05-08 03:43:48,572 [INFO] vk_bot: Рассылка: отправка в чат 2000000015
2026-05-08 03:43:48,572 [INFO] vk_bot: upload_message_photo: начинаем загрузку, message_photo_path=photo574393629_457242358_b6eb5a82321fba1977
2026-05-08 03:43:48,572 [INFO] vk_bot: attachment уже готов: photo574393629_457242358_b6eb5a82321fba1977
2026-05-08 03:43:48,978 [WARNING] vk_bot: Chat 2000000015: ошибка доступа. Рассылка приостановлена.
2026-05-08 03:43:48,978 [WARNING] vk_bot: Рассылка остановлена: потерян доступ к чату 2000000015
2026-05-08 03:43:48,978 [WARNING] vk_bot: Рассылка приостановлена. Обработано чатов: 1
2026-05-08 03:45:48,439 [INFO] vk_bot: Создаю поток рассылки.
2026-05-08 03:45:48,439 [INFO] vk_bot: Рассылка запущена. Целевых чатов: 87
2026-05-08 03:45:48,439 [INFO] vk_bot: Рассылка: отправка в чат 2000000012
2026-05-08 03:45:48,439 [INFO] vk_bot: upload_message_photo: начинаем загрузку, message_photo_path=photo574393629_457242358_b6eb5a82321fba1977
2026-05-08 03:45:48,439 [INFO] vk_bot: attachment уже готов: photo574393629_457242358_b6eb5a82321fba1977
2026-05-08 03:45:48,597 [INFO] vk_bot: Рассылка: отправка в чат 2000000015
2026-05-08 03:45:48,597 [INFO] vk_bot: upload_message_photo: начинаем загрузку, message_photo_path=photo574393629_457242358_b6eb5a82321fba1977
2026-05-08 03:45:48,598 [INFO] vk_bot: attachment уже готов: photo574393629_457242358_b6eb5a82321fba1977
2026-05-08 03:45:49,000 [WARNING] vk_bot: Chat 2000000015: ошибка доступа. Рассылка приостановлена.
2026-05-08 03:45:49,000 [WARNING] vk_bot: Рассылка остановлена: потерян доступ к чату 2000000015
2026-05-08 03:45:49,000 [WARNING] vk_bot: Рассылка приостановлена. Обработано чатов: 1
2026-05-08 03:47:48,449 [INFO] vk_bot: Создаю поток рассылки.
2026-05-08 03:47:48,449 [INFO] vk_bot: Рассылка запущена. Целевых чатов: 87
2026-05-08 03:47:48,450 [INFO] vk_bot: Рассылка: отправка в чат 2000000012
2026-05-08 03:47:48,450 [INFO] vk_bot: upload_message_photo: начинаем загрузку, message_photo_path=photo574393629_457242358_b6eb5a82321fba1977
2026-05-08 03:47:48,450 [INFO] vk_bot: attachment уже готов: photo574393629_457242358_b6eb5a82321fba1977
2026-05-08 03:47:48,605 [INFO] vk_bot: Рассылка: отправка в чат 2000000015
2026-05-08 03:47:48,605 [INFO] vk_bot: upload_message_photo: начинаем загрузку, message_photo_path=photo574393629_457242358_b6eb5a82321fba1977
2026-05-08 03:47:48,605 [INFO] vk_bot: attachment уже готов: photo574393629_457242358_b6eb5a82321fba1977
2026-05-08 03:47:49,001 [WARNING] vk_bot: Chat 2000000015: ошибка доступа. Рассылка приостановлена.
2026-05-08 03:47:49,001 [WARNING] vk_bot: Рассылка остановлена: потерян доступ к чату 2000000015
2026-05-08 03:47:49,001 [WARNING] vk_bot: Рассылка приостановлена. Обработано чатов: 1
2026-05-08 03:49:48,459 [INFO] vk_bot: Создаю поток рассылки.
2026-05-08 03:49:48,459 [INFO] vk_bot: Рассылка запущена. Целевых чатов: 87
2026-05-08 03:49:48,460 [INFO] vk_bot: Рассылка: отправка в чат 2000000012
2026-05-08 03:49:48,460 [INFO] vk_bot: upload_message_photo: начинаем загрузку, message_photo_path=photo574393629_457242358_b6eb5a82321fba1977
2026-05-08 03:49:48,460 [INFO] vk_bot: attachment уже готов: photo574393629_457242358_b6eb5a82321fba1977
2026-05-08 03:49:48,622 [INFO] vk_bot: Рассылка: отправка в чат 2000000015
2026-05-08 03:49:48,622 [INFO] vk_bot: upload_message_photo: начинаем загрузку, message_photo_path=photo574393629_457242358_b6eb5a82321fba1977
2026-05-08 03:49:48,622 [INFO] vk_bot: attachment уже готов: photo574393629_457242358_b6eb5a82321fba1977
2026-05-08 03:49:49,039 [WARNING] vk_bot: Chat 2000000015: ошибка доступа. Рассылка приостановлена.
2026-05-08 03:49:49,039 [WARNING] vk_bot: Рассылка остановлена: потерян доступ к чату 2000000015
2026-05-08 03:49:49,039 [WARNING] vk_bot: Рассылка приостановлена. Обработано чатов: 1
2026-05-08 03:51:48,467 [INFO] vk_bot: Создаю поток рассылки.
2026-05-08 03:51:48,468 [INFO] vk_bot: Рассылка запущена. Целевых чатов: 87
2026-05-08 03:51:48,469 [INFO] vk_bot: Рассылка: отправка в чат 2000000012
2026-05-08 03:51:48,469 [INFO] vk_bot: upload_message_photo: начинаем загрузку, message_photo_path=photo574393629_457242358_b6eb5a82321fba1977
2026-05-08 03:51:48,469 [INFO] vk_bot: attachment уже готов: photo574393629_457242358_b6eb5a82321fba1977
2026-05-08 03:51:48,671 [INFO] vk_bot: Рассылка: отправка в чат 2000000015
2026-05-08 03:51:48,672 [INFO] vk_bot: upload_message_photo: начинаем загрузку, message_photo_path=photo574393629_457242358_b6eb5a82321fba1977
2026-05-08 03:51:48,672 [INFO] vk_bot: attachment уже готов: photo574393629_457242358_b6eb5a82321fba1977
2026-05-08 03:51:49,072 [WARNING] vk_bot: Chat 2000000015: ошибка доступа. Рассылка приостановлена.
2026-05-08 03:51:49,072 [WARNING] vk_bot: Рассылка остановлена: потерян доступ к чату 2000000015
2026-05-08 03:51:49,072 [WARNING] vk_bot: Рассылка приостановлена. Обработано чатов: 1
2026-05-08 03:53:48,476 [INFO] vk_bot: Создаю поток рассылки.
2026-05-08 03:53:48,476 [INFO] vk_bot: Рассылка запущена. Целевых чатов: 87
2026-05-08 03:53:48,476 [INFO] vk_bot: Рассылка: отправка в чат 2000000012
2026-05-08 03:53:48,476 [INFO] vk_bot: upload_message_photo: начинаем загрузку, message_photo_path=photo574393629_457242358_b6eb5a82321fba1977
2026-05-08 03:53:48,477 [INFO] vk_bot: attachment уже готов: photo574393629_457242358_b6eb5a82321fba1977
2026-05-08 03:53:48,661 [INFO] vk_bot: Рассылка: отправка в чат 2000000015
2026-05-08 03:53:48,661 [INFO] vk_bot: upload_message_photo: начинаем загрузку, message_photo_path=photo574393629_457242358_b6eb5a82321fba1977
2026-05-08 03:53:48,661 [INFO] vk_bot: attachment уже готов: photo574393629_457242358_b6eb5a82321fba1977
2026-05-08 03:53:49,057 [WARNING] vk_bot: Chat 2000000015: ошибка доступа. Рассылка приостановлена.
2026-05-08 03:53:49,057 [WARNING] vk_bot: Рассылка остановлена: потерян доступ к чату 2000000015
2026-05-08 03:53:49,058 [WARNING] vk_bot: Рассылка приостановлена. Обработано чатов: 1
2026-05-08 03:55:48,484 [INFO] vk_bot: Создаю поток рассылки.
2026-05-08 03:55:48,484 [INFO] vk_bot: Рассылка запущена. Целевых чатов: 87
2026-05-08 03:55:48,485 [INFO] vk_bot: Рассылка: отправка в чат 2000000012
2026-05-08 03:55:48,485 [INFO] vk_bot: upload_message_photo: начинаем загрузку, message_photo_path=photo574393629_457242358_b6eb5a82321fba1977
2026-05-08 03:55:48,485 [INFO] vk_bot: attachment уже готов: photo574393629_457242358_b6eb5a82321fba1977
2026-05-08 03:55:48,657 [INFO] vk_bot: Рассылка: отправка в чат 2000000015
2026-05-08 03:55:48,658 [INFO] vk_bot: upload_message_photo: начинаем загрузку, message_photo_path=photo574393629_457242358_b6eb5a82321fba1977
2026-05-08 03:55:48,658 [INFO] vk_bot: attachment уже готов: photo574393629_457242358_b6eb5a82321fba1977
2026-05-08 03:55:49,051 [WARNING] vk_bot: Chat 2000000015: ошибка доступа. Рассылка приостановлена.
2026-05-08 03:55:49,052 [WARNING] vk_bot: Рассылка остановлена: потерян доступ к чату 2000000015
2026-05-08 03:55:49,053 [WARNING] vk_bot: Рассылка приостановлена. Обработано чатов: 1
2026-05-08 03:57:48,494 [INFO] vk_bot: Создаю поток рассылки.
2026-05-08 03:57:48,494 [INFO] vk_bot: Рассылка запущена. Целевых чатов: 87
2026-05-08 03:57:48,494 [INFO] vk_bot: Рассылка: отправка в чат 2000000012
2026-05-08 03:57:48,494 [INFO] vk_bot: upload_message_photo: начинаем загрузку, message_photo_path=photo574393629_457242358_b6eb5a82321fba1977
2026-05-08 03:57:48,495 [INFO] vk_bot: attachment уже готов: photo574393629_457242358_b6eb5a82321fba1977
2026-05-08 03:57:48,705 [INFO] vk_bot: Рассылка: отправка в чат 2000000015
2026-05-08 03:57:48,705 [INFO] vk_bot: upload_message_photo: начинаем загрузку, message_photo_path=photo574393629_457242358_b6eb5a82321fba1977
2026-05-08 03:57:48,705 [INFO] vk_bot: attachment уже готов: photo574393629_457242358_b6eb5a82321fba1977
2026-05-08 03:57:49,102 [WARNING] vk_bot: Chat 2000000015: ошибка доступа. Рассылка приостановлена.
2026-05-08 03:57:49,102 [WARNING] vk_bot: Рассылка остановлена: потерян доступ к чату 2000000015
2026-05-08 03:57:49,102 [WARNING] vk_bot: Рассылка приостановлена. Обработано чатов: 1
2026-05-08 03:59:48,502 [INFO] vk_bot: Создаю поток рассылки.
2026-05-08 03:59:48,503 [INFO] vk_bot: Рассылка запущена. Целевых чатов: 87
2026-05-08 03:59:48,503 [INFO] vk_bot: Рассылка: отправка в чат 2000000012
2026-05-08 03:59:48,503 [INFO] vk_bot: upload_message_photo: начинаем загрузку, message_photo_path=photo574393629_457242358_b6eb5a82321fba1977
2026-05-08 03:59:48,504 [INFO] vk_bot: attachment уже готов: photo574393629_457242358_b6eb5a82321fba1977
2026-05-08 03:59:48,671 [INFO] vk_bot: Рассылка: отправка в чат 2000000015
2026-05-08 03:59:48,671 [INFO] vk_bot: upload_message_photo: начинаем загрузку, message_photo_path=photo574393629_457242358_b6eb5a82321fba1977
2026-05-08 03:59:48,671 [INFO] vk_bot: attachment уже готов: photo574393629_457242358_b6eb5a82321fba1977
2026-05-08 03:59:49,069 [WARNING] vk_bot: Chat 2000000015: ошибка доступа. Рассылка приостановлена.
2026-05-08 03:59:49,070 [WARNING] vk_bot: Рассылка остановлена: потерян доступ к чату 2000000015
2026-05-08 03:59:49,070 [WARNING] vk_bot: Рассылка приостановлена. Обработано чатов: 1
2026-05-08 04:01:48,516 [INFO] vk_bot: Создаю поток рассылки.
2026-05-08 04:01:48,517 [INFO] vk_bot: Рассылка запущена. Целевых чатов: 87
2026-05-08 04:01:48,517 [INFO] vk_bot: Рассылка: отправка в чат 2000000012
2026-05-08 04:01:48,517 [INFO] vk_bot: upload_message_photo: начинаем загрузку, message_photo_path=photo574393629_457242358_b6eb5a82321fba1977
2026-05-08 04:01:48,517 [INFO] vk_bot: attachment уже готов: photo574393629_457242358_b6eb5a82321fba1977
2026-05-08 04:01:48,713 [INFO] vk_bot: Рассылка: отправка в чат 2000000015
2026-05-08 04:01:48,713 [INFO] vk_bot: upload_message_photo: начинаем загрузку, message_photo_path=photo574393629_457242358_b6eb5a82321fba1977
2026-05-08 04:01:48,714 [INFO] vk_bot: attachment уже готов: photo574393629_457242358_b6eb5a82321fba1977
2026-05-08 04:01:49,119 [WARNING] vk_bot: Chat 2000000015: ошибка доступа. Рассылка приостановлена.
2026-05-08 04:01:49,120 [WARNING] vk_bot: Рассылка остановлена: потерян доступ к чату 2000000015
2026-05-08 04:01:49,120 [WARNING] vk_bot: Рассылка приостановлена. Обработано чатов: 1
2026-05-08 04:03:48,528 [INFO] vk_bot: Создаю поток рассылки.
2026-05-08 04:03:48,528 [INFO] vk_bot: Рассылка запущена. Целевых чатов: 87
2026-05-08 04:03:48,528 [INFO] vk_bot: Рассылка: отправка в чат 2000000012
2026-05-08 04:03:48,528 [INFO] vk_bot: upload_message_photo: начинаем загрузку, message_photo_path=photo574393629_457242358_b6eb5a82321fba1977
2026-05-08 04:03:48,528 [INFO] vk_bot: attachment уже готов: photo574393629_457242358_b6eb5a82321fba1977
2026-05-08 04:03:48,702 [INFO] vk_bot: Рассылка: отправка в чат 2000000015
2026-05-08 04:03:48,703 [INFO] vk_bot: upload_message_photo: начинаем загрузку, message_photo_path=photo574393629_457242358_b6eb5a82321fba1977
2026-05-08 04:03:48,703 [INFO] vk_bot: attachment уже готов: photo574393629_457242358_b6eb5a82321fba1977
2026-05-08 04:03:49,100 [WARNING] vk_bot: Chat 2000000015: ошибка доступа. Рассылка приостановлена.
2026-05-08 04:03:49,100 [WARNING] vk_bot: Рассылка остановлена: потерян доступ к чату 2000000015
2026-05-08 04:03:49,100 [WARNING] vk_bot: Рассылка приостановлена. Обработано чатов: 1
2026-05-08 04:05:48,537 [INFO] vk_bot: Создаю поток рассылки.
2026-05-08 04:05:48,537 [INFO] vk_bot: Рассылка запущена. Целевых чатов: 87
2026-05-08 04:05:48,538 [INFO] vk_bot: Рассылка: отправка в чат 2000000012
2026-05-08 04:05:48,538 [INFO] vk_bot: upload_message_photo: начинаем загрузку, message_photo_path=photo574393629_457242358_b6eb5a82321fba1977
2026-05-08 04:05:48,538 [INFO] vk_bot: attachment уже готов: photo574393629_457242358_b6eb5a82321fba1977
2026-05-08 04:05:48,742 [INFO] vk_bot: Рассылка: отправка в чат 2000000015
2026-05-08 04:05:48,742 [INFO] vk_bot: upload_message_photo: начинаем загрузку, message_photo_path=photo574393629_457242358_b6eb5a82321fba1977
2026-05-08 04:05:48,742 [INFO] vk_bot: attachment уже готов: photo574393629_457242358_b6eb5a82321fba1977
2026-05-08 04:05:49,138 [WARNING] vk_bot: Chat 2000000015: ошибка доступа. Рассылка приостановлена.
2026-05-08 04:05:49,139 [WARNING] vk_bot: Рассылка остановлена: потерян доступ к чату 2000000015
2026-05-08 04:05:49,139 [WARNING] vk_bot: Рассылка приостановлена. Обработано чатов: 1
2026-05-08 04:07:48,547 [INFO] vk_bot: Создаю поток рассылки.
2026-05-08 04:07:48,548 [INFO] vk_bot: Рассылка запущена. Целевых чатов: 87
2026-05-08 04:07:48,548 [INFO] vk_bot: Рассылка: отправка в чат 2000000012
2026-05-08 04:07:48,548 [INFO] vk_bot: upload_message_photo: начинаем загрузку, message_photo_path=photo574393629_457242358_b6eb5a82321fba1977
2026-05-08 04:07:48,549 [INFO] vk_bot: attachment уже готов: photo574393629_457242358_b6eb5a82321fba1977
2026-05-08 04:07:48,717 [INFO] vk_bot: Рассылка: отправка в чат 2000000015
2026-05-08 04:07:48,717 [INFO] vk_bot: upload_message_photo: начинаем загрузку, message_photo_path=photo574393629_457242358_b6eb5a82321fba1977
2026-05-08 04:07:48,717 [INFO] vk_bot: attachment уже готов: photo574393629_457242358_b6eb5a82321fba1977
2026-05-08 04:07:49,125 [WARNING] vk_bot: Chat 2000000015: ошибка доступа. Рассылка приостановлена.
2026-05-08 04:07:49,125 [WARNING] vk_bot: Рассылка остановлена: потерян доступ к чату 2000000015
2026-05-08 04:07:49,126 [WARNING] vk_bot: Рассылка приостановлена. Обработано чатов: 1
2026-05-08 04:09:48,560 [INFO] vk_bot: Создаю поток рассылки.
2026-05-08 04:09:48,561 [INFO] vk_bot: Рассылка запущена. Целевых чатов: 87
2026-05-08 04:09:48,561 [INFO] vk_bot: Рассылка: отправка в чат 2000000012
2026-05-08 04:09:48,561 [INFO] vk_bot: upload_message_photo: начинаем загрузку, message_photo_path=photo574393629_457242358_b6eb5a82321fba1977
2026-05-08 04:09:48,561 [INFO] vk_bot: attachment уже готов: photo574393629_457242358_b6eb5a82321fba1977
2026-05-08 04:09:48,732 [INFO] vk_bot: Рассылка: отправка в чат 2000000015
2026-05-08 04:09:48,732 [INFO] vk_bot: upload_message_photo: начинаем загрузку, message_photo_path=photo574393629_457242358_b6eb5a82321fba1977
2026-05-08 04:09:48,732 [INFO] vk_bot: attachment уже готов: photo574393629_457242358_b6eb5a82321fba1977
2026-05-08 04:09:49,127 [WARNING] vk_bot: Chat 2000000015: ошибка доступа. Рассылка приостановлена.
2026-05-08 04:09:49,128 [WARNING] vk_bot: Рассылка остановлена: потерян доступ к чату 2000000015
2026-05-08 04:09:49,129 [WARNING] vk_bot: Рассылка приостановлена. Обработано чатов: 1
2026-05-08 04:11:48,572 [INFO] vk_bot: Создаю поток рассылки.
2026-05-08 04:11:48,572 [INFO] vk_bot: Рассылка запущена. Целевых чатов: 87
2026-05-08 04:11:48,573 [INFO] vk_bot: Рассылка: отправка в чат 2000000012
2026-05-08 04:11:48,573 [INFO] vk_bot: upload_message_photo: начинаем загрузку, message_photo_path=photo574393629_457242358_b6eb5a82321fba1977
2026-05-08 04:11:48,573 [INFO] vk_bot: attachment уже готов: photo574393629_457242358_b6eb5a82321fba1977
2026-05-08 04:11:48,739 [INFO] vk_bot: Рассылка: отправка в чат 2000000015
2026-05-08 04:11:48,739 [INFO] vk_bot: upload_message_photo: начинаем загрузку, message_photo_path=photo574393629_457242358_b6eb5a82321fba1977
2026-05-08 04:11:48,740 [INFO] vk_bot: attachment уже готов: photo574393629_457242358_b6eb5a82321fba1977
2026-05-08 04:11:49,138 [WARNING] vk_bot: Chat 2000000015: ошибка доступа. Рассылка приостановлена.
2026-05-08 04:11:49,138 [WARNING] vk_bot: Рассылка остановлена: потерян доступ к чату 2000000015
2026-05-08 04:11:49,138 [WARNING] vk_bot: Рассылка приостановлена. Обработано чатов: 1
2026-05-08 04:13:48,581 [INFO] vk_bot: Создаю поток рассылки.
2026-05-08 04:13:48,581 [INFO] vk_bot: Рассылка запущена. Целевых чатов: 87
2026-05-08 04:13:48,581 [INFO] vk_bot: Рассылка: отправка в чат 2000000012
2026-05-08 04:13:48,581 [INFO] vk_bot: upload_message_photo: начинаем загрузку, message_photo_path=photo574393629_457242358_b6eb5a82321fba1977
2026-05-08 04:13:48,581 [INFO] vk_bot: attachment уже готов: photo574393629_457242358_b6eb5a82321fba1977
2026-05-08 04:13:48,757 [INFO] vk_bot: Рассылка: отправка в чат 2000000015
2026-05-08 04:13:48,757 [INFO] vk_bot: upload_message_photo: начинаем загрузку, message_photo_path=photo574393629_457242358_b6eb5a82321fba1977
2026-05-08 04:13:48,757 [INFO] vk_bot: attachment уже готов: photo574393629_457242358_b6eb5a82321fba1977
2026-05-08 04:13:49,154 [WARNING] vk_bot: Chat 2000000015: ошибка доступа. Рассылка приостановлена.
2026-05-08 04:13:49,154 [WARNING] vk_bot: Рассылка остановлена: потерян доступ к чату 2000000015
2026-05-08 04:13:49,154 [WARNING] vk_bot: Рассылка приостановлена. Обработано чатов: 1
2026-05-08 04:15:48,591 [INFO] vk_bot: Создаю поток рассылки.
2026-05-08 04:15:48,592 [INFO] vk_bot: Рассылка запущена. Целевых чатов: 87
2026-05-08 04:15:48,592 [INFO] vk_bot: Рассылка: отправка в чат 2000000012
2026-05-08 04:15:48,592 [INFO] vk_bot: upload_message_photo: начинаем загрузку, message_photo_path=photo574393629_457242358_b6eb5a82321fba1977
2026-05-08 04:15:48,592 [INFO] vk_bot: attachment уже готов: photo574393629_457242358_b6eb5a82321fba1977
2026-05-08 04:15:48,763 [INFO] vk_bot: Рассылка: отправка в чат 2000000015
2026-05-08 04:15:48,763 [INFO] vk_bot: upload_message_photo: начинаем загрузку, message_photo_path=photo574393629_457242358_b6eb5a82321fba1977
2026-05-08 04:15:48,763 [INFO] vk_bot: attachment уже готов: photo574393629_457242358_b6eb5a82321fba1977
2026-05-08 04:15:49,163 [WARNING] vk_bot: Chat 2000000015: ошибка доступа. Рассылка приостановлена.
2026-05-08 04:15:49,163 [WARNING] vk_bot: Рассылка остановлена: потерян доступ к чату 2000000015
2026-05-08 04:15:49,163 [WARNING] vk_bot: Рассылка приостановлена. Обработано чатов: 1
2026-05-08 04:17:48,601 [INFO] vk_bot: Создаю поток рассылки.
2026-05-08 04:17:48,601 [INFO] vk_bot: Рассылка запущена. Целевых чатов: 87
2026-05-08 04:17:48,602 [INFO] vk_bot: Рассылка: отправка в чат 2000000012
2026-05-08 04:17:48,602 [INFO] vk_bot: upload_message_photo: начинаем загрузку, message_photo_path=photo574393629_457242358_b6eb5a82321fba1977
2026-05-08 04:17:48,602 [INFO] vk_bot: attachment уже готов: photo574393629_457242358_b6eb5a82321fba1977
2026-05-08 04:17:48,776 [INFO] vk_bot: Рассылка: отправка в чат 2000000015
2026-05-08 04:17:48,776 [INFO] vk_bot: upload_message_photo: начинаем загрузку, message_photo_path=photo574393629_457242358_b6eb5a82321fba1977
2026-05-08 04:17:48,776 [INFO] vk_bot: attachment уже готов: photo574393629_457242358_b6eb5a82321fba1977
2026-05-08 04:17:49,173 [WARNING] vk_bot: Chat 2000000015: ошибка доступа. Рассылка приостановлена.
2026-05-08 04:17:49,173 [WARNING] vk_bot: Рассылка остановлена: потерян доступ к чату 2000000015
2026-05-08 04:17:49,173 [WARNING] vk_bot: Рассылка приостановлена. Обработано чатов: 1
2026-05-08 04:19:48,612 [INFO] vk_bot: Создаю поток рассылки.
2026-05-08 04:19:48,613 [INFO] vk_bot: Рассылка запущена. Целевых чатов: 87
2026-05-08 04:19:48,613 [INFO] vk_bot: Рассылка: отправка в чат 2000000012
2026-05-08 04:19:48,613 [INFO] vk_bot: upload_message_photo: начинаем загрузку, message_photo_path=photo574393629_457242358_b6eb5a82321fba1977
2026-05-08 04:19:48,613 [INFO] vk_bot: attachment уже готов: photo574393629_457242358_b6eb5a82321fba1977
2026-05-08 04:19:48,850 [INFO] vk_bot: Рассылка: отправка в чат 2000000015
2026-05-08 04:19:48,850 [INFO] vk_bot: upload_message_photo: начинаем загрузку, message_photo_path=photo574393629_457242358_b6eb5a82321fba1977
2026-05-08 04:19:48,850 [INFO] vk_bot: attachment уже готов: photo574393629_457242358_b6eb5a82321fba1977
2026-05-08 04:19:49,252 [WARNING] vk_bot: Chat 2000000015: ошибка доступа. Рассылка приостановлена.
2026-05-08 04:19:49,253 [WARNING] vk_bot: Рассылка остановлена: потерян доступ к чату 2000000015
2026-05-08 04:19:49,253 [WARNING] vk_bot: Рассылка приостановлена. Обработано чатов: 1
2026-05-08 04:21:48,624 [INFO] vk_bot: Создаю поток рассылки.
2026-05-08 04:21:48,624 [INFO] vk_bot: Рассылка запущена. Целевых чатов: 87
2026-05-08 04:21:48,624 [INFO] vk_bot: Рассылка: отправка в чат 2000000012
2026-05-08 04:21:48,625 [INFO] vk_bot: upload_message_photo: начинаем загрузку, message_photo_path=photo574393629_457242358_b6eb5a82321fba1977
2026-05-08 04:21:48,625 [INFO] vk_bot: attachment уже готов: photo574393629_457242358_b6eb5a82321fba1977
2026-05-08 04:21:48,807 [INFO] vk_bot: Рассылка: отправка в чат 2000000015
2026-05-08 04:21:48,807 [INFO] vk_bot: upload_message_photo: начинаем загрузку, message_photo_path=photo574393629_457242358_b6eb5a82321fba1977
2026-05-08 04:21:48,807 [INFO] vk_bot: attachment уже готов: photo574393629_457242358_b6eb5a82321fba1977
2026-05-08 04:21:49,205 [WARNING] vk_bot: Chat 2000000015: ошибка доступа. Рассылка приостановлена.
2026-05-08 04:21:49,205 [WARNING] vk_bot: Рассылка остановлена: потерян доступ к чату 2000000015
2026-05-08 04:21:49,205 [WARNING] vk_bot: Рассылка приостановлена. Обработано чатов: 1
2026-05-08 04:23:48,634 [INFO] vk_bot: Создаю поток рассылки.
2026-05-08 04:23:48,635 [INFO] vk_bot: Рассылка запущена. Целевых чатов: 87
2026-05-08 04:23:48,635 [INFO] vk_bot: Рассылка: отправка в чат 2000000012
2026-05-08 04:23:48,635 [INFO] vk_bot: upload_message_photo: начинаем загрузку, message_photo_path=photo574393629_457242358_b6eb5a82321fba1977
2026-05-08 04:23:48,635 [INFO] vk_bot: attachment уже готов: photo574393629_457242358_b6eb5a82321fba1977
2026-05-08 04:23:48,871 [INFO] vk_bot: Рассылка: отправка в чат 2000000015
2026-05-08 04:23:48,871 [INFO] vk_bot: upload_message_photo: начинаем загрузку, message_photo_path=photo574393629_457242358_b6eb5a82321fba1977
2026-05-08 04:23:48,872 [INFO] vk_bot: attachment уже готов: photo574393629_457242358_b6eb5a82321fba1977
2026-05-08 04:23:49,278 [WARNING] vk_bot: Chat 2000000015: ошибка доступа. Рассылка приостановлена.
2026-05-08 04:23:49,278 [WARNING] vk_bot: Рассылка остановлена: потерян доступ к чату 2000000015
2026-05-08 04:23:49,278 [WARNING] vk_bot: Рассылка приостановлена. Обработано чатов: 1
2026-05-08 04:25:48,646 [INFO] vk_bot: Создаю поток рассылки.
2026-05-08 04:25:48,646 [INFO] vk_bot: Рассылка запущена. Целевых чатов: 87
2026-05-08 04:25:48,646 [INFO] vk_bot: Рассылка: отправка в чат 2000000012
2026-05-08 04:25:48,646 [INFO] vk_bot: upload_message_photo: начинаем загрузку, message_photo_path=photo574393629_457242358_b6eb5a82321fba1977
2026-05-08 04:25:48,647 [INFO] vk_bot: attachment уже готов: photo574393629_457242358_b6eb5a82321fba1977
2026-05-08 04:25:48,875 [INFO] vk_bot: Рассылка: отправка в чат 2000000015
2026-05-08 04:25:48,875 [INFO] vk_bot: upload_message_photo: начинаем загрузку, message_photo_path=photo574393629_457242358_b6eb5a82321fba1977
2026-05-08 04:25:48,875 [INFO] vk_bot: attachment уже готов: photo574393629_457242358_b6eb5a82321fba1977
2026-05-08 04:25:49,276 [WARNING] vk_bot: Chat 2000000015: ошибка доступа. Рассылка приостановлена.
2026-05-08 04:25:49,276 [WARNING] vk_bot: Рассылка остановлена: потерян доступ к чату 2000000015
2026-05-08 04:25:49,277 [WARNING] vk_bot: Рассылка приостановлена. Обработано чатов: 1
2026-05-08 04:27:48,656 [INFO] vk_bot: Создаю поток рассылки.
2026-05-08 04:27:48,656 [INFO] vk_bot: Рассылка запущена. Целевых чатов: 87
2026-05-08 04:27:48,656 [INFO] vk_bot: Рассылка: отправка в чат 2000000012
2026-05-08 04:27:48,656 [INFO] vk_bot: upload_message_photo: начинаем загрузку, message_photo_path=photo574393629_457242358_b6eb5a82321fba1977
2026-05-08 04:27:48,656 [INFO] vk_bot: attachment уже готов: photo574393629_457242358_b6eb5a82321fba1977
2026-05-08 04:27:48,874 [INFO] vk_bot: Рассылка: отправка в чат 2000000015
2026-05-08 04:27:48,874 [INFO] vk_bot: upload_message_photo: начинаем загрузку, message_photo_path=photo574393629_457242358_b6eb5a82321fba1977
2026-05-08 04:27:48,874 [INFO] vk_bot: attachment уже готов: photo574393629_457242358_b6eb5a82321fba1977
2026-05-08 04:27:49,270 [WARNING] vk_bot: Chat 2000000015: ошибка доступа. Рассылка приостановлена.
2026-05-08 04:27:49,270 [WARNING] vk_bot: Рассылка остановлена: потерян доступ к чату 2000000015
2026-05-08 04:27:49,270 [WARNING] vk_bot: Рассылка приостановлена. Обработано чатов: 1
2026-05-08 04:29:48,664 [INFO] vk_bot: Создаю поток рассылки.
2026-05-08 04:29:48,665 [INFO] vk_bot: Рассылка запущена. Целевых чатов: 87
2026-05-08 04:29:48,665 [INFO] vk_bot: Рассылка: отправка в чат 2000000012
2026-05-08 04:29:48,665 [INFO] vk_bot: upload_message_photo: начинаем загрузку, message_photo_path=photo574393629_457242358_b6eb5a82321fba1977
2026-05-08 04:29:48,665 [INFO] vk_bot: attachment уже готов: photo574393629_457242358_b6eb5a82321fba1977
2026-05-08 04:29:48,905 [INFO] vk_bot: Рассылка: отправка в чат 2000000015
2026-05-08 04:29:48,905 [INFO] vk_bot: upload_message_photo: начинаем загрузку, message_photo_path=photo574393629_457242358_b6eb5a82321fba1977
2026-05-08 04:29:48,905 [INFO] vk_bot: attachment уже готов: photo574393629_457242358_b6eb5a82321fba1977
2026-05-08 04:29:49,298 [WARNING] vk_bot: Chat 2000000015: ошибка доступа. Рассылка приостановлена.
2026-05-08 04:29:49,298 [WARNING] vk_bot: Рассылка остановлена: потерян доступ к чату 2000000015
2026-05-08 04:29:49,298 [WARNING] vk_bot: Рассылка приостановлена. Обработано чатов: 1
2026-05-08 04:31:48,672 [INFO] vk_bot: Создаю поток рассылки.
2026-05-08 04:31:48,673 [INFO] vk_bot: Рассылка запущена. Целевых чатов: 87
2026-05-08 04:31:48,673 [INFO] vk_bot: Рассылка: отправка в чат 2000000012
2026-05-08 04:31:48,673 [INFO] vk_bot: upload_message_photo: начинаем загрузку, message_photo_path=photo574393629_457242358_b6eb5a82321fba1977
2026-05-08 04:31:48,673 [INFO] vk_bot: attachment уже готов: photo574393629_457242358_b6eb5a82321fba1977
2026-05-08 04:31:48,928 [INFO] vk_bot: Рассылка: отправка в чат 2000000015
2026-05-08 04:31:48,929 [INFO] vk_bot: upload_message_photo: начинаем загрузку, message_photo_path=photo574393629_457242358_b6eb5a82321fba1977
2026-05-08 04:31:48,929 [INFO] vk_bot: attachment уже готов: photo574393629_457242358_b6eb5a82321fba1977
2026-05-08 04:31:49,373 [WARNING] vk_bot: Chat 2000000015: ошибка доступа. Рассылка приостановлена.
2026-05-08 04:31:49,373 [WARNING] vk_bot: Рассылка остановлена: потерян доступ к чату 2000000015
2026-05-08 04:31:49,373 [WARNING] vk_bot: Рассылка приостановлена. Обработано чатов: 1
2026-05-08 04:33:48,682 [INFO] vk_bot: Создаю поток рассылки.
2026-05-08 04:33:48,683 [INFO] vk_bot: Рассылка запущена. Целевых чатов: 87
2026-05-08 04:33:48,683 [INFO] vk_bot: Рассылка: отправка в чат 2000000012
2026-05-08 04:33:48,683 [INFO] vk_bot: upload_message_photo: начинаем загрузку, message_photo_path=photo574393629_457242358_b6eb5a82321fba1977
2026-05-08 04:33:48,683 [INFO] vk_bot: attachment уже готов: photo574393629_457242358_b6eb5a82321fba1977
2026-05-08 04:33:48,848 [INFO] vk_bot: Рассылка: отправка в чат 2000000015
2026-05-08 04:33:48,848 [INFO] vk_bot: upload_message_photo: начинаем загрузку, message_photo_path=photo574393629_457242358_b6eb5a82321fba1977
2026-05-08 04:33:48,848 [INFO] vk_bot: attachment уже готов: photo574393629_457242358_b6eb5a82321fba1977
2026-05-08 04:33:49,251 [WARNING] vk_bot: Chat 2000000015: ошибка доступа. Рассылка приостановлена.
2026-05-08 04:33:49,251 [WARNING] vk_bot: Рассылка остановлена: потерян доступ к чату 2000000015
2026-05-08 04:33:49,252 [WARNING] vk_bot: Рассылка приостановлена. Обработано чатов: 1
2026-05-08 04:35:48,691 [INFO] vk_bot: Создаю поток рассылки.
2026-05-08 04:35:48,692 [INFO] vk_bot: Рассылка запущена. Целевых чатов: 87
2026-05-08 04:35:48,692 [INFO] vk_bot: Рассылка: отправка в чат 2000000012
2026-05-08 04:35:48,692 [INFO] vk_bot: upload_message_photo: начинаем загрузку, message_photo_path=photo574393629_457242358_b6eb5a82321fba1977
2026-05-08 04:35:48,692 [INFO] vk_bot: attachment уже готов: photo574393629_457242358_b6eb5a82321fba1977
2026-05-08 04:35:48,913 [INFO] vk_bot: Рассылка: отправка в чат 2000000015
2026-05-08 04:35:48,913 [INFO] vk_bot: upload_message_photo: начинаем загрузку, message_photo_path=photo574393629_457242358_b6eb5a82321fba1977
2026-05-08 04:35:48,913 [INFO] vk_bot: attachment уже готов: photo574393629_457242358_b6eb5a82321fba1977
2026-05-08 04:35:49,318 [WARNING] vk_bot: Chat 2000000015: ошибка доступа. Рассылка приостановлена.
2026-05-08 04:35:49,318 [WARNING] vk_bot: Рассылка остановлена: потерян доступ к чату 2000000015
2026-05-08 04:35:49,318 [WARNING] vk_bot: Рассылка приостановлена. Обработано чатов: 1
2026-05-08 04:37:48,703 [INFO] vk_bot: Создаю поток рассылки.
2026-05-08 04:37:48,703 [INFO] vk_bot: Рассылка запущена. Целевых чатов: 87
2026-05-08 04:37:48,703 [INFO] vk_bot: Рассылка: отправка в чат 2000000012
2026-05-08 04:37:48,703 [INFO] vk_bot: upload_message_photo: начинаем загрузку, message_photo_path=photo574393629_457242358_b6eb5a82321fba1977
2026-05-08 04:37:48,704 [INFO] vk_bot: attachment уже готов: photo574393629_457242358_b6eb5a82321fba1977
2026-05-08 04:37:48,940 [INFO] vk_bot: Рассылка: отправка в чат 2000000015
2026-05-08 04:37:48,941 [INFO] vk_bot: upload_message_photo: начинаем загрузку, message_photo_path=photo574393629_457242358_b6eb5a82321fba1977
2026-05-08 04:37:48,941 [INFO] vk_bot: attachment уже готов: photo574393629_457242358_b6eb5a82321fba1977
2026-05-08 04:37:49,340 [WARNING] vk_bot: Chat 2000000015: ошибка доступа. Рассылка приостановлена.
2026-05-08 04:37:49,340 [WARNING] vk_bot: Рассылка остановлена: потерян доступ к чату 2000000015
2026-05-08 04:37:49,340 [WARNING] vk_bot: Рассылка приостановлена. Обработано чатов: 1
2026-05-08 04:39:48,714 [INFO] vk_bot: Создаю поток рассылки.
2026-05-08 04:39:48,715 [INFO] vk_bot: Рассылка запущена. Целевых чатов: 87
2026-05-08 04:39:48,715 [INFO] vk_bot: Рассылка: отправка в чат 2000000012
2026-05-08 04:39:48,716 [INFO] vk_bot: upload_message_photo: начинаем загрузку, message_photo_path=photo574393629_457242358_b6eb5a82321fba1977
2026-05-08 04:39:48,716 [INFO] vk_bot: attachment уже готов: photo574393629_457242358_b6eb5a82321fba1977
2026-05-08 04:39:48,871 [INFO] vk_bot: Рассылка: отправка в чат 2000000015
2026-05-08 04:39:48,871 [INFO] vk_bot: upload_message_photo: начинаем загрузку, message_photo_path=photo574393629_457242358_b6eb5a82321fba1977
2026-05-08 04:39:48,871 [INFO] vk_bot: attachment уже готов: photo574393629_457242358_b6eb5a82321fba1977
2026-05-08 04:39:49,614 [WARNING] vk_bot: Chat 2000000015: ошибка доступа. Рассылка приостановлена.
2026-05-08 04:39:49,614 [WARNING] vk_bot: Рассылка остановлена: потерян доступ к чату 2000000015
2026-05-08 04:39:49,615 [WARNING] vk_bot: Рассылка приостановлена. Обработано чатов: 1
2026-05-08 04:41:48,725 [INFO] vk_bot: Создаю поток рассылки.
2026-05-08 04:41:48,727 [INFO] vk_bot: Рассылка запущена. Целевых чатов: 87
2026-05-08 04:41:48,727 [INFO] vk_bot: Рассылка: отправка в чат 2000000012
2026-05-08 04:41:48,727 [INFO] vk_bot: upload_message_photo: начинаем загрузку, message_photo_path=photo574393629_457242358_b6eb5a82321fba1977
2026-05-08 04:41:48,727 [INFO] vk_bot: attachment уже готов: photo574393629_457242358_b6eb5a82321fba1977
2026-05-08 04:41:48,935 [INFO] vk_bot: Рассылка: отправка в чат 2000000015
2026-05-08 04:41:48,935 [INFO] vk_bot: upload_message_photo: начинаем загрузку, message_photo_path=photo574393629_457242358_b6eb5a82321fba1977
2026-05-08 04:41:48,936 [INFO] vk_bot: attachment уже готов: photo574393629_457242358_b6eb5a82321fba1977
2026-05-08 04:41:49,336 [WARNING] vk_bot: Chat 2000000015: ошибка доступа. Рассылка приостановлена.
2026-05-08 04:41:49,336 [WARNING] vk_bot: Рассылка остановлена: потерян доступ к чату 2000000015
2026-05-08 04:41:49,336 [WARNING] vk_bot: Рассылка приостановлена. Обработано чатов: 1
2026-05-08 04:43:48,737 [INFO] vk_bot: Создаю поток рассылки.
2026-05-08 04:43:48,739 [INFO] vk_bot: Рассылка запущена. Целевых чатов: 87
2026-05-08 04:43:48,739 [INFO] vk_bot: Рассылка: отправка в чат 2000000012
2026-05-08 04:43:48,739 [INFO] vk_bot: upload_message_photo: начинаем загрузку, message_photo_path=photo574393629_457242358_b6eb5a82321fba1977
2026-05-08 04:43:48,739 [INFO] vk_bot: attachment уже готов: photo574393629_457242358_b6eb5a82321fba1977
2026-05-08 04:43:48,970 [INFO] vk_bot: Рассылка: отправка в чат 2000000015
2026-05-08 04:43:48,970 [INFO] vk_bot: upload_message_photo: начинаем загрузку, message_photo_path=photo574393629_457242358_b6eb5a82321fba1977
2026-05-08 04:43:48,970 [INFO] vk_bot: attachment уже готов: photo574393629_457242358_b6eb5a82321fba1977
2026-05-08 04:43:49,381 [WARNING] vk_bot: Chat 2000000015: ошибка доступа. Рассылка приостановлена.
2026-05-08 04:43:49,381 [WARNING] vk_bot: Рассылка остановлена: потерян доступ к чату 2000000015
2026-05-08 04:43:49,381 [WARNING] vk_bot: Рассылка приостановлена. Обработано чатов: 1
2026-05-08 04:45:48,749 [INFO] vk_bot: Создаю поток рассылки.
2026-05-08 04:45:48,750 [INFO] vk_bot: Рассылка запущена. Целевых чатов: 87
2026-05-08 04:45:48,750 [INFO] vk_bot: Рассылка: отправка в чат 2000000012
2026-05-08 04:45:48,750 [INFO] vk_bot: upload_message_photo: начинаем загрузку, message_photo_path=photo574393629_457242358_b6eb5a82321fba1977
2026-05-08 04:45:48,750 [INFO] vk_bot: attachment уже готов: photo574393629_457242358_b6eb5a82321fba1977
2026-05-08 04:45:48,944 [INFO] vk_bot: Рассылка: отправка в чат 2000000015
2026-05-08 04:45:48,944 [INFO] vk_bot: upload_message_photo: начинаем загрузку, message_photo_path=photo574393629_457242358_b6eb5a82321fba1977
2026-05-08 04:45:48,944 [INFO] vk_bot: attachment уже готов: photo574393629_457242358_b6eb5a82321fba1977
2026-05-08 04:45:49,337 [WARNING] vk_bot: Chat 2000000015: ошибка доступа. Рассылка приостановлена.
2026-05-08 04:45:49,338 [WARNING] vk_bot: Рассылка остановлена: потерян доступ к чату 2000000015
2026-05-08 04:45:49,338 [WARNING] vk_bot: Рассылка приостановлена. Обработано чатов: 1
2026-05-08 04:47:48,760 [INFO] vk_bot: Создаю поток рассылки.
2026-05-08 04:47:48,760 [INFO] vk_bot: Рассылка запущена. Целевых чатов: 87
2026-05-08 04:47:48,760 [INFO] vk_bot: Рассылка: отправка в чат 2000000012
2026-05-08 04:47:48,760 [INFO] vk_bot: upload_message_photo: начинаем загрузку, message_photo_path=photo574393629_457242358_b6eb5a82321fba1977
2026-05-08 04:47:48,761 [INFO] vk_bot: attachment уже готов: photo574393629_457242358_b6eb5a82321fba1977
2026-05-08 04:47:48,969 [INFO] vk_bot: Рассылка: отправка в чат 2000000015
2026-05-08 04:47:48,970 [INFO] vk_bot: upload_message_photo: начинаем загрузку, message_photo_path=photo574393629_457242358_b6eb5a82321fba1977
2026-05-08 04:47:48,970 [INFO] vk_bot: attachment уже готов: photo574393629_457242358_b6eb5a82321fba1977
2026-05-08 04:47:49,368 [WARNING] vk_bot: Chat 2000000015: ошибка доступа. Рассылка приостановлена.
2026-05-08 04:47:49,368 [WARNING] vk_bot: Рассылка остановлена: потерян доступ к чату 2000000015
2026-05-08 04:47:49,368 [WARNING] vk_bot: Рассылка приостановлена. Обработано чатов: 1
2026-05-08 04:49:48,769 [INFO] vk_bot: Создаю поток рассылки.
2026-05-08 04:49:48,770 [INFO] vk_bot: Рассылка запущена. Целевых чатов: 87
2026-05-08 04:49:48,770 [INFO] vk_bot: Рассылка: отправка в чат 2000000012
2026-05-08 04:49:48,770 [INFO] vk_bot: upload_message_photo: начинаем загрузку, message_photo_path=photo574393629_457242358_b6eb5a82321fba1977
2026-05-08 04:49:48,770 [INFO] vk_bot: attachment уже готов: photo574393629_457242358_b6eb5a82321fba1977
2026-05-08 04:49:48,986 [INFO] vk_bot: Рассылка: отправка в чат 2000000015
2026-05-08 04:49:48,986 [INFO] vk_bot: upload_message_photo: начинаем загрузку, message_photo_path=photo574393629_457242358_b6eb5a82321fba1977
2026-05-08 04:49:48,986 [INFO] vk_bot: attachment уже готов: photo574393629_457242358_b6eb5a82321fba1977
2026-05-08 04:49:49,383 [WARNING] vk_bot: Chat 2000000015: ошибка доступа. Рассылка приостановлена.
2026-05-08 04:49:49,383 [WARNING] vk_bot: Рассылка остановлена: потерян доступ к чату 2000000015
2026-05-08 04:49:49,384 [WARNING] vk_bot: Рассылка приостановлена. Обработано чатов: 1
2026-05-08 04:51:48,780 [INFO] vk_bot: Создаю поток рассылки.
2026-05-08 04:51:48,781 [INFO] vk_bot: Рассылка запущена. Целевых чатов: 87
2026-05-08 04:51:48,781 [INFO] vk_bot: Рассылка: отправка в чат 2000000012
2026-05-08 04:51:48,781 [INFO] vk_bot: upload_message_photo: начинаем загрузку, message_photo_path=photo574393629_457242358_b6eb5a82321fba1977
2026-05-08 04:51:48,781 [INFO] vk_bot: attachment уже готов: photo574393629_457242358_b6eb5a82321fba1977
2026-05-08 04:51:48,994 [INFO] vk_bot: Рассылка: отправка в чат 2000000015
2026-05-08 04:51:48,995 [INFO] vk_bot: upload_message_photo: начинаем загрузку, message_photo_path=photo574393629_457242358_b6eb5a82321fba1977
2026-05-08 04:51:48,995 [INFO] vk_bot: attachment уже готов: photo574393629_457242358_b6eb5a82321fba1977
2026-05-08 04:51:49,404 [WARNING] vk_bot: Chat 2000000015: ошибка доступа. Рассылка приостановлена.
2026-05-08 04:51:49,404 [WARNING] vk_bot: Рассылка остановлена: потерян доступ к чату 2000000015
2026-05-08 04:51:49,404 [WARNING] vk_bot: Рассылка приостановлена. Обработано чатов: 1
2026-05-08 04:53:48,790 [INFO] vk_bot: Создаю поток рассылки.
2026-05-08 04:53:48,790 [INFO] vk_bot: Рассылка запущена. Целевых чатов: 87
2026-05-08 04:53:48,791 [INFO] vk_bot: Рассылка: отправка в чат 2000000012
2026-05-08 04:53:48,791 [INFO] vk_bot: upload_message_photo: начинаем загрузку, message_photo_path=photo574393629_457242358_b6eb5a82321fba1977
2026-05-08 04:53:48,791 [INFO] vk_bot: attachment уже готов: photo574393629_457242358_b6eb5a82321fba1977
2026-05-08 04:53:49,038 [INFO] vk_bot: Рассылка: отправка в чат 2000000015
2026-05-08 04:53:49,039 [INFO] vk_bot: upload_message_photo: начинаем загрузку, message_photo_path=photo574393629_457242358_b6eb5a82321fba1977
2026-05-08 04:53:49,039 [INFO] vk_bot: attachment уже готов: photo574393629_457242358_b6eb5a82321fba1977
2026-05-08 04:53:49,431 [WARNING] vk_bot: Chat 2000000015: ошибка доступа. Рассылка приостановлена.
2026-05-08 04:53:49,431 [WARNING] vk_bot: Рассылка остановлена: потерян доступ к чату 2000000015
2026-05-08 04:53:49,431 [WARNING] vk_bot: Рассылка приостановлена. Обработано чатов: 1
2026-05-08 04:55:48,799 [INFO] vk_bot: Создаю поток рассылки.
2026-05-08 04:55:48,800 [INFO] vk_bot: Рассылка запущена. Целевых чатов: 87
2026-05-08 04:55:48,800 [INFO] vk_bot: Рассылка: отправка в чат 2000000012
2026-05-08 04:55:48,800 [INFO] vk_bot: upload_message_photo: начинаем загрузку, message_photo_path=photo574393629_457242358_b6eb5a82321fba1977
2026-05-08 04:55:48,800 [INFO] vk_bot: attachment уже готов: photo574393629_457242358_b6eb5a82321fba1977
2026-05-08 04:55:48,994 [INFO] vk_bot: Рассылка: отправка в чат 2000000015
2026-05-08 04:55:48,995 [INFO] vk_bot: upload_message_photo: начинаем загрузку, message_photo_path=photo574393629_457242358_b6eb5a82321fba1977
2026-05-08 04:55:48,995 [INFO] vk_bot: attachment уже готов: photo574393629_457242358_b6eb5a82321fba1977
2026-05-08 04:55:49,403 [WARNING] vk_bot: Chat 2000000015: ошибка доступа. Рассылка приостановлена.
2026-05-08 04:55:49,403 [WARNING] vk_bot: Рассылка остановлена: потерян доступ к чату 2000000015
2026-05-08 04:55:49,403 [WARNING] vk_bot: Рассылка приостановлена. Обработано чатов: 1
2026-05-08 04:57:48,810 [INFO] vk_bot: Создаю поток рассылки.
2026-05-08 04:57:48,810 [INFO] vk_bot: Рассылка запущена. Целевых чатов: 87
2026-05-08 04:57:48,811 [INFO] vk_bot: Рассылка: отправка в чат 2000000012
2026-05-08 04:57:48,811 [INFO] vk_bot: upload_message_photo: начинаем загрузку, message_photo_path=photo574393629_457242358_b6eb5a82321fba1977
2026-05-08 04:57:48,811 [INFO] vk_bot: attachment уже готов: photo574393629_457242358_b6eb5a82321fba1977
2026-05-08 04:57:48,990 [INFO] vk_bot: Рассылка: отправка в чат 2000000015
2026-05-08 04:57:48,990 [INFO] vk_bot: upload_message_photo: начинаем загрузку, message_photo_path=photo574393629_457242358_b6eb5a82321fba1977
2026-05-08 04:57:48,991 [INFO] vk_bot: attachment уже готов: photo574393629_457242358_b6eb5a82321fba1977
2026-05-08 04:57:49,387 [WARNING] vk_bot: Chat 2000000015: ошибка доступа. Рассылка приостановлена.
2026-05-08 04:57:49,387 [WARNING] vk_bot: Рассылка остановлена: потерян доступ к чату 2000000015
2026-05-08 04:57:49,388 [WARNING] vk_bot: Рассылка приостановлена. Обработано чатов: 1
2026-05-08 04:59:48,819 [INFO] vk_bot: Создаю поток рассылки.
2026-05-08 04:59:48,821 [INFO] vk_bot: Рассылка запущена. Целевых чатов: 87
2026-05-08 04:59:48,821 [INFO] vk_bot: Рассылка: отправка в чат 2000000012
2026-05-08 04:59:48,821 [INFO] vk_bot: upload_message_photo: начинаем загрузку, message_photo_path=photo574393629_457242358_b6eb5a82321fba1977
2026-05-08 04:59:48,821 [INFO] vk_bot: attachment уже готов: photo574393629_457242358_b6eb5a82321fba1977
2026-05-08 04:59:49,018 [INFO] vk_bot: Рассылка: отправка в чат 2000000015
2026-05-08 04:59:49,018 [INFO] vk_bot: upload_message_photo: начинаем загрузку, message_photo_path=photo574393629_457242358_b6eb5a82321fba1977
2026-05-08 04:59:49,019 [INFO] vk_bot: attachment уже готов: photo574393629_457242358_b6eb5a82321fba1977
2026-05-08 04:59:49,429 [WARNING] vk_bot: Chat 2000000015: ошибка доступа. Рассылка приостановлена.
2026-05-08 04:59:49,429 [WARNING] vk_bot: Рассылка остановлена: потерян доступ к чату 2000000015
2026-05-08 04:59:49,429 [WARNING] vk_bot: Рассылка приостановлена. Обработано чатов: 1
2026-05-08 05:01:48,831 [INFO] vk_bot: Создаю поток рассылки.
2026-05-08 05:01:48,832 [INFO] vk_bot: Рассылка запущена. Целевых чатов: 87
2026-05-08 05:01:48,832 [INFO] vk_bot: Рассылка: отправка в чат 2000000012
2026-05-08 05:01:48,832 [INFO] vk_bot: upload_message_photo: начинаем загрузку, message_photo_path=photo574393629_457242358_b6eb5a82321fba1977
2026-05-08 05:01:48,832 [INFO] vk_bot: attachment уже готов: photo574393629_457242358_b6eb5a82321fba1977
2026-05-08 05:01:49,017 [INFO] vk_bot: Рассылка: отправка в чат 2000000015
2026-05-08 05:01:49,017 [INFO] vk_bot: upload_message_photo: начинаем загрузку, message_photo_path=photo574393629_457242358_b6eb5a82321fba1977
2026-05-08 05:01:49,018 [INFO] vk_bot: attachment уже готов: photo574393629_457242358_b6eb5a82321fba1977
2026-05-08 05:01:49,408 [WARNING] vk_bot: Chat 2000000015: ошибка доступа. Рассылка приостановлена.
2026-05-08 05:01:49,408 [WARNING] vk_bot: Рассылка остановлена: потерян доступ к чату 2000000015
2026-05-08 05:01:49,408 [WARNING] vk_bot: Рассылка приостановлена. Обработано чатов: 1
2026-05-08 05:03:48,841 [INFO] vk_bot: Создаю поток рассылки.
2026-05-08 05:03:48,841 [INFO] vk_bot: Рассылка запущена. Целевых чатов: 87
2026-05-08 05:03:48,842 [INFO] vk_bot: Рассылка: отправка в чат 2000000012
2026-05-08 05:03:48,842 [INFO] vk_bot: upload_message_photo: начинаем загрузку, message_photo_path=photo574393629_457242358_b6eb5a82321fba1977
2026-05-08 05:03:48,842 [INFO] vk_bot: attachment уже готов: photo574393629_457242358_b6eb5a82321fba1977
2026-05-08 05:03:49,020 [INFO] vk_bot: Рассылка: отправка в чат 2000000015
2026-05-08 05:03:49,020 [INFO] vk_bot: upload_message_photo: начинаем загрузку, message_photo_path=photo574393629_457242358_b6eb5a82321fba1977
2026-05-08 05:03:49,020 [INFO] vk_bot: attachment уже готов: photo574393629_457242358_b6eb5a82321fba1977
2026-05-08 05:03:49,417 [WARNING] vk_bot: Chat 2000000015: ошибка доступа. Рассылка приостановлена.
2026-05-08 05:03:49,418 [WARNING] vk_bot: Рассылка остановлена: потерян доступ к чату 2000000015
2026-05-08 05:03:49,418 [WARNING] vk_bot: Рассылка приостановлена. Обработано чатов: 1
2026-05-08 05:05:48,851 [INFO] vk_bot: Создаю поток рассылки.
2026-05-08 05:05:48,852 [INFO] vk_bot: Рассылка запущена. Целевых чатов: 87
2026-05-08 05:05:48,852 [INFO] vk_bot: Рассылка: отправка в чат 2000000012
2026-05-08 05:05:48,852 [INFO] vk_bot: upload_message_photo: начинаем загрузку, message_photo_path=photo574393629_457242358_b6eb5a82321fba1977
2026-05-08 05:05:48,852 [INFO] vk_bot: attachment уже готов: photo574393629_457242358_b6eb5a82321fba1977
2026-05-08 05:05:49,043 [INFO] vk_bot: Рассылка: отправка в чат 2000000015
2026-05-08 05:05:49,043 [INFO] vk_bot: upload_message_photo: начинаем загрузку, message_photo_path=photo574393629_457242358_b6eb5a82321fba1977
2026-05-08 05:05:49,043 [INFO] vk_bot: attachment уже готов: photo574393629_457242358_b6eb5a82321fba1977
2026-05-08 05:05:49,439 [WARNING] vk_bot: Chat 2000000015: ошибка доступа. Рассылка приостановлена.
2026-05-08 05:05:49,439 [WARNING] vk_bot: Рассылка остановлена: потерян доступ к чату 2000000015
2026-05-08 05:05:49,440 [WARNING] vk_bot: Рассылка приостановлена. Обработано чатов: 1
2026-05-08 05:07:48,862 [INFO] vk_bot: Создаю поток рассылки.
2026-05-08 05:07:48,862 [INFO] vk_bot: Рассылка запущена. Целевых чатов: 87
2026-05-08 05:07:48,862 [INFO] vk_bot: Рассылка: отправка в чат 2000000012
2026-05-08 05:07:48,862 [INFO] vk_bot: upload_message_photo: начинаем загрузку, message_photo_path=photo574393629_457242358_b6eb5a82321fba1977
2026-05-08 05:07:48,862 [INFO] vk_bot: attachment уже готов: photo574393629_457242358_b6eb5a82321fba1977
2026-05-08 05:07:49,047 [INFO] vk_bot: Рассылка: отправка в чат 2000000015
2026-05-08 05:07:49,047 [INFO] vk_bot: upload_message_photo: начинаем загрузку, message_photo_path=photo574393629_457242358_b6eb5a82321fba1977
2026-05-08 05:07:49,047 [INFO] vk_bot: attachment уже готов: photo574393629_457242358_b6eb5a82321fba1977
2026-05-08 05:07:49,442 [WARNING] vk_bot: Chat 2000000015: ошибка доступа. Рассылка приостановлена.
2026-05-08 05:07:49,442 [WARNING] vk_bot: Рассылка остановлена: потерян доступ к чату 2000000015
2026-05-08 05:07:49,443 [WARNING] vk_bot: Рассылка приостановлена. Обработано чатов: 1
2026-05-08 05:09:48,873 [INFO] vk_bot: Создаю поток рассылки.
2026-05-08 05:09:48,873 [INFO] vk_bot: Рассылка запущена. Целевых чатов: 87
2026-05-08 05:09:48,874 [INFO] vk_bot: Рассылка: отправка в чат 2000000012
2026-05-08 05:09:48,874 [INFO] vk_bot: upload_message_photo: начинаем загрузку, message_photo_path=photo574393629_457242358_b6eb5a82321fba1977
2026-05-08 05:09:48,874 [INFO] vk_bot: attachment уже готов: photo574393629_457242358_b6eb5a82321fba1977
2026-05-08 05:09:49,080 [INFO] vk_bot: Рассылка: отправка в чат 2000000015
2026-05-08 05:09:49,081 [INFO] vk_bot: upload_message_photo: начинаем загрузку, message_photo_path=photo574393629_457242358_b6eb5a82321fba1977
2026-05-08 05:09:49,081 [INFO] vk_bot: attachment уже готов: photo574393629_457242358_b6eb5a82321fba1977
2026-05-08 05:09:49,483 [WARNING] vk_bot: Chat 2000000015: ошибка доступа. Рассылка приостановлена.
2026-05-08 05:09:49,483 [WARNING] vk_bot: Рассылка остановлена: потерян доступ к чату 2000000015
2026-05-08 05:09:49,483 [WARNING] vk_bot: Рассылка приостановлена. Обработано чатов: 1
2026-05-08 05:11:48,885 [INFO] vk_bot: Создаю поток рассылки.
2026-05-08 05:11:48,885 [INFO] vk_bot: Рассылка запущена. Целевых чатов: 87
2026-05-08 05:11:48,885 [INFO] vk_bot: Рассылка: отправка в чат 2000000012
2026-05-08 05:11:48,886 [INFO] vk_bot: upload_message_photo: начинаем загрузку, message_photo_path=photo574393629_457242358_b6eb5a82321fba1977
2026-05-08 05:11:48,886 [INFO] vk_bot: attachment уже готов: photo574393629_457242358_b6eb5a82321fba1977
2026-05-08 05:11:49,097 [INFO] vk_bot: Рассылка: отправка в чат 2000000015
2026-05-08 05:11:49,097 [INFO] vk_bot: upload_message_photo: начинаем загрузку, message_photo_path=photo574393629_457242358_b6eb5a82321fba1977
2026-05-08 05:11:49,097 [INFO] vk_bot: attachment уже готов: photo574393629_457242358_b6eb5a82321fba1977
2026-05-08 05:11:49,505 [WARNING] vk_bot: Chat 2000000015: ошибка доступа. Рассылка приостановлена.
2026-05-08 05:11:49,506 [WARNING] vk_bot: Рассылка остановлена: потерян доступ к чату 2000000015
2026-05-08 05:11:49,506 [WARNING] vk_bot: Рассылка приостановлена. Обработано чатов: 1
2026-05-08 05:13:48,894 [INFO] vk_bot: Создаю поток рассылки.
2026-05-08 05:13:48,894 [INFO] vk_bot: Рассылка запущена. Целевых чатов: 87
2026-05-08 05:13:48,894 [INFO] vk_bot: Рассылка: отправка в чат 2000000012
2026-05-08 05:13:48,895 [INFO] vk_bot: upload_message_photo: начинаем загрузку, message_photo_path=photo574393629_457242358_b6eb5a82321fba1977
2026-05-08 05:13:48,895 [INFO] vk_bot: attachment уже готов: photo574393629_457242358_b6eb5a82321fba1977
2026-05-08 05:13:49,095 [INFO] vk_bot: Рассылка: отправка в чат 2000000015
2026-05-08 05:13:49,095 [INFO] vk_bot: upload_message_photo: начинаем загрузку, message_photo_path=photo574393629_457242358_b6eb5a82321fba1977
2026-05-08 05:13:49,096 [INFO] vk_bot: attachment уже готов: photo574393629_457242358_b6eb5a82321fba1977
2026-05-08 05:13:49,488 [WARNING] vk_bot: Chat 2000000015: ошибка доступа. Рассылка приостановлена.
2026-05-08 05:13:49,488 [WARNING] vk_bot: Рассылка остановлена: потерян доступ к чату 2000000015
2026-05-08 05:13:49,488 [WARNING] vk_bot: Рассылка приостановлена. Обработано чатов: 1
2026-05-08 05:15:48,904 [INFO] vk_bot: Создаю поток рассылки.
2026-05-08 05:15:48,904 [INFO] vk_bot: Рассылка запущена. Целевых чатов: 87
2026-05-08 05:15:48,905 [INFO] vk_bot: Рассылка: отправка в чат 2000000012
2026-05-08 05:15:48,905 [INFO] vk_bot: upload_message_photo: начинаем загрузку, message_photo_path=photo574393629_457242358_b6eb5a82321fba1977
2026-05-08 05:15:48,905 [INFO] vk_bot: attachment уже готов: photo574393629_457242358_b6eb5a82321fba1977
2026-05-08 05:15:49,110 [INFO] vk_bot: Рассылка: отправка в чат 2000000015
2026-05-08 05:15:49,110 [INFO] vk_bot: upload_message_photo: начинаем загрузку, message_photo_path=photo574393629_457242358_b6eb5a82321fba1977
2026-05-08 05:15:49,110 [INFO] vk_bot: attachment уже готов: photo574393629_457242358_b6eb5a82321fba1977
2026-05-08 05:15:49,507 [WARNING] vk_bot: Chat 2000000015: ошибка доступа. Рассылка приостановлена.
2026-05-08 05:15:49,508 [WARNING] vk_bot: Рассылка остановлена: потерян доступ к чату 2000000015
2026-05-08 05:15:49,508 [WARNING] vk_bot: Рассылка приостановлена. Обработано чатов: 1
2026-05-08 05:17:48,913 [INFO] vk_bot: Создаю поток рассылки.
2026-05-08 05:17:48,913 [INFO] vk_bot: Рассылка запущена. Целевых чатов: 87
2026-05-08 05:17:48,913 [INFO] vk_bot: Рассылка: отправка в чат 2000000012
2026-05-08 05:17:48,913 [INFO] vk_bot: upload_message_photo: начинаем загрузку, message_photo_path=photo574393629_457242358_b6eb5a82321fba1977
2026-05-08 05:17:48,913 [INFO] vk_bot: attachment уже готов: photo574393629_457242358_b6eb5a82321fba1977
2026-05-08 05:17:49,136 [INFO] vk_bot: Рассылка: отправка в чат 2000000015
2026-05-08 05:17:49,136 [INFO] vk_bot: upload_message_photo: начинаем загрузку, message_photo_path=photo574393629_457242358_b6eb5a82321fba1977
2026-05-08 05:17:49,136 [INFO] vk_bot: attachment уже готов: photo574393629_457242358_b6eb5a82321fba1977
2026-05-08 05:17:49,536 [WARNING] vk_bot: Chat 2000000015: ошибка доступа. Рассылка приостановлена.
2026-05-08 05:17:49,536 [WARNING] vk_bot: Рассылка остановлена: потерян доступ к чату 2000000015
2026-05-08 05:17:49,536 [WARNING] vk_bot: Рассылка приостановлена. Обработано чатов: 1
2026-05-08 05:19:48,923 [INFO] vk_bot: Создаю поток рассылки.
2026-05-08 05:19:48,924 [INFO] vk_bot: Рассылка запущена. Целевых чатов: 87
2026-05-08 05:19:48,924 [INFO] vk_bot: Рассылка: отправка в чат 2000000012
2026-05-08 05:19:48,924 [INFO] vk_bot: upload_message_photo: начинаем загрузку, message_photo_path=photo574393629_457242358_b6eb5a82321fba1977
2026-05-08 05:19:48,924 [INFO] vk_bot: attachment уже готов: photo574393629_457242358_b6eb5a82321fba1977
2026-05-08 05:19:49,164 [INFO] vk_bot: Рассылка: отправка в чат 2000000015
2026-05-08 05:19:49,165 [INFO] vk_bot: upload_message_photo: начинаем загрузку, message_photo_path=photo574393629_457242358_b6eb5a82321fba1977
2026-05-08 05:19:49,165 [INFO] vk_bot: attachment уже готов: photo574393629_457242358_b6eb5a82321fba1977
2026-05-08 05:19:49,561 [WARNING] vk_bot: Chat 2000000015: ошибка доступа. Рассылка приостановлена.
2026-05-08 05:19:49,561 [WARNING] vk_bot: Рассылка остановлена: потерян доступ к чату 2000000015
2026-05-08 05:19:49,561 [WARNING] vk_bot: Рассылка приостановлена. Обработано чатов: 1
2026-05-08 05:21:48,933 [INFO] vk_bot: Создаю поток рассылки.
2026-05-08 05:21:48,933 [INFO] vk_bot: Рассылка запущена. Целевых чатов: 87
2026-05-08 05:21:48,933 [INFO] vk_bot: Рассылка: отправка в чат 2000000012
2026-05-08 05:21:48,934 [INFO] vk_bot: upload_message_photo: начинаем загрузку, message_photo_path=photo574393629_457242358_b6eb5a82321fba1977
2026-05-08 05:21:48,934 [INFO] vk_bot: attachment уже готов: photo574393629_457242358_b6eb5a82321fba1977
2026-05-08 05:21:49,172 [INFO] vk_bot: Рассылка: отправка в чат 2000000015
2026-05-08 05:21:49,172 [INFO] vk_bot: upload_message_photo: начинаем загрузку, message_photo_path=photo574393629_457242358_b6eb5a82321fba1977
2026-05-08 05:21:49,173 [INFO] vk_bot: attachment уже готов: photo574393629_457242358_b6eb5a82321fba1977
2026-05-08 05:21:49,578 [WARNING] vk_bot: Chat 2000000015: ошибка доступа. Рассылка приостановлена.
2026-05-08 05:21:49,579 [WARNING] vk_bot: Рассылка остановлена: потерян доступ к чату 2000000015
2026-05-08 05:21:49,579 [WARNING] vk_bot: Рассылка приостановлена. Обработано чатов: 1
2026-05-08 05:23:48,943 [INFO] vk_bot: Создаю поток рассылки.
2026-05-08 05:23:48,943 [INFO] vk_bot: Рассылка запущена. Целевых чатов: 87
2026-05-08 05:23:48,943 [INFO] vk_bot: Рассылка: отправка в чат 2000000012
2026-05-08 05:23:48,944 [INFO] vk_bot: upload_message_photo: начинаем загрузку, message_photo_path=photo574393629_457242358_b6eb5a82321fba1977
2026-05-08 05:23:48,944 [INFO] vk_bot: attachment уже готов: photo574393629_457242358_b6eb5a82321fba1977
2026-05-08 05:23:49,202 [INFO] vk_bot: Рассылка: отправка в чат 2000000015
2026-05-08 05:23:49,202 [INFO] vk_bot: upload_message_photo: начинаем загрузку, message_photo_path=photo574393629_457242358_b6eb5a82321fba1977
2026-05-08 05:23:49,202 [INFO] vk_bot: attachment уже готов: photo574393629_457242358_b6eb5a82321fba1977
2026-05-08 05:23:49,599 [WARNING] vk_bot: Chat 2000000015: ошибка доступа. Рассылка приостановлена.
2026-05-08 05:23:49,599 [WARNING] vk_bot: Рассылка остановлена: потерян доступ к чату 2000000015
2026-05-08 05:23:49,600 [WARNING] vk_bot: Рассылка приостановлена. Обработано чатов: 1
2026-05-08 05:25:48,953 [INFO] vk_bot: Создаю поток рассылки.
2026-05-08 05:25:48,953 [INFO] vk_bot: Рассылка запущена. Целевых чатов: 87
2026-05-08 05:25:48,953 [INFO] vk_bot: Рассылка: отправка в чат 2000000012
2026-05-08 05:25:48,953 [INFO] vk_bot: upload_message_photo: начинаем загрузку, message_photo_path=photo574393629_457242358_b6eb5a82321fba1977
2026-05-08 05:25:48,953 [INFO] vk_bot: attachment уже готов: photo574393629_457242358_b6eb5a82321fba1977
2026-05-08 05:25:49,165 [INFO] vk_bot: Рассылка: отправка в чат 2000000015
2026-05-08 05:25:49,165 [INFO] vk_bot: upload_message_photo: начинаем загрузку, message_photo_path=photo574393629_457242358_b6eb5a82321fba1977
2026-05-08 05:25:49,165 [INFO] vk_bot: attachment уже готов: photo574393629_457242358_b6eb5a82321fba1977
2026-05-08 05:25:49,572 [WARNING] vk_bot: Chat 2000000015: ошибка доступа. Рассылка приостановлена.
2026-05-08 05:25:49,572 [WARNING] vk_bot: Рассылка остановлена: потерян доступ к чату 2000000015
2026-05-08 05:25:49,572 [WARNING] vk_bot: Рассылка приостановлена. Обработано чатов: 1
2026-05-08 05:27:48,963 [INFO] vk_bot: Создаю поток рассылки.
2026-05-08 05:27:48,963 [INFO] vk_bot: Рассылка запущена. Целевых чатов: 87
2026-05-08 05:27:48,963 [INFO] vk_bot: Рассылка: отправка в чат 2000000012
2026-05-08 05:27:48,964 [INFO] vk_bot: upload_message_photo: начинаем загрузку, message_photo_path=photo574393629_457242358_b6eb5a82321fba1977
2026-05-08 05:27:48,964 [INFO] vk_bot: attachment уже готов: photo574393629_457242358_b6eb5a82321fba1977
2026-05-08 05:27:49,170 [INFO] vk_bot: Рассылка: отправка в чат 2000000015
2026-05-08 05:27:49,170 [INFO] vk_bot: upload_message_photo: начинаем загрузку, message_photo_path=photo574393629_457242358_b6eb5a82321fba1977
2026-05-08 05:27:49,170 [INFO] vk_bot: attachment уже готов: photo574393629_457242358_b6eb5a82321fba1977
2026-05-08 05:27:49,616 [WARNING] vk_bot: Chat 2000000015: ошибка доступа. Рассылка приостановлена.
2026-05-08 05:27:49,616 [WARNING] vk_bot: Рассылка остановлена: потерян доступ к чату 2000000015
2026-05-08 05:27:49,616 [WARNING] vk_bot: Рассылка приостановлена. Обработано чатов: 1
2026-05-08 05:29:48,973 [INFO] vk_bot: Создаю поток рассылки.
2026-05-08 05:29:48,975 [INFO] vk_bot: Рассылка запущена. Целевых чатов: 87
2026-05-08 05:29:48,975 [INFO] vk_bot: Рассылка: отправка в чат 2000000012
2026-05-08 05:29:48,975 [INFO] vk_bot: upload_message_photo: начинаем загрузку, message_photo_path=photo574393629_457242358_b6eb5a82321fba1977
2026-05-08 05:29:48,975 [INFO] vk_bot: attachment уже готов: photo574393629_457242358_b6eb5a82321fba1977
2026-05-08 05:29:49,160 [INFO] vk_bot: Рассылка: отправка в чат 2000000015
2026-05-08 05:29:49,160 [INFO] vk_bot: upload_message_photo: начинаем загрузку, message_photo_path=photo574393629_457242358_b6eb5a82321fba1977
2026-05-08 05:29:49,160 [INFO] vk_bot: attachment уже готов: photo574393629_457242358_b6eb5a82321fba1977
2026-05-08 05:29:49,566 [WARNING] vk_bot: Chat 2000000015: ошибка доступа. Рассылка приостановлена.
2026-05-08 05:29:49,567 [WARNING] vk_bot: Рассылка остановлена: потерян доступ к чату 2000000015
2026-05-08 05:29:49,567 [WARNING] vk_bot: Рассылка приостановлена. Обработано чатов: 1
2026-05-08 05:31:48,983 [INFO] vk_bot: Создаю поток рассылки.
2026-05-08 05:31:48,984 [INFO] vk_bot: Рассылка запущена. Целевых чатов: 87
2026-05-08 05:31:48,984 [INFO] vk_bot: Рассылка: отправка в чат 2000000012
2026-05-08 05:31:48,984 [INFO] vk_bot: upload_message_photo: начинаем загрузку, message_photo_path=photo574393629_457242358_b6eb5a82321fba1977
2026-05-08 05:31:48,984 [INFO] vk_bot: attachment уже готов: photo574393629_457242358_b6eb5a82321fba1977
2026-05-08 05:31:49,185 [INFO] vk_bot: Рассылка: отправка в чат 2000000015
2026-05-08 05:31:49,185 [INFO] vk_bot: upload_message_photo: начинаем загрузку, message_photo_path=photo574393629_457242358_b6eb5a82321fba1977
2026-05-08 05:31:49,185 [INFO] vk_bot: attachment уже готов: photo574393629_457242358_b6eb5a82321fba1977
2026-05-08 05:31:49,587 [WARNING] vk_bot: Chat 2000000015: ошибка доступа. Рассылка приостановлена.
2026-05-08 05:31:49,588 [WARNING] vk_bot: Рассылка остановлена: потерян доступ к чату 2000000015
2026-05-08 05:31:49,588 [WARNING] vk_bot: Рассылка приостановлена. Обработано чатов: 1
2026-05-08 05:33:48,992 [INFO] vk_bot: Создаю поток рассылки.
2026-05-08 05:33:48,993 [INFO] vk_bot: Рассылка запущена. Целевых чатов: 87
2026-05-08 05:33:48,993 [INFO] vk_bot: Рассылка: отправка в чат 2000000012
2026-05-08 05:33:48,993 [INFO] vk_bot: upload_message_photo: начинаем загрузку, message_photo_path=photo574393629_457242358_b6eb5a82321fba1977
2026-05-08 05:33:48,993 [INFO] vk_bot: attachment уже готов: photo574393629_457242358_b6eb5a82321fba1977
2026-05-08 05:33:49,175 [INFO] vk_bot: Рассылка: отправка в чат 2000000015
2026-05-08 05:33:49,176 [INFO] vk_bot: upload_message_photo: начинаем загрузку, message_photo_path=photo574393629_457242358_b6eb5a82321fba1977
2026-05-08 05:33:49,176 [INFO] vk_bot: attachment уже готов: photo574393629_457242358_b6eb5a82321fba1977
2026-05-08 05:33:49,574 [WARNING] vk_bot: Chat 2000000015: ошибка доступа. Рассылка приостановлена.
2026-05-08 05:33:49,574 [WARNING] vk_bot: Рассылка остановлена: потерян доступ к чату 2000000015
2026-05-08 05:33:49,574 [WARNING] vk_bot: Рассылка приостановлена. Обработано чатов: 1
2026-05-08 05:35:49,005 [INFO] vk_bot: Создаю поток рассылки.
2026-05-08 05:35:49,007 [INFO] vk_bot: Рассылка запущена. Целевых чатов: 87
2026-05-08 05:35:49,007 [INFO] vk_bot: Рассылка: отправка в чат 2000000012
2026-05-08 05:35:49,007 [INFO] vk_bot: upload_message_photo: начинаем загрузку, message_photo_path=photo574393629_457242358_b6eb5a82321fba1977
2026-05-08 05:35:49,007 [INFO] vk_bot: attachment уже готов: photo574393629_457242358_b6eb5a82321fba1977
2026-05-08 05:35:49,186 [INFO] vk_bot: Рассылка: отправка в чат 2000000015
2026-05-08 05:35:49,187 [INFO] vk_bot: upload_message_photo: начинаем загрузку, message_photo_path=photo574393629_457242358_b6eb5a82321fba1977
2026-05-08 05:35:49,187 [INFO] vk_bot: attachment уже готов: photo574393629_457242358_b6eb5a82321fba1977
2026-05-08 05:35:49,587 [WARNING] vk_bot: Chat 2000000015: ошибка доступа. Рассылка приостановлена.
2026-05-08 05:35:49,587 [WARNING] vk_bot: Рассылка остановлена: потерян доступ к чату 2000000015
2026-05-08 05:35:49,587 [WARNING] vk_bot: Рассылка приостановлена. Обработано чатов: 1
2026-05-08 05:37:49,017 [INFO] vk_bot: Создаю поток рассылки.
2026-05-08 05:37:49,018 [INFO] vk_bot: Рассылка запущена. Целевых чатов: 87
2026-05-08 05:37:49,018 [INFO] vk_bot: Рассылка: отправка в чат 2000000012
2026-05-08 05:37:49,018 [INFO] vk_bot: upload_message_photo: начинаем загрузку, message_photo_path=photo574393629_457242358_b6eb5a82321fba1977
2026-05-08 05:37:49,018 [INFO] vk_bot: attachment уже готов: photo574393629_457242358_b6eb5a82321fba1977
2026-05-08 05:37:49,220 [INFO] vk_bot: Рассылка: отправка в чат 2000000015
2026-05-08 05:37:49,221 [INFO] vk_bot: upload_message_photo: начинаем загрузку, message_photo_path=photo574393629_457242358_b6eb5a82321fba1977
2026-05-08 05:37:49,221 [INFO] vk_bot: attachment уже готов: photo574393629_457242358_b6eb5a82321fba1977
2026-05-08 05:37:49,618 [WARNING] vk_bot: Chat 2000000015: ошибка доступа. Рассылка приостановлена.
2026-05-08 05:37:49,618 [WARNING] vk_bot: Рассылка остановлена: потерян доступ к чату 2000000015
2026-05-08 05:37:49,618 [WARNING] vk_bot: Рассылка приостановлена. Обработано чатов: 1
2026-05-08 05:39:49,029 [INFO] vk_bot: Создаю поток рассылки.
2026-05-08 05:39:49,029 [INFO] vk_bot: Рассылка запущена. Целевых чатов: 87
2026-05-08 05:39:49,030 [INFO] vk_bot: Рассылка: отправка в чат 2000000012
2026-05-08 05:39:49,030 [INFO] vk_bot: upload_message_photo: начинаем загрузку, message_photo_path=photo574393629_457242358_b6eb5a82321fba1977
2026-05-08 05:39:49,030 [INFO] vk_bot: attachment уже готов: photo574393629_457242358_b6eb5a82321fba1977
2026-05-08 05:39:49,210 [INFO] vk_bot: Рассылка: отправка в чат 2000000015
2026-05-08 05:39:49,215 [INFO] vk_bot: upload_message_photo: начинаем загрузку, message_photo_path=photo574393629_457242358_b6eb5a82321fba1977
2026-05-08 05:39:49,215 [INFO] vk_bot: attachment уже готов: photo574393629_457242358_b6eb5a82321fba1977
2026-05-08 05:39:49,605 [WARNING] vk_bot: Chat 2000000015: ошибка доступа. Рассылка приостановлена.
2026-05-08 05:39:49,605 [WARNING] vk_bot: Рассылка остановлена: потерян доступ к чату 2000000015
2026-05-08 05:39:49,605 [WARNING] vk_bot: Рассылка приостановлена. Обработано чатов: 1
2026-05-08 05:41:49,037 [INFO] vk_bot: Создаю поток рассылки.
2026-05-08 05:41:49,038 [INFO] vk_bot: Рассылка запущена. Целевых чатов: 87
2026-05-08 05:41:49,038 [INFO] vk_bot: Рассылка: отправка в чат 2000000012
2026-05-08 05:41:49,038 [INFO] vk_bot: upload_message_photo: начинаем загрузку, message_photo_path=photo574393629_457242358_b6eb5a82321fba1977
2026-05-08 05:41:49,039 [INFO] vk_bot: attachment уже готов: photo574393629_457242358_b6eb5a82321fba1977
2026-05-08 05:41:49,580 [INFO] vk_bot: Рассылка: отправка в чат 2000000015
2026-05-08 05:41:49,580 [INFO] vk_bot: upload_message_photo: начинаем загрузку, message_photo_path=photo574393629_457242358_b6eb5a82321fba1977
2026-05-08 05:41:49,581 [INFO] vk_bot: attachment уже готов: photo574393629_457242358_b6eb5a82321fba1977
2026-05-08 05:41:49,980 [WARNING] vk_bot: Chat 2000000015: ошибка доступа. Рассылка приостановлена.
2026-05-08 05:41:49,980 [WARNING] vk_bot: Рассылка остановлена: потерян доступ к чату 2000000015
2026-05-08 05:41:49,981 [WARNING] vk_bot: Рассылка приостановлена. Обработано чатов: 1
2026-05-08 05:43:49,047 [INFO] vk_bot: Создаю поток рассылки.
2026-05-08 05:43:49,048 [INFO] vk_bot: Рассылка запущена. Целевых чатов: 87
2026-05-08 05:43:49,048 [INFO] vk_bot: Рассылка: отправка в чат 2000000012
2026-05-08 05:43:49,048 [INFO] vk_bot: upload_message_photo: начинаем загрузку, message_photo_path=photo574393629_457242358_b6eb5a82321fba1977
2026-05-08 05:43:49,048 [INFO] vk_bot: attachment уже готов: photo574393629_457242358_b6eb5a82321fba1977
2026-05-08 05:43:49,228 [INFO] vk_bot: Рассылка: отправка в чат 2000000015
2026-05-08 05:43:49,228 [INFO] vk_bot: upload_message_photo: начинаем загрузку, message_photo_path=photo574393629_457242358_b6eb5a82321fba1977
2026-05-08 05:43:49,228 [INFO] vk_bot: attachment уже готов: photo574393629_457242358_b6eb5a82321fba1977
2026-05-08 05:43:49,629 [WARNING] vk_bot: Chat 2000000015: ошибка доступа. Рассылка приостановлена.
2026-05-08 05:43:49,629 [WARNING] vk_bot: Рассылка остановлена: потерян доступ к чату 2000000015
2026-05-08 05:43:49,629 [WARNING] vk_bot: Рассылка приостановлена. Обработано чатов: 1
2026-05-08 05:45:49,058 [INFO] vk_bot: Создаю поток рассылки.
2026-05-08 05:45:49,058 [INFO] vk_bot: Рассылка запущена. Целевых чатов: 87
2026-05-08 05:45:49,058 [INFO] vk_bot: Рассылка: отправка в чат 2000000012
2026-05-08 05:45:49,058 [INFO] vk_bot: upload_message_photo: начинаем загрузку, message_photo_path=photo574393629_457242358_b6eb5a82321fba1977
2026-05-08 05:45:49,058 [INFO] vk_bot: attachment уже готов: photo574393629_457242358_b6eb5a82321fba1977
2026-05-08 05:45:49,229 [INFO] vk_bot: Рассылка: отправка в чат 2000000015
2026-05-08 05:45:49,229 [INFO] vk_bot: upload_message_photo: начинаем загрузку, message_photo_path=photo574393629_457242358_b6eb5a82321fba1977
2026-05-08 05:45:49,229 [INFO] vk_bot: attachment уже готов: photo574393629_457242358_b6eb5a82321fba1977
2026-05-08 05:45:49,630 [WARNING] vk_bot: Chat 2000000015: ошибка доступа. Рассылка приостановлена.
2026-05-08 05:45:49,630 [WARNING] vk_bot: Рассылка остановлена: потерян доступ к чату 2000000015
2026-05-08 05:45:49,630 [WARNING] vk_bot: Рассылка приостановлена. Обработано чатов: 1
2026-05-08 05:47:49,067 [INFO] vk_bot: Создаю поток рассылки.
2026-05-08 05:47:49,068 [INFO] vk_bot: Рассылка запущена. Целевых чатов: 87
2026-05-08 05:47:49,068 [INFO] vk_bot: Рассылка: отправка в чат 2000000012
2026-05-08 05:47:49,068 [INFO] vk_bot: upload_message_photo: начинаем загрузку, message_photo_path=photo574393629_457242358_b6eb5a82321fba1977
2026-05-08 05:47:49,068 [INFO] vk_bot: attachment уже готов: photo574393629_457242358_b6eb5a82321fba1977
2026-05-08 05:47:49,230 [INFO] vk_bot: Рассылка: отправка в чат 2000000015
2026-05-08 05:47:49,231 [INFO] vk_bot: upload_message_photo: начинаем загрузку, message_photo_path=photo574393629_457242358_b6eb5a82321fba1977
2026-05-08 05:47:49,231 [INFO] vk_bot: attachment уже готов: photo574393629_457242358_b6eb5a82321fba1977
2026-05-08 05:47:49,629 [WARNING] vk_bot: Chat 2000000015: ошибка доступа. Рассылка приостановлена.
2026-05-08 05:47:49,629 [WARNING] vk_bot: Рассылка остановлена: потерян доступ к чату 2000000015
2026-05-08 05:47:49,630 [WARNING] vk_bot: Рассылка приостановлена. Обработано чатов: 1
2026-05-08 05:49:49,078 [INFO] vk_bot: Создаю поток рассылки.
2026-05-08 05:49:49,079 [INFO] vk_bot: Рассылка запущена. Целевых чатов: 87
2026-05-08 05:49:49,079 [INFO] vk_bot: Рассылка: отправка в чат 2000000012
2026-05-08 05:49:49,079 [INFO] vk_bot: upload_message_photo: начинаем загрузку, message_photo_path=photo574393629_457242358_b6eb5a82321fba1977
2026-05-08 05:49:49,079 [INFO] vk_bot: attachment уже готов: photo574393629_457242358_b6eb5a82321fba1977
2026-05-08 05:49:49,266 [INFO] vk_bot: Рассылка: отправка в чат 2000000015
2026-05-08 05:49:49,267 [INFO] vk_bot: upload_message_photo: начинаем загрузку, message_photo_path=photo574393629_457242358_b6eb5a82321fba1977
2026-05-08 05:49:49,267 [INFO] vk_bot: attachment уже готов: photo574393629_457242358_b6eb5a82321fba1977
2026-05-08 05:49:49,672 [WARNING] vk_bot: Chat 2000000015: ошибка доступа. Рассылка приостановлена.
2026-05-08 05:49:49,673 [WARNING] vk_bot: Рассылка остановлена: потерян доступ к чату 2000000015
2026-05-08 05:49:49,673 [WARNING] vk_bot: Рассылка приостановлена. Обработано чатов: 1
2026-05-08 05:51:49,087 [INFO] vk_bot: Создаю поток рассылки.
2026-05-08 05:51:49,088 [INFO] vk_bot: Рассылка запущена. Целевых чатов: 87
2026-05-08 05:51:49,088 [INFO] vk_bot: Рассылка: отправка в чат 2000000012
2026-05-08 05:51:49,088 [INFO] vk_bot: upload_message_photo: начинаем загрузку, message_photo_path=photo574393629_457242358_b6eb5a82321fba1977
2026-05-08 05:51:49,088 [INFO] vk_bot: attachment уже готов: photo574393629_457242358_b6eb5a82321fba1977
2026-05-08 05:51:49,524 [INFO] vk_bot: Рассылка: отправка в чат 2000000015
2026-05-08 05:51:49,524 [INFO] vk_bot: upload_message_photo: начинаем загрузку, message_photo_path=photo574393629_457242358_b6eb5a82321fba1977
2026-05-08 05:51:49,524 [INFO] vk_bot: attachment уже готов: photo574393629_457242358_b6eb5a82321fba1977
2026-05-08 05:51:49,923 [WARNING] vk_bot: Chat 2000000015: ошибка доступа. Рассылка приостановлена.
2026-05-08 05:51:49,923 [WARNING] vk_bot: Рассылка остановлена: потерян доступ к чату 2000000015
2026-05-08 05:51:49,923 [WARNING] vk_bot: Рассылка приостановлена. Обработано чатов: 1
2026-05-08 05:53:49,097 [INFO] vk_bot: Создаю поток рассылки.
2026-05-08 05:53:49,097 [INFO] vk_bot: Рассылка запущена. Целевых чатов: 87
2026-05-08 05:53:49,097 [INFO] vk_bot: Рассылка: отправка в чат 2000000012
2026-05-08 05:53:49,097 [INFO] vk_bot: upload_message_photo: начинаем загрузку, message_photo_path=photo574393629_457242358_b6eb5a82321fba1977
2026-05-08 05:53:49,097 [INFO] vk_bot: attachment уже готов: photo574393629_457242358_b6eb5a82321fba1977
2026-05-08 05:53:49,272 [INFO] vk_bot: Рассылка: отправка в чат 2000000015
2026-05-08 05:53:49,272 [INFO] vk_bot: upload_message_photo: начинаем загрузку, message_photo_path=photo574393629_457242358_b6eb5a82321fba1977
2026-05-08 05:53:49,273 [INFO] vk_bot: attachment уже готов: photo574393629_457242358_b6eb5a82321fba1977
2026-05-08 05:53:49,682 [WARNING] vk_bot: Chat 2000000015: ошибка доступа. Рассылка приостановлена.
2026-05-08 05:53:49,682 [WARNING] vk_bot: Рассылка остановлена: потерян доступ к чату 2000000015
2026-05-08 05:53:49,682 [WARNING] vk_bot: Рассылка приостановлена. Обработано чатов: 1
2026-05-08 05:55:49,107 [INFO] vk_bot: Создаю поток рассылки.
2026-05-08 05:55:49,107 [INFO] vk_bot: Рассылка запущена. Целевых чатов: 87
2026-05-08 05:55:49,108 [INFO] vk_bot: Рассылка: отправка в чат 2000000012
2026-05-08 05:55:49,108 [INFO] vk_bot: upload_message_photo: начинаем загрузку, message_photo_path=photo574393629_457242358_b6eb5a82321fba1977
2026-05-08 05:55:49,108 [INFO] vk_bot: attachment уже готов: photo574393629_457242358_b6eb5a82321fba1977
2026-05-08 05:55:49,293 [INFO] vk_bot: Рассылка: отправка в чат 2000000015
2026-05-08 05:55:49,293 [INFO] vk_bot: upload_message_photo: начинаем загрузку, message_photo_path=photo574393629_457242358_b6eb5a82321fba1977
2026-05-08 05:55:49,293 [INFO] vk_bot: attachment уже готов: photo574393629_457242358_b6eb5a82321fba1977
2026-05-08 05:55:49,682 [WARNING] vk_bot: Chat 2000000015: ошибка доступа. Рассылка приостановлена.
2026-05-08 05:55:49,682 [WARNING] vk_bot: Рассылка остановлена: потерян доступ к чату 2000000015
2026-05-08 05:55:49,682 [WARNING] vk_bot: Рассылка приостановлена. Обработано чатов: 1
2026-05-08 05:57:49,117 [INFO] vk_bot: Создаю поток рассылки.
2026-05-08 05:57:49,117 [INFO] vk_bot: Рассылка запущена. Целевых чатов: 87
2026-05-08 05:57:49,117 [INFO] vk_bot: Рассылка: отправка в чат 2000000012
2026-05-08 05:57:49,117 [INFO] vk_bot: upload_message_photo: начинаем загрузку, message_photo_path=photo574393629_457242358_b6eb5a82321fba1977
2026-05-08 05:57:49,118 [INFO] vk_bot: attachment уже готов: photo574393629_457242358_b6eb5a82321fba1977
2026-05-08 05:57:49,328 [INFO] vk_bot: Рассылка: отправка в чат 2000000015
2026-05-08 05:57:49,328 [INFO] vk_bot: upload_message_photo: начинаем загрузку, message_photo_path=photo574393629_457242358_b6eb5a82321fba1977
2026-05-08 05:57:49,328 [INFO] vk_bot: attachment уже готов: photo574393629_457242358_b6eb5a82321fba1977
2026-05-08 05:57:49,724 [WARNING] vk_bot: Chat 2000000015: ошибка доступа. Рассылка приостановлена.
2026-05-08 05:57:49,725 [WARNING] vk_bot: Рассылка остановлена: потерян доступ к чату 2000000015
2026-05-08 05:57:49,725 [WARNING] vk_bot: Рассылка приостановлена. Обработано чатов: 1
2026-05-08 05:59:49,126 [INFO] vk_bot: Создаю поток рассылки.
2026-05-08 05:59:49,127 [INFO] vk_bot: Рассылка запущена. Целевых чатов: 87
2026-05-08 05:59:49,127 [INFO] vk_bot: Рассылка: отправка в чат 2000000012
2026-05-08 05:59:49,127 [INFO] vk_bot: upload_message_photo: начинаем загрузку, message_photo_path=photo574393629_457242358_b6eb5a82321fba1977
2026-05-08 05:59:49,127 [INFO] vk_bot: attachment уже готов: photo574393629_457242358_b6eb5a82321fba1977
2026-05-08 05:59:49,297 [INFO] vk_bot: Рассылка: отправка в чат 2000000015
2026-05-08 05:59:49,298 [INFO] vk_bot: upload_message_photo: начинаем загрузку, message_photo_path=photo574393629_457242358_b6eb5a82321fba1977
2026-05-08 05:59:49,298 [INFO] vk_bot: attachment уже готов: photo574393629_457242358_b6eb5a82321fba1977
2026-05-08 05:59:49,697 [WARNING] vk_bot: Chat 2000000015: ошибка доступа. Рассылка приостановлена.
2026-05-08 05:59:49,697 [WARNING] vk_bot: Рассылка остановлена: потерян доступ к чату 2000000015
2026-05-08 05:59:49,697 [WARNING] vk_bot: Рассылка приостановлена. Обработано чатов: 1
2026-05-08 06:01:49,136 [INFO] vk_bot: Создаю поток рассылки.
2026-05-08 06:01:49,137 [INFO] vk_bot: Рассылка запущена. Целевых чатов: 87
2026-05-08 06:01:49,137 [INFO] vk_bot: Рассылка: отправка в чат 2000000012
2026-05-08 06:01:49,137 [INFO] vk_bot: upload_message_photo: начинаем загрузку, message_photo_path=photo574393629_457242358_b6eb5a82321fba1977
2026-05-08 06:01:49,137 [INFO] vk_bot: attachment уже готов: photo574393629_457242358_b6eb5a82321fba1977
2026-05-08 06:01:49,316 [INFO] vk_bot: Рассылка: отправка в чат 2000000015
2026-05-08 06:01:49,316 [INFO] vk_bot: upload_message_photo: начинаем загрузку, message_photo_path=photo574393629_457242358_b6eb5a82321fba1977
2026-05-08 06:01:49,316 [INFO] vk_bot: attachment уже готов: photo574393629_457242358_b6eb5a82321fba1977
2026-05-08 06:01:49,720 [WARNING] vk_bot: Chat 2000000015: ошибка доступа. Рассылка приостановлена.
2026-05-08 06:01:49,720 [WARNING] vk_bot: Рассылка остановлена: потерян доступ к чату 2000000015
2026-05-08 06:01:49,720 [WARNING] vk_bot: Рассылка приостановлена. Обработано чатов: 1
2026-05-08 06:03:49,145 [INFO] vk_bot: Создаю поток рассылки.
2026-05-08 06:03:49,145 [INFO] vk_bot: Рассылка запущена. Целевых чатов: 87
2026-05-08 06:03:49,145 [INFO] vk_bot: Рассылка: отправка в чат 2000000012
2026-05-08 06:03:49,145 [INFO] vk_bot: upload_message_photo: начинаем загрузку, message_photo_path=photo574393629_457242358_b6eb5a82321fba1977
2026-05-08 06:03:49,145 [INFO] vk_bot: attachment уже готов: photo574393629_457242358_b6eb5a82321fba1977
2026-05-08 06:03:49,373 [INFO] vk_bot: Рассылка: отправка в чат 2000000015
2026-05-08 06:03:49,374 [INFO] vk_bot: upload_message_photo: начинаем загрузку, message_photo_path=photo574393629_457242358_b6eb5a82321fba1977
2026-05-08 06:03:49,374 [INFO] vk_bot: attachment уже готов: photo574393629_457242358_b6eb5a82321fba1977
2026-05-08 06:03:49,778 [WARNING] vk_bot: Chat 2000000015: ошибка доступа. Рассылка приостановлена.
2026-05-08 06:03:49,778 [WARNING] vk_bot: Рассылка остановлена: потерян доступ к чату 2000000015
2026-05-08 06:03:49,778 [WARNING] vk_bot: Рассылка приостановлена. Обработано чатов: 1
2026-05-08 06:05:49,153 [INFO] vk_bot: Создаю поток рассылки.
2026-05-08 06:05:49,153 [INFO] vk_bot: Рассылка запущена. Целевых чатов: 87
2026-05-08 06:05:49,153 [INFO] vk_bot: Рассылка: отправка в чат 2000000012
2026-05-08 06:05:49,153 [INFO] vk_bot: upload_message_photo: начинаем загрузку, message_photo_path=photo574393629_457242358_b6eb5a82321fba1977
2026-05-08 06:05:49,154 [INFO] vk_bot: attachment уже готов: photo574393629_457242358_b6eb5a82321fba1977
2026-05-08 06:05:49,311 [INFO] vk_bot: Рассылка: отправка в чат 2000000015
2026-05-08 06:05:49,312 [INFO] vk_bot: upload_message_photo: начинаем загрузку, message_photo_path=photo574393629_457242358_b6eb5a82321fba1977
2026-05-08 06:05:49,312 [INFO] vk_bot: attachment уже готов: photo574393629_457242358_b6eb5a82321fba1977
2026-05-08 06:05:49,717 [WARNING] vk_bot: Chat 2000000015: ошибка доступа. Рассылка приостановлена.
2026-05-08 06:05:49,717 [WARNING] vk_bot: Рассылка остановлена: потерян доступ к чату 2000000015
2026-05-08 06:05:49,718 [WARNING] vk_bot: Рассылка приостановлена. Обработано чатов: 1
2026-05-08 06:07:49,162 [INFO] vk_bot: Создаю поток рассылки.
2026-05-08 06:07:49,162 [INFO] vk_bot: Рассылка запущена. Целевых чатов: 87
2026-05-08 06:07:49,162 [INFO] vk_bot: Рассылка: отправка в чат 2000000012
2026-05-08 06:07:49,162 [INFO] vk_bot: upload_message_photo: начинаем загрузку, message_photo_path=photo574393629_457242358_b6eb5a82321fba1977
2026-05-08 06:07:49,163 [INFO] vk_bot: attachment уже готов: photo574393629_457242358_b6eb5a82321fba1977
2026-05-08 06:07:49,354 [INFO] vk_bot: Рассылка: отправка в чат 2000000015
2026-05-08 06:07:49,354 [INFO] vk_bot: upload_message_photo: начинаем загрузку, message_photo_path=photo574393629_457242358_b6eb5a82321fba1977
2026-05-08 06:07:49,354 [INFO] vk_bot: attachment уже готов: photo574393629_457242358_b6eb5a82321fba1977
2026-05-08 06:07:49,765 [WARNING] vk_bot: Chat 2000000015: ошибка доступа. Рассылка приостановлена.
2026-05-08 06:07:49,765 [WARNING] vk_bot: Рассылка остановлена: потерян доступ к чату 2000000015
2026-05-08 06:07:49,765 [WARNING] vk_bot: Рассылка приостановлена. Обработано чатов: 1
2026-05-08 06:09:49,171 [INFO] vk_bot: Создаю поток рассылки.
2026-05-08 06:09:49,172 [INFO] vk_bot: Рассылка запущена. Целевых чатов: 87
2026-05-08 06:09:49,172 [INFO] vk_bot: Рассылка: отправка в чат 2000000012
2026-05-08 06:09:49,172 [INFO] vk_bot: upload_message_photo: начинаем загрузку, message_photo_path=photo574393629_457242358_b6eb5a82321fba1977
2026-05-08 06:09:49,172 [INFO] vk_bot: attachment уже готов: photo574393629_457242358_b6eb5a82321fba1977
2026-05-08 06:09:49,913 [INFO] vk_bot: Рассылка: отправка в чат 2000000015
2026-05-08 06:09:49,914 [INFO] vk_bot: upload_message_photo: начинаем загрузку, message_photo_path=photo574393629_457242358_b6eb5a82321fba1977
2026-05-08 06:09:49,915 [INFO] vk_bot: attachment уже готов: photo574393629_457242358_b6eb5a82321fba1977
2026-05-08 06:09:50,325 [WARNING] vk_bot: Chat 2000000015: ошибка доступа. Рассылка приостановлена.
2026-05-08 06:09:50,325 [WARNING] vk_bot: Рассылка остановлена: потерян доступ к чату 2000000015
2026-05-08 06:09:50,326 [WARNING] vk_bot: Рассылка приостановлена. Обработано чатов: 1
2026-05-08 06:11:49,181 [INFO] vk_bot: Создаю поток рассылки.
2026-05-08 06:11:49,181 [INFO] vk_bot: Рассылка запущена. Целевых чатов: 87
2026-05-08 06:11:49,181 [INFO] vk_bot: Рассылка: отправка в чат 2000000012
2026-05-08 06:11:49,181 [INFO] vk_bot: upload_message_photo: начинаем загрузку, message_photo_path=photo574393629_457242358_b6eb5a82321fba1977
2026-05-08 06:11:49,181 [INFO] vk_bot: attachment уже готов: photo574393629_457242358_b6eb5a82321fba1977
2026-05-08 06:11:49,408 [INFO] vk_bot: Рассылка: отправка в чат 2000000015
2026-05-08 06:11:49,408 [INFO] vk_bot: upload_message_photo: начинаем загрузку, message_photo_path=photo574393629_457242358_b6eb5a82321fba1977
2026-05-08 06:11:49,409 [INFO] vk_bot: attachment уже готов: photo574393629_457242358_b6eb5a82321fba1977
2026-05-08 06:11:49,807 [WARNING] vk_bot: Chat 2000000015: ошибка доступа. Рассылка приостановлена.
2026-05-08 06:11:49,807 [WARNING] vk_bot: Рассылка остановлена: потерян доступ к чату 2000000015
2026-05-08 06:11:49,807 [WARNING] vk_bot: Рассылка приостановлена. Обработано чатов: 1
2026-05-08 06:13:49,191 [INFO] vk_bot: Создаю поток рассылки.
2026-05-08 06:13:49,192 [INFO] vk_bot: Рассылка запущена. Целевых чатов: 87
2026-05-08 06:13:49,193 [INFO] vk_bot: Рассылка: отправка в чат 2000000012
2026-05-08 06:13:49,193 [INFO] vk_bot: upload_message_photo: начинаем загрузку, message_photo_path=photo574393629_457242358_b6eb5a82321fba1977
2026-05-08 06:13:49,193 [INFO] vk_bot: attachment уже готов: photo574393629_457242358_b6eb5a82321fba1977
2026-05-08 06:13:49,427 [INFO] vk_bot: Рассылка: отправка в чат 2000000015
2026-05-08 06:13:49,428 [INFO] vk_bot: upload_message_photo: начинаем загрузку, message_photo_path=photo574393629_457242358_b6eb5a82321fba1977
2026-05-08 06:13:49,428 [INFO] vk_bot: attachment уже готов: photo574393629_457242358_b6eb5a82321fba1977
2026-05-08 06:13:49,852 [WARNING] vk_bot: Chat 2000000015: ошибка доступа. Рассылка приостановлена.
2026-05-08 06:13:49,852 [WARNING] vk_bot: Рассылка остановлена: потерян доступ к чату 2000000015
2026-05-08 06:13:49,852 [WARNING] vk_bot: Рассылка приостановлена. Обработано чатов: 1
2026-05-08 06:15:49,203 [INFO] vk_bot: Создаю поток рассылки.
2026-05-08 06:15:49,203 [INFO] vk_bot: Рассылка запущена. Целевых чатов: 87
2026-05-08 06:15:49,203 [INFO] vk_bot: Рассылка: отправка в чат 2000000012
2026-05-08 06:15:49,203 [INFO] vk_bot: upload_message_photo: начинаем загрузку, message_photo_path=photo574393629_457242358_b6eb5a82321fba1977
2026-05-08 06:15:49,204 [INFO] vk_bot: attachment уже готов: photo574393629_457242358_b6eb5a82321fba1977
2026-05-08 06:15:49,402 [INFO] vk_bot: Рассылка: отправка в чат 2000000015
2026-05-08 06:15:49,402 [INFO] vk_bot: upload_message_photo: начинаем загрузку, message_photo_path=photo574393629_457242358_b6eb5a82321fba1977
2026-05-08 06:15:49,402 [INFO] vk_bot: attachment уже готов: photo574393629_457242358_b6eb5a82321fba1977
2026-05-08 06:15:49,866 [WARNING] vk_bot: Chat 2000000015: ошибка доступа. Рассылка приостановлена.
2026-05-08 06:15:49,866 [WARNING] vk_bot: Рассылка остановлена: потерян доступ к чату 2000000015
2026-05-08 06:15:49,866 [WARNING] vk_bot: Рассылка приостановлена. Обработано чатов: 1
2026-05-08 06:17:49,216 [INFO] vk_bot: Создаю поток рассылки.
2026-05-08 06:17:49,217 [INFO] vk_bot: Рассылка запущена. Целевых чатов: 87
2026-05-08 06:17:49,217 [INFO] vk_bot: Рассылка: отправка в чат 2000000012
2026-05-08 06:17:49,217 [INFO] vk_bot: upload_message_photo: начинаем загрузку, message_photo_path=photo574393629_457242358_b6eb5a82321fba1977
2026-05-08 06:17:49,217 [INFO] vk_bot: attachment уже готов: photo574393629_457242358_b6eb5a82321fba1977
2026-05-08 06:17:49,431 [INFO] vk_bot: Рассылка: отправка в чат 2000000015
2026-05-08 06:17:49,431 [INFO] vk_bot: upload_message_photo: начинаем загрузку, message_photo_path=photo574393629_457242358_b6eb5a82321fba1977
2026-05-08 06:17:49,431 [INFO] vk_bot: attachment уже готов: photo574393629_457242358_b6eb5a82321fba1977
2026-05-08 06:17:49,868 [WARNING] vk_bot: Chat 2000000015: ошибка доступа. Рассылка приостановлена.
2026-05-08 06:17:49,868 [WARNING] vk_bot: Рассылка остановлена: потерян доступ к чату 2000000015
2026-05-08 06:17:49,868 [WARNING] vk_bot: Рассылка приостановлена. Обработано чатов: 1
2026-05-08 06:19:49,227 [INFO] vk_bot: Создаю поток рассылки.
2026-05-08 06:19:49,228 [INFO] vk_bot: Рассылка запущена. Целевых чатов: 87
2026-05-08 06:19:49,228 [INFO] vk_bot: Рассылка: отправка в чат 2000000012
2026-05-08 06:19:49,228 [INFO] vk_bot: upload_message_photo: начинаем загрузку, message_photo_path=photo574393629_457242358_b6eb5a82321fba1977
2026-05-08 06:19:49,228 [INFO] vk_bot: attachment уже готов: photo574393629_457242358_b6eb5a82321fba1977
2026-05-08 06:19:49,401 [INFO] vk_bot: Рассылка: отправка в чат 2000000015
2026-05-08 06:19:49,402 [INFO] vk_bot: upload_message_photo: начинаем загрузку, message_photo_path=photo574393629_457242358_b6eb5a82321fba1977
2026-05-08 06:19:49,402 [INFO] vk_bot: attachment уже готов: photo574393629_457242358_b6eb5a82321fba1977
2026-05-08 06:19:49,805 [WARNING] vk_bot: Chat 2000000015: ошибка доступа. Рассылка приостановлена.
2026-05-08 06:19:49,805 [WARNING] vk_bot: Рассылка остановлена: потерян доступ к чату 2000000015
2026-05-08 06:19:49,806 [WARNING] vk_bot: Рассылка приостановлена. Обработано чатов: 1
2026-05-08 06:21:49,237 [INFO] vk_bot: Создаю поток рассылки.
2026-05-08 06:21:49,237 [INFO] vk_bot: Рассылка запущена. Целевых чатов: 87
2026-05-08 06:21:49,237 [INFO] vk_bot: Рассылка: отправка в чат 2000000012
2026-05-08 06:21:49,237 [INFO] vk_bot: upload_message_photo: начинаем загрузку, message_photo_path=photo574393629_457242358_b6eb5a82321fba1977
2026-05-08 06:21:49,237 [INFO] vk_bot: attachment уже готов: photo574393629_457242358_b6eb5a82321fba1977
2026-05-08 06:21:49,434 [INFO] vk_bot: Рассылка: отправка в чат 2000000015
2026-05-08 06:21:49,434 [INFO] vk_bot: upload_message_photo: начинаем загрузку, message_photo_path=photo574393629_457242358_b6eb5a82321fba1977
2026-05-08 06:21:49,434 [INFO] vk_bot: attachment уже готов: photo574393629_457242358_b6eb5a82321fba1977
2026-05-08 06:21:49,844 [WARNING] vk_bot: Chat 2000000015: ошибка доступа. Рассылка приостановлена.
2026-05-08 06:21:49,845 [WARNING] vk_bot: Рассылка остановлена: потерян доступ к чату 2000000015
2026-05-08 06:21:49,845 [WARNING] vk_bot: Рассылка приостановлена. Обработано чатов: 1
2026-05-08 06:23:49,253 [INFO] vk_bot: Создаю поток рассылки.
2026-05-08 06:23:49,253 [INFO] vk_bot: Рассылка запущена. Целевых чатов: 87
2026-05-08 06:23:49,253 [INFO] vk_bot: Рассылка: отправка в чат 2000000012
2026-05-08 06:23:49,253 [INFO] vk_bot: upload_message_photo: начинаем загрузку, message_photo_path=photo574393629_457242358_b6eb5a82321fba1977
2026-05-08 06:23:49,254 [INFO] vk_bot: attachment уже готов: photo574393629_457242358_b6eb5a82321fba1977
2026-05-08 06:23:49,454 [INFO] vk_bot: Рассылка: отправка в чат 2000000015
2026-05-08 06:23:49,454 [INFO] vk_bot: upload_message_photo: начинаем загрузку, message_photo_path=photo574393629_457242358_b6eb5a82321fba1977
2026-05-08 06:23:49,454 [INFO] vk_bot: attachment уже готов: photo574393629_457242358_b6eb5a82321fba1977
2026-05-08 06:23:49,860 [WARNING] vk_bot: Chat 2000000015: ошибка доступа. Рассылка приостановлена.
2026-05-08 06:23:49,860 [WARNING] vk_bot: Рассылка остановлена: потерян доступ к чату 2000000015
2026-05-08 06:23:49,860 [WARNING] vk_bot: Рассылка приостановлена. Обработано чатов: 1
2026-05-08 06:25:49,261 [INFO] vk_bot: Создаю поток рассылки.
2026-05-08 06:25:49,261 [INFO] vk_bot: Рассылка запущена. Целевых чатов: 87
2026-05-08 06:25:49,261 [INFO] vk_bot: Рассылка: отправка в чат 2000000012
2026-05-08 06:25:49,261 [INFO] vk_bot: upload_message_photo: начинаем загрузку, message_photo_path=photo574393629_457242358_b6eb5a82321fba1977
2026-05-08 06:25:49,261 [INFO] vk_bot: attachment уже готов: photo574393629_457242358_b6eb5a82321fba1977
2026-05-08 06:25:49,428 [INFO] vk_bot: Рассылка: отправка в чат 2000000015
2026-05-08 06:25:49,429 [INFO] vk_bot: upload_message_photo: начинаем загрузку, message_photo_path=photo574393629_457242358_b6eb5a82321fba1977
2026-05-08 06:25:49,429 [INFO] vk_bot: attachment уже готов: photo574393629_457242358_b6eb5a82321fba1977
2026-05-08 06:25:49,830 [WARNING] vk_bot: Chat 2000000015: ошибка доступа. Рассылка приостановлена.
2026-05-08 06:25:49,831 [WARNING] vk_bot: Рассылка остановлена: потерян доступ к чату 2000000015
2026-05-08 06:25:49,831 [WARNING] vk_bot: Рассылка приостановлена. Обработано чатов: 1
2026-05-08 06:27:49,271 [INFO] vk_bot: Создаю поток рассылки.
2026-05-08 06:27:49,272 [INFO] vk_bot: Рассылка запущена. Целевых чатов: 87
2026-05-08 06:27:49,273 [INFO] vk_bot: Рассылка: отправка в чат 2000000012
2026-05-08 06:27:49,273 [INFO] vk_bot: upload_message_photo: начинаем загрузку, message_photo_path=photo574393629_457242358_b6eb5a82321fba1977
2026-05-08 06:27:49,273 [INFO] vk_bot: attachment уже готов: photo574393629_457242358_b6eb5a82321fba1977
2026-05-08 06:27:49,504 [INFO] vk_bot: Рассылка: отправка в чат 2000000015
2026-05-08 06:27:49,505 [INFO] vk_bot: upload_message_photo: начинаем загрузку, message_photo_path=photo574393629_457242358_b6eb5a82321fba1977
2026-05-08 06:27:49,505 [INFO] vk_bot: attachment уже готов: photo574393629_457242358_b6eb5a82321fba1977
2026-05-08 06:27:49,906 [WARNING] vk_bot: Chat 2000000015: ошибка доступа. Рассылка приостановлена.
2026-05-08 06:27:49,906 [WARNING] vk_bot: Рассылка остановлена: потерян доступ к чату 2000000015
2026-05-08 06:27:49,906 [WARNING] vk_bot: Рассылка приостановлена. Обработано чатов: 1
2026-05-08 06:29:49,285 [INFO] vk_bot: Создаю поток рассылки.
2026-05-08 06:29:49,285 [INFO] vk_bot: Рассылка запущена. Целевых чатов: 87
2026-05-08 06:29:49,285 [INFO] vk_bot: Рассылка: отправка в чат 2000000012
2026-05-08 06:29:49,285 [INFO] vk_bot: upload_message_photo: начинаем загрузку, message_photo_path=photo574393629_457242358_b6eb5a82321fba1977
2026-05-08 06:29:49,285 [INFO] vk_bot: attachment уже готов: photo574393629_457242358_b6eb5a82321fba1977
2026-05-08 06:29:49,470 [INFO] vk_bot: Рассылка: отправка в чат 2000000015
2026-05-08 06:29:49,471 [INFO] vk_bot: upload_message_photo: начинаем загрузку, message_photo_path=photo574393629_457242358_b6eb5a82321fba1977
2026-05-08 06:29:49,471 [INFO] vk_bot: attachment уже готов: photo574393629_457242358_b6eb5a82321fba1977
2026-05-08 06:29:49,878 [WARNING] vk_bot: Chat 2000000015: ошибка доступа. Рассылка приостановлена.
2026-05-08 06:29:49,878 [WARNING] vk_bot: Рассылка остановлена: потерян доступ к чату 2000000015
2026-05-08 06:29:49,878 [WARNING] vk_bot: Рассылка приостановлена. Обработано чатов: 1
2026-05-08 06:31:49,294 [INFO] vk_bot: Создаю поток рассылки.
2026-05-08 06:31:49,296 [INFO] vk_bot: Рассылка запущена. Целевых чатов: 87
2026-05-08 06:31:49,296 [INFO] vk_bot: Рассылка: отправка в чат 2000000012
2026-05-08 06:31:49,296 [INFO] vk_bot: upload_message_photo: начинаем загрузку, message_photo_path=photo574393629_457242358_b6eb5a82321fba1977
2026-05-08 06:31:49,296 [INFO] vk_bot: attachment уже готов: photo574393629_457242358_b6eb5a82321fba1977
2026-05-08 06:31:49,484 [INFO] vk_bot: Рассылка: отправка в чат 2000000015
2026-05-08 06:31:49,484 [INFO] vk_bot: upload_message_photo: начинаем загрузку, message_photo_path=photo574393629_457242358_b6eb5a82321fba1977
2026-05-08 06:31:49,484 [INFO] vk_bot: attachment уже готов: photo574393629_457242358_b6eb5a82321fba1977
2026-05-08 06:31:49,909 [WARNING] vk_bot: Chat 2000000015: ошибка доступа. Рассылка приостановлена.
2026-05-08 06:31:49,909 [WARNING] vk_bot: Рассылка остановлена: потерян доступ к чату 2000000015
2026-05-08 06:31:49,909 [WARNING] vk_bot: Рассылка приостановлена. Обработано чатов: 1
2026-05-08 06:33:49,303 [INFO] vk_bot: Создаю поток рассылки.
2026-05-08 06:33:49,304 [INFO] vk_bot: Рассылка запущена. Целевых чатов: 87
2026-05-08 06:33:49,304 [INFO] vk_bot: Рассылка: отправка в чат 2000000012
2026-05-08 06:33:49,304 [INFO] vk_bot: upload_message_photo: начинаем загрузку, message_photo_path=photo574393629_457242358_b6eb5a82321fba1977
2026-05-08 06:33:49,304 [INFO] vk_bot: attachment уже готов: photo574393629_457242358_b6eb5a82321fba1977
2026-05-08 06:33:49,478 [INFO] vk_bot: Рассылка: отправка в чат 2000000015
2026-05-08 06:33:49,478 [INFO] vk_bot: upload_message_photo: начинаем загрузку, message_photo_path=photo574393629_457242358_b6eb5a82321fba1977
2026-05-08 06:33:49,478 [INFO] vk_bot: attachment уже готов: photo574393629_457242358_b6eb5a82321fba1977
2026-05-08 06:33:49,884 [WARNING] vk_bot: Chat 2000000015: ошибка доступа. Рассылка приостановлена.
2026-05-08 06:33:49,884 [WARNING] vk_bot: Рассылка остановлена: потерян доступ к чату 2000000015
2026-05-08 06:33:49,884 [WARNING] vk_bot: Рассылка приостановлена. Обработано чатов: 1
2026-05-08 06:38:30,901 [INFO] vk_bot: GZOV запущен. Целевых чатов: 87
2026-05-08 06:38:30,903 [INFO] vk_bot: GZOV: отправка в чат 2000000012
2026-05-08 06:38:30,903 [INFO] vk_bot: upload_message_photo: начинаем загрузку, message_photo_path=photo574393629_457242358_b6eb5a82321fba1977
2026-05-08 06:38:30,904 [INFO] vk_bot: attachment уже готов: photo574393629_457242358_b6eb5a82321fba1977
2026-05-08 06:38:31,934 [INFO] vk_bot: GZOV: отправка в чат 2000000015
2026-05-08 06:38:31,934 [INFO] vk_bot: upload_message_photo: начинаем загрузку, message_photo_path=photo574393629_457242358_b6eb5a82321fba1977
2026-05-08 06:38:31,934 [INFO] vk_bot: attachment уже готов: photo574393629_457242358_b6eb5a82321fba1977
2026-05-08 06:38:32,456 [INFO] vk_bot: GZOV: отправка в чат 2000000016
2026-05-08 06:38:32,456 [INFO] vk_bot: upload_message_photo: начинаем загрузку, message_photo_path=photo574393629_457242358_b6eb5a82321fba1977
2026-05-08 06:38:32,456 [INFO] vk_bot: attachment уже готов: photo574393629_457242358_b6eb5a82321fba1977
2026-05-08 06:38:32,857 [WARNING] vk_bot: Chat 2000000016: ошибка доступа. Рассылка приостановлена.
2026-05-08 06:38:32,858 [WARNING] vk_bot: GZOV остановлен. Обработано чатов: 2
2026-05-08 07:03:49,447 [INFO] vk_bot: Создаю поток рассылки.
2026-05-08 07:03:49,448 [INFO] vk_bot: Рассылка запущена. Целевых чатов: 87
2026-05-08 07:03:49,449 [INFO] vk_bot: Рассылка: отправка в чат 2000000012
2026-05-08 07:03:49,449 [INFO] vk_bot: upload_message_photo: начинаем загрузку, message_photo_path=photo574393629_457242358_b6eb5a82321fba1977
2026-05-08 07:03:49,449 [INFO] vk_bot: attachment уже готов: photo574393629_457242358_b6eb5a82321fba1977
2026-05-08 07:03:49,992 [INFO] vk_bot: Рассылка: отправка в чат 2000000015
2026-05-08 07:03:49,992 [INFO] vk_bot: upload_message_photo: начинаем загрузку, message_photo_path=photo574393629_457242358_b6eb5a82321fba1977
2026-05-08 07:03:49,992 [INFO] vk_bot: attachment уже готов: photo574393629_457242358_b6eb5a82321fba1977
2026-05-08 07:03:50,406 [INFO] vk_bot: Chat 2000000015: удалён из списка рассылки (участник исключён из беседы)
2026-05-08 07:03:50,416 [INFO] vk_bot: Рассылка: отправка в чат 2000000016
2026-05-08 07:03:50,416 [INFO] vk_bot: upload_message_photo: начинаем загрузку, message_photo_path=photo574393629_457242358_b6eb5a82321fba1977
2026-05-08 07:03:50,416 [INFO] vk_bot: attachment уже готов: photo574393629_457242358_b6eb5a82321fba1977
2026-05-08 07:03:50,824 [WARNING] vk_bot: Chat 2000000016: ошибка доступа. Рассылка приостановлена.
2026-05-08 07:03:50,824 [WARNING] vk_bot: Рассылка остановлена: потерян доступ к чату 2000000016
2026-05-08 07:03:50,824 [WARNING] vk_bot: Рассылка приостановлена. Обработано чатов: 2
2026-05-08 07:33:49,590 [INFO] vk_bot: Создаю поток рассылки.
2026-05-08 07:33:49,591 [INFO] vk_bot: Рассылка запущена. Целевых чатов: 86
2026-05-08 07:33:49,591 [INFO] vk_bot: Рассылка: отправка в чат 2000000012
2026-05-08 07:33:49,591 [INFO] vk_bot: upload_message_photo: начинаем загрузку, message_photo_path=photo574393629_457242358_b6eb5a82321fba1977
2026-05-08 07:33:49,591 [INFO] vk_bot: attachment уже готов: photo574393629_457242358_b6eb5a82321fba1977
2026-05-08 07:33:50,256 [INFO] vk_bot: Рассылка: отправка в чат 2000000016
2026-05-08 07:33:50,257 [INFO] vk_bot: upload_message_photo: начинаем загрузку, message_photo_path=photo574393629_457242358_b6eb5a82321fba1977
2026-05-08 07:33:50,257 [INFO] vk_bot: attachment уже готов: photo574393629_457242358_b6eb5a82321fba1977
2026-05-08 07:33:50,666 [WARNING] vk_bot: Chat 2000000016: ошибка доступа. Рассылка приостановлена.
2026-05-08 07:33:50,666 [WARNING] vk_bot: Рассылка остановлена: потерян доступ к чату 2000000016
2026-05-08 07:33:50,666 [WARNING] vk_bot: Рассылка приостановлена. Обработано чатов: 1
2026-05-08 08:03:49,734 [INFO] vk_bot: Создаю поток рассылки.
2026-05-08 08:03:49,736 [INFO] vk_bot: Рассылка запущена. Целевых чатов: 86
2026-05-08 08:03:49,736 [INFO] vk_bot: Рассылка: отправка в чат 2000000012
2026-05-08 08:03:49,736 [INFO] vk_bot: upload_message_photo: начинаем загрузку, message_photo_path=photo574393629_457242358_b6eb5a82321fba1977
2026-05-08 08:03:49,736 [INFO] vk_bot: attachment уже готов: photo574393629_457242358_b6eb5a82321fba1977
2026-05-08 08:03:50,315 [INFO] vk_bot: Рассылка: отправка в чат 2000000016
2026-05-08 08:03:50,315 [INFO] vk_bot: upload_message_photo: начинаем загрузку, message_photo_path=photo574393629_457242358_b6eb5a82321fba1977
2026-05-08 08:03:50,315 [INFO] vk_bot: attachment уже готов: photo574393629_457242358_b6eb5a82321fba1977
2026-05-08 08:03:50,727 [WARNING] vk_bot: Chat 2000000016: ошибка доступа. Рассылка приостановлена.
2026-05-08 08:03:50,727 [WARNING] vk_bot: Рассылка остановлена: потерян доступ к чату 2000000016
2026-05-08 08:03:50,727 [WARNING] vk_bot: Рассылка приостановлена. Обработано чатов: 1
2026-05-08 08:33:49,881 [INFO] vk_bot: Создаю поток рассылки.
2026-05-08 08:33:49,882 [INFO] vk_bot: Рассылка запущена. Целевых чатов: 86
2026-05-08 08:33:49,882 [INFO] vk_bot: Рассылка: отправка в чат 2000000012
2026-05-08 08:33:49,883 [INFO] vk_bot: upload_message_photo: начинаем загрузку, message_photo_path=photo574393629_457242358_b6eb5a82321fba1977
2026-05-08 08:33:49,883 [INFO] vk_bot: attachment уже готов: photo574393629_457242358_b6eb5a82321fba1977
2026-05-08 08:33:50,441 [INFO] vk_bot: Рассылка: отправка в чат 2000000016
2026-05-08 08:33:50,441 [INFO] vk_bot: upload_message_photo: начинаем загрузку, message_photo_path=photo574393629_457242358_b6eb5a82321fba1977
2026-05-08 08:33:50,441 [INFO] vk_bot: attachment уже готов: photo574393629_457242358_b6eb5a82321fba1977
2026-05-08 08:33:50,843 [WARNING] vk_bot: Chat 2000000016: ошибка доступа. Рассылка приостановлена.
2026-05-08 08:33:50,844 [WARNING] vk_bot: Рассылка остановлена: потерян доступ к чату 2000000016
2026-05-08 08:33:50,844 [WARNING] vk_bot: Рассылка приостановлена. Обработано чатов: 1
2026-05-08 09:03:50,032 [INFO] vk_bot: Создаю поток рассылки.
2026-05-08 09:03:50,032 [INFO] vk_bot: Рассылка запущена. Целевых чатов: 86
2026-05-08 09:03:50,033 [INFO] vk_bot: Рассылка: отправка в чат 2000000012
2026-05-08 09:03:50,033 [INFO] vk_bot: upload_message_photo: начинаем загрузку, message_photo_path=photo574393629_457242358_b6eb5a82321fba1977
2026-05-08 09:03:50,033 [INFO] vk_bot: attachment уже готов: photo574393629_457242358_b6eb5a82321fba1977
2026-05-08 09:03:50,708 [INFO] vk_bot: Рассылка: отправка в чат 2000000016
2026-05-08 09:03:50,708 [INFO] vk_bot: upload_message_photo: начинаем загрузку, message_photo_path=photo574393629_457242358_b6eb5a82321fba1977
2026-05-08 09:03:50,708 [INFO] vk_bot: attachment уже готов: photo574393629_457242358_b6eb5a82321fba1977
2026-05-08 09:03:51,107 [WARNING] vk_bot: Chat 2000000016: ошибка доступа. Рассылка приостановлена.
2026-05-08 09:03:51,108 [WARNING] vk_bot: Рассылка остановлена: потерян доступ к чату 2000000016
2026-05-08 09:03:51,108 [WARNING] vk_bot: Рассылка приостановлена. Обработано чатов: 1
2026-05-08 09:33:50,185 [INFO] vk_bot: Создаю поток рассылки.
2026-05-08 09:33:50,186 [INFO] vk_bot: Рассылка запущена. Целевых чатов: 86
2026-05-08 09:33:50,187 [INFO] vk_bot: Рассылка: отправка в чат 2000000012
2026-05-08 09:33:50,187 [INFO] vk_bot: upload_message_photo: начинаем загрузку, message_photo_path=photo574393629_457242358_b6eb5a82321fba1977
2026-05-08 09:33:50,187 [INFO] vk_bot: attachment уже готов: photo574393629_457242358_b6eb5a82321fba1977
2026-05-08 09:33:50,898 [INFO] vk_bot: Рассылка: отправка в чат 2000000016
2026-05-08 09:33:50,898 [INFO] vk_bot: upload_message_photo: начинаем загрузку, message_photo_path=photo574393629_457242358_b6eb5a82321fba1977
2026-05-08 09:33:50,898 [INFO] vk_bot: attachment уже готов: photo574393629_457242358_b6eb5a82321fba1977
2026-05-08 09:33:51,319 [WARNING] vk_bot: Chat 2000000016: ошибка доступа. Рассылка приостановлена.
2026-05-08 09:33:51,320 [WARNING] vk_bot: Рассылка остановлена: потерян доступ к чату 2000000016
2026-05-08 09:33:51,320 [WARNING] vk_bot: Рассылка приостановлена. Обработано чатов: 1
2026-05-08 10:03:50,330 [INFO] vk_bot: Создаю поток рассылки.
2026-05-08 10:03:50,331 [INFO] vk_bot: Рассылка запущена. Целевых чатов: 86
2026-05-08 10:03:50,331 [INFO] vk_bot: Рассылка: отправка в чат 2000000012
2026-05-08 10:03:50,332 [INFO] vk_bot: upload_message_photo: начинаем загрузку, message_photo_path=photo574393629_457242358_b6eb5a82321fba1977
2026-05-08 10:03:50,332 [INFO] vk_bot: attachment уже готов: photo574393629_457242358_b6eb5a82321fba1977
2026-05-08 10:03:50,971 [INFO] vk_bot: Рассылка: отправка в чат 2000000016
2026-05-08 10:03:50,971 [INFO] vk_bot: upload_message_photo: начинаем загрузку, message_photo_path=photo574393629_457242358_b6eb5a82321fba1977
2026-05-08 10:03:50,971 [INFO] vk_bot: attachment уже готов: photo574393629_457242358_b6eb5a82321fba1977
2026-05-08 10:03:51,381 [WARNING] vk_bot: Chat 2000000016: ошибка доступа. Рассылка приостановлена.
2026-05-08 10:03:51,382 [WARNING] vk_bot: Рассылка остановлена: потерян доступ к чату 2000000016
2026-05-08 10:03:51,382 [WARNING] vk_bot: Рассылка приостановлена. Обработано чатов: 1
2026-05-08 10:33:50,470 [INFO] vk_bot: Создаю поток рассылки.
2026-05-08 10:33:50,472 [INFO] vk_bot: Рассылка запущена. Целевых чатов: 86
2026-05-08 10:33:50,472 [INFO] vk_bot: Рассылка: отправка в чат 2000000012
2026-05-08 10:33:50,472 [INFO] vk_bot: upload_message_photo: начинаем загрузку, message_photo_path=photo574393629_457242358_b6eb5a82321fba1977
2026-05-08 10:33:50,473 [INFO] vk_bot: attachment уже готов: photo574393629_457242358_b6eb5a82321fba1977
2026-05-08 10:33:51,023 [INFO] vk_bot: Рассылка: отправка в чат 2000000016
2026-05-08 10:33:51,023 [INFO] vk_bot: upload_message_photo: начинаем загрузку, message_photo_path=photo574393629_457242358_b6eb5a82321fba1977
2026-05-08 10:33:51,023 [INFO] vk_bot: attachment уже готов: photo574393629_457242358_b6eb5a82321fba1977
2026-05-08 10:33:51,498 [WARNING] vk_bot: Chat 2000000016: ошибка доступа. Рассылка приостановлена.
2026-05-08 10:33:51,498 [WARNING] vk_bot: Рассылка остановлена: потерян доступ к чату 2000000016
2026-05-08 10:33:51,498 [WARNING] vk_bot: Рассылка приостановлена. Обработано чатов: 1
